session_time_s,obs_duration_s,difference_s,output_timecode,output_bytes
0.002464,0.000000,-0.002464,00:00:00.000,472951
1.013426,0.433000,-0.580426,00:00:00.433,608265
2.017202,1.466000,-0.551202,00:00:01.466,811131
3.024351,2.466000,-0.558351,00:00:02.466,996877
4.038791,3.466000,-0.572791,00:00:03.466,1177867
5.055471,4.499000,-0.556471,00:00:04.499,1355241
6.057303,5.499000,-0.558303,00:00:05.499,1531078
7.061910,6.499000,-0.562910,00:00:06.499,1707078
8.069867,7.499000,-0.570867,00:00:07.499,2000957
9.075656,8.499000,-0.576656,00:00:08.499,2144682
10.090365,9.533000,-0.557365,00:00:09.533,2397258
11.096020,10.533000,-0.563020,00:00:10.533,2585093
12.098895,11.533000,-0.565895,00:00:11.533,2765498
13.101853,12.533000,-0.568853,00:00:12.533,2943903
14.115771,13.566000,-0.549771,00:00:13.566,3126507
15.118730,14.566000,-0.552730,00:00:14.566,3303144
16.121100,15.566000,-0.555100,00:00:15.566,3477580
17.132717,16.566000,-0.566717,00:00:16.566,3651441
18.139246,17.566000,-0.573246,00:00:17.566,3904085
19.142037,18.566000,-0.576037,00:00:18.566,4095006
20.158091,19.599000,-0.559091,00:00:19.599,4285271
21.159959,20.599000,-0.560959,00:00:20.599,4465777
22.161504,21.599000,-0.562504,00:00:21.599,4644531
23.175119,22.599000,-0.576119,00:00:22.599,4820343
24.191071,23.633000,-0.558071,00:00:23.633,5002503
25.206802,24.633000,-0.573802,00:00:24.633,5177576
26.222760,25.666000,-0.556760,00:00:25.666,5430644
27.236911,26.666000,-0.570911,00:00:26.666,5621862
28.249818,27.699000,-0.550818,00:00:27.699,5811283
29.251142,28.699000,-0.552142,00:00:28.699,5991712
30.253992,29.699000,-0.554992,00:00:29.699,6169588
31.255328,30.699000,-0.556328,00:00:30.699,6346306
32.268489,31.699000,-0.569489,00:00:31.699,6523024
33.271935,32.699000,-0.572935,00:00:32.699,6696907
34.275200,33.699000,-0.576200,00:00:33.699,6934138
35.280877,34.699000,-0.581877,00:00:34.699,7132110
36.282026,35.733000,-0.549026,00:00:35.733,7322930
37.286930,36.733000,-0.553930,00:00:36.733,7505370
38.292946,37.733000,-0.559946,00:00:37.733,7685339
39.305472,38.733000,-0.572472,00:00:38.733,7863541
40.308231,39.733000,-0.575231,00:00:39.733,8039958
41.311861,40.733000,-0.578861,00:00:40.733,8215716
42.313969,41.733000,-0.580969,00:00:41.733,8432752
43.317540,42.766000,-0.551540,00:00:42.766,8652004
44.320003,43.766000,-0.554003,00:00:43.766,8839752
45.322416,44.766000,-0.556416,00:00:44.766,9022064
46.335964,45.766000,-0.569964,00:00:45.766,9202248
47.337937,46.766000,-0.571937,00:00:46.766,9379995
48.354416,47.799000,-0.555416,00:00:47.799,9563965
49.360717,48.799000,-0.561717,00:00:48.799,9739154
50.362378,49.799000,-0.563378,00:00:49.799,9911569
51.367965,50.799000,-0.568965,00:00:50.799,10162797
52.369169,51.799000,-0.570169,00:00:51.799,10347793
53.375929,52.799000,-0.576929,00:00:52.799,10602903
54.383539,53.833000,-0.550539,00:00:53.833,10922649
55.386427,54.833000,-0.553427,00:00:54.833,11228303
56.402390,55.833000,-0.569390,00:00:55.833,11611980
57.404751,56.833000,-0.571751,00:00:56.833,12077973
58.413925,57.866000,-0.547925,00:00:57.866,12527890
59.416922,58.866000,-0.550922,00:00:58.866,12929094
60.423507,59.866000,-0.557507,00:00:59.866,13666435
61.431544,60.866000,-0.565544,00:01:00.866,14037731
62.433773,61.866000,-0.567773,00:01:01.866,14444703
63.437267,62.866000,-0.571267,00:01:02.866,14856641
64.445489,63.866000,-0.579489,00:01:03.866,15263050
65.447519,64.866000,-0.581519,00:01:04.866,15531496
66.455338,65.899000,-0.556338,00:01:05.899,15778340
67.460289,66.899000,-0.561289,00:01:06.899,15934599
68.467123,67.899000,-0.568123,00:01:07.899,16080767
69.482489,68.933000,-0.549489,00:01:08.933,16494892
70.491720,69.933000,-0.558720,00:01:09.933,16914943
71.495892,70.933000,-0.562892,00:01:10.933,17333105
72.507426,71.933000,-0.574426,00:01:11.933,17737142
73.512455,72.933000,-0.579455,00:01:12.933,18140273
74.525862,73.966000,-0.559862,00:01:13.966,18607960
75.535046,74.966000,-0.569046,00:01:14.966,19036670
76.549312,75.999000,-0.550312,00:01:15.999,19483198
77.563566,76.999000,-0.564566,00:01:16.999,19909795
78.579081,77.999000,-0.580081,00:01:17.999,20318847
79.582570,79.033000,-0.549570,00:01:19.033,20747600
80.589257,80.033000,-0.556257,00:01:20.033,21167754
81.595407,81.033000,-0.562407,00:01:21.033,21563598
82.597409,82.033000,-0.564409,00:01:22.033,21993540
83.601386,83.033000,-0.568386,00:01:23.033,22411405
84.617155,84.066000,-0.551155,00:01:24.066,22831862
85.633227,85.066000,-0.567227,00:01:25.066,23240934
86.634466,86.066000,-0.568466,00:01:26.066,23651870
87.647183,87.066000,-0.581183,00:01:27.066,24063773
88.660533,88.099000,-0.561533,00:01:28.099,24493936
89.663631,89.099000,-0.564631,00:01:29.099,24911103
90.679082,90.099000,-0.580082,00:01:30.099,25342804
91.695159,91.133000,-0.562159,00:01:31.133,25811354
92.697423,92.133000,-0.564423,00:01:32.133,26217227
93.699018,93.133000,-0.566018,00:01:33.133,26619350
94.703394,94.133000,-0.570394,00:01:34.133,27015021
95.707441,95.133000,-0.574441,00:01:35.133,27404953
96.722111,96.166000,-0.556111,00:01:36.166,27820221
97.727650,97.166000,-0.561650,00:01:37.166,28232665
98.739875,98.166000,-0.573875,00:01:38.166,28638208
99.755022,99.199000,-0.556022,00:01:39.199,29101606
100.757386,100.199000,-0.558386,00:01:40.199,29523070
101.762959,101.199000,-0.563959,00:01:41.199,29949927
102.769155,102.199000,-0.570155,00:01:42.199,30369832
103.775521,103.199000,-0.576521,00:01:43.199,30791609
104.790411,104.233000,-0.557411,00:01:44.233,31220519
105.807178,105.233000,-0.574178,00:01:45.233,31634075
106.810482,106.233000,-0.577482,00:01:46.233,32044525
107.815251,107.266000,-0.549251,00:01:47.266,32503379
108.817995,108.266000,-0.551995,00:01:48.266,32913290
109.823129,109.266000,-0.557129,00:01:49.266,33324705
110.836832,110.266000,-0.570832,00:01:50.266,33741256
111.840278,111.266000,-0.574278,00:01:51.266,34173180
112.849154,112.299000,-0.550154,00:01:52.299,34617790
113.857099,113.299000,-0.558099,00:01:53.299,35024069
114.868375,114.299000,-0.569375,00:01:54.299,35423882
115.877244,115.299000,-0.578244,00:01:55.299,35854173
116.884153,116.333000,-0.551153,00:01:56.333,36291393
117.885229,117.333000,-0.552229,00:01:57.333,36703216
118.890024,118.333000,-0.557024,00:01:58.333,37114963
119.895150,119.333000,-0.562150,00:01:59.333,37526200
120.900305,120.333000,-0.567305,00:02:00.333,37927884
121.910364,121.333000,-0.577364,00:02:01.333,38319287
122.913063,122.333000,-0.580063,00:02:02.333,38707109
123.921501,123.366000,-0.555501,00:02:03.366,39111552
124.923938,124.366000,-0.557938,00:02:04.366,39542005
125.938965,125.366000,-0.572965,00:02:05.366,39937657
126.939995,126.366000,-0.573995,00:02:06.366,40338446
127.955031,127.399000,-0.556031,00:02:07.399,40746787
128.962925,128.399000,-0.563925,00:02:08.399,41155682
129.968180,129.399000,-0.569180,00:02:09.399,41559499
130.973486,130.399000,-0.574486,00:02:10.399,41957861
131.981396,131.399000,-0.582396,00:02:11.399,42344529
132.990023,132.433000,-0.557023,00:02:12.433,42776191
133.993787,133.433000,-0.560787,00:02:13.433,43165723
135.001441,134.433000,-0.568441,00:02:14.433,43557784
136.003541,135.433000,-0.570541,00:02:15.433,43950864
137.008048,136.433000,-0.575048,00:02:16.433,44330463
138.013856,137.433000,-0.580856,00:02:17.433,44706658
139.019213,138.466000,-0.553213,00:02:18.466,45104108
140.025300,139.466000,-0.559300,00:02:19.466,45496588
141.030786,140.466000,-0.564786,00:02:20.466,45920697
142.035128,141.466000,-0.569128,00:02:21.466,46330538
143.036330,142.466000,-0.570330,00:02:22.466,46729267
144.041171,143.466000,-0.575171,00:02:23.466,47128907
145.047362,144.499000,-0.548362,00:02:24.499,47548425
146.062764,145.499000,-0.563764,00:02:25.499,47959528
147.067274,146.499000,-0.568274,00:02:26.499,48373960
148.070846,147.499000,-0.571846,00:02:27.499,48787314
149.073872,148.499000,-0.574872,00:02:28.499,49223001
150.079210,149.499000,-0.580210,00:02:29.499,49639066
151.081261,150.499000,-0.582261,00:02:30.499,50053470
152.088080,151.533000,-0.555080,00:02:31.533,50478276
153.093596,152.533000,-0.560596,00:02:32.533,50869964
154.096903,153.533000,-0.563903,00:02:33.533,51274155
155.108732,154.533000,-0.575732,00:02:34.533,51685610
156.114804,155.533000,-0.581804,00:02:35.533,52098890
157.131380,156.566000,-0.565380,00:02:36.566,52523268
158.147497,157.599000,-0.548497,00:02:37.599,52976941
159.163864,158.599000,-0.564864,00:02:38.599,53382203
160.165041,159.599000,-0.566041,00:02:39.599,53784275
161.170076,160.599000,-0.571076,00:02:40.599,54198252
162.176852,161.599000,-0.577852,00:02:41.599,54592759
163.192746,162.633000,-0.559746,00:02:42.633,55007991
164.195100,163.633000,-0.562100,00:02:43.633,55411521
165.205173,164.633000,-0.572173,00:02:44.633,55812290
166.208134,165.633000,-0.575134,00:02:45.633,56248477
167.212219,166.633000,-0.579219,00:02:46.633,56650463
168.228372,167.666000,-0.562372,00:02:47.666,57060746
169.229796,168.666000,-0.563796,00:02:48.666,57458131
170.235012,169.666000,-0.569012,00:02:49.666,57847935
171.242367,170.666000,-0.576367,00:02:50.666,58239505
172.255360,171.699000,-0.556360,00:02:51.699,58647815
173.258267,172.699000,-0.559267,00:02:52.699,59044998
174.271173,173.699000,-0.572173,00:02:53.699,59461332
175.272780,174.699000,-0.573780,00:02:54.699,59864137
176.286147,175.733000,-0.553147,00:02:55.733,60289351
177.301083,176.733000,-0.568083,00:02:56.733,60702397
178.317051,177.766000,-0.551051,00:02:57.766,61121982
179.318471,178.766000,-0.552471,00:02:58.766,61533489
180.327357,179.766000,-0.561357,00:02:59.766,61950064
181.334413,180.766000,-0.568413,00:03:00.766,62360310
182.350880,181.799000,-0.551880,00:03:01.799,62781486
183.352578,182.799000,-0.553578,00:03:02.799,63224633
184.362710,183.799000,-0.563710,00:03:03.799,63627763
185.367116,184.799000,-0.568116,00:03:04.799,64032924
186.374417,185.799000,-0.575417,00:03:05.799,64426619
187.378501,186.799000,-0.579501,00:03:06.799,64824786
188.383591,187.833000,-0.550591,00:03:07.833,65248674
189.389366,188.833000,-0.556366,00:03:08.833,65673585
190.396037,189.833000,-0.563037,00:03:09.833,66099055
191.399526,190.833000,-0.566526,00:03:10.833,66552452
192.403675,191.833000,-0.570675,00:03:11.833,66944639
193.408454,192.833000,-0.575454,00:03:12.833,67335068
194.423695,193.866000,-0.557695,00:03:13.866,67747707
195.431096,194.866000,-0.565096,00:03:14.866,68161466
196.444283,195.866000,-0.578283,00:03:15.866,68561701
197.449204,196.899000,-0.550204,00:03:16.899,68981824
198.454948,197.899000,-0.555948,00:03:17.899,69377049
199.465030,198.899000,-0.566030,00:03:18.899,69802083
200.469324,199.899000,-0.570324,00:03:19.899,70187524
201.477235,200.899000,-0.578235,00:03:20.899,70570373
202.485131,201.933000,-0.552131,00:03:21.933,70983360
203.495386,202.933000,-0.562386,00:03:22.933,71382909
204.502911,203.933000,-0.569911,00:03:23.933,71800905
205.512724,204.933000,-0.579724,00:03:24.933,72200298
206.513932,205.966000,-0.547932,00:03:25.966,72624534
207.521827,206.966000,-0.555827,00:03:26.966,73052010
208.527039,207.966000,-0.561039,00:03:27.966,73492369
209.529165,208.966000,-0.563165,00:03:28.966,73906010
210.534930,209.966000,-0.568930,00:03:29.966,74301660
211.542880,210.966000,-0.576880,00:03:30.966,74702715
212.558348,211.999000,-0.559348,00:03:31.999,75133027
213.565232,212.999000,-0.566232,00:03:32.999,75549244
214.568481,213.999000,-0.569481,00:03:33.999,75948061
215.573232,214.999000,-0.574232,00:03:34.999,76339318
216.582453,216.033000,-0.549453,00:03:36.033,76782669
217.597872,217.033000,-0.564872,00:03:37.033,77178656
218.610470,218.033000,-0.577470,00:03:38.033,77582620
219.614027,219.033000,-0.581027,00:03:39.033,77994589
220.630062,220.066000,-0.564062,00:03:40.066,78406335
221.643672,221.066000,-0.577672,00:03:41.066,78808564
222.656952,222.099000,-0.557952,00:03:42.099,79238225
223.658195,223.099000,-0.559195,00:03:43.099,79659532
224.672887,224.099000,-0.573887,00:03:44.099,80121826
225.679696,225.099000,-0.580696,00:03:45.099,80555440
226.694868,226.133000,-0.561868,00:03:46.133,81005222
227.710329,227.133000,-0.577329,00:03:47.133,81426631
228.725330,228.166000,-0.559330,00:03:48.166,81858504
229.737101,229.166000,-0.571101,00:03:49.166,82284242
230.742403,230.166000,-0.576403,00:03:50.166,82693127
231.743650,231.166000,-0.577650,00:03:51.166,83073080
232.749074,232.199000,-0.550074,00:03:52.199,83829922
233.751589,233.199000,-0.552589,00:03:53.199,84214387
234.757201,234.199000,-0.558201,00:03:54.199,84629397
235.759005,235.199000,-0.560005,00:03:55.199,85048503
236.769217,236.199000,-0.570217,00:03:56.199,85451998
237.784564,237.233000,-0.551564,00:03:57.233,85885691
238.799122,238.233000,-0.566122,00:03:58.233,86293778
239.801048,239.233000,-0.568048,00:03:59.233,86702933
240.816083,240.266000,-0.550083,00:04:00.266,87145510
241.820286,241.266000,-0.554286,00:04:01.266,87555508
242.835408,242.266000,-0.569408,00:04:02.266,87971632
243.848525,243.299000,-0.549525,00:04:03.299,88390519
244.863775,244.299000,-0.564775,00:04:04.299,88799658
245.865164,245.299000,-0.566164,00:04:05.299,89215272
246.879205,246.299000,-0.580205,00:04:06.299,89621549
247.893255,247.333000,-0.560255,00:04:07.333,90036008
248.905993,248.333000,-0.572993,00:04:08.333,90430164
249.907314,249.333000,-0.574314,00:04:09.333,90859578
250.908697,250.333000,-0.575697,00:04:10.333,91238221
251.924349,251.366000,-0.558349,00:04:11.366,91604161
252.928278,252.366000,-0.562278,00:04:12.366,91983343
253.932757,253.366000,-0.566757,00:04:13.366,92359931
254.948374,254.399000,-0.549374,00:04:14.399,92755004
255.952654,255.399000,-0.553654,00:04:15.399,93136823
256.953994,256.399000,-0.554994,00:04:16.399,93519439
257.957164,257.399000,-0.558164,00:04:17.399,93952379
258.960935,258.399000,-0.561935,00:04:18.399,94358253
259.976111,259.399000,-0.577111,00:04:19.399,94744974
260.990625,260.433000,-0.557625,00:04:20.433,95150807
261.995344,261.433000,-0.562344,00:04:21.433,95550466
262.998183,262.433000,-0.565183,00:04:22.433,95963951
264.012935,263.433000,-0.579935,00:04:23.433,96355431
265.016554,264.466000,-0.550554,00:04:24.466,96757583
266.031853,265.466000,-0.565853,00:04:25.466,97169173
267.035340,266.466000,-0.569340,00:04:26.466,97557849
268.039188,267.466000,-0.573188,00:04:27.466,97951216
269.041046,268.466000,-0.575046,00:04:28.466,98302232
270.045333,269.466000,-0.579333,00:04:29.466,98663126
271.048539,270.499000,-0.549539,00:04:30.499,99063892
272.050851,271.499000,-0.551851,00:04:31.499,99444039
273.051756,272.499000,-0.552756,00:04:32.499,99847200
274.053926,273.499000,-0.554926,00:04:33.499,100264554
275.067182,274.499000,-0.568182,00:04:34.499,100679857
276.081879,275.533000,-0.548879,00:04:35.533,101083666
277.096179,276.533000,-0.563179,00:04:36.533,101471458
278.097996,277.533000,-0.564996,00:04:37.533,101870890
279.112887,278.533000,-0.579887,00:04:38.533,102262668
280.128168,279.566000,-0.562168,00:04:39.566,102655938
281.141875,280.566000,-0.575875,00:04:40.566,103057160
282.158093,281.599000,-0.559093,00:04:41.599,103473206
283.171689,282.599000,-0.572689,00:04:42.599,103897532
284.172937,283.599000,-0.573937,00:04:43.599,104301100
285.185865,284.633000,-0.552865,00:04:44.633,104710085
286.200705,285.633000,-0.567705,00:04:45.633,105088927
287.211726,286.633000,-0.578726,00:04:46.633,105451904
288.226128,287.666000,-0.560128,00:04:47.666,105847544
289.240845,288.666000,-0.574845,00:04:48.666,106241931
290.256212,289.699000,-0.557212,00:04:49.699,106626309
291.268461,290.699000,-0.569461,00:04:50.699,107040712
292.281416,291.699000,-0.582416,00:04:51.699,107441754
293.293577,292.733000,-0.560577,00:04:52.733,107861609
294.303483,293.733000,-0.570483,00:04:53.733,108263767
295.316037,294.766000,-0.550037,00:04:54.766,108671105
296.330679,295.766000,-0.564679,00:04:55.766,109056939
297.346073,296.799000,-0.547073,00:04:56.799,109500262
298.361662,297.799000,-0.562662,00:04:57.799,109921238
299.377455,298.799000,-0.578455,00:04:58.799,110361419
300.378896,299.833000,-0.545896,00:04:59.833,110794160
301.391812,300.833000,-0.558812,00:05:00.833,111192523
302.407628,301.833000,-0.574628,00:05:01.833,111595264
303.422378,302.866000,-0.556378,00:05:02.866,112007143
304.425937,303.866000,-0.559937,00:05:03.866,112387078
305.427280,304.866000,-0.561280,00:05:04.866,112763555
306.437118,305.866000,-0.571118,00:05:05.866,113134733
307.449269,306.899000,-0.550269,00:05:06.899,113533727
308.462136,307.899000,-0.563136,00:05:07.899,113916110
309.476920,308.899000,-0.577920,00:05:08.899,114290327
310.490666,309.933000,-0.557666,00:05:09.933,114667755
311.503919,310.933000,-0.570919,00:05:10.933,115021514
312.519052,311.966000,-0.553052,00:05:11.966,115401934
313.534015,312.966000,-0.568015,00:05:12.966,115772710
314.549111,313.999000,-0.550111,00:05:13.999,116156300
315.565182,314.999000,-0.566182,00:05:14.999,116534004
316.567303,315.999000,-0.568303,00:05:15.999,116943093
317.569282,316.999000,-0.570282,00:05:16.999,117320395
318.572585,317.999000,-0.573585,00:05:17.999,117690561
319.588290,319.033000,-0.555290,00:05:19.033,118071879
320.605474,320.033000,-0.572474,00:05:20.033,118451278
321.607503,321.033000,-0.574503,00:05:21.033,118831015
322.613712,322.033000,-0.580712,00:05:22.033,119195468
323.615025,323.033000,-0.582025,00:05:23.033,119572580
324.630524,324.066000,-0.564524,00:05:24.066,119986297
325.632424,325.066000,-0.566424,00:05:25.066,120345725
326.635947,326.066000,-0.569947,00:05:26.066,120708882
327.641708,327.066000,-0.575708,00:05:27.066,121095536
328.647285,328.099000,-0.548285,00:05:28.099,121487856
329.662735,329.099000,-0.563735,00:05:29.099,121866374
330.675903,330.099000,-0.576903,00:05:30.099,122231026
331.690429,331.133000,-0.557429,00:05:31.133,122630904
332.693743,332.133000,-0.560743,00:05:32.133,123030210
333.699943,333.133000,-0.566943,00:05:33.133,123386209
334.708091,334.133000,-0.575091,00:05:34.133,123745711
335.717939,335.166000,-0.551939,00:05:35.166,124134584
336.721963,336.166000,-0.555963,00:05:36.166,124493187
337.726132,337.166000,-0.560132,00:05:37.166,124853808
338.740474,338.166000,-0.574474,00:05:38.166,125219605
339.742426,339.166000,-0.576426,00:05:39.166,125556927
340.748669,340.199000,-0.549669,00:05:40.199,125977810
341.755218,341.199000,-0.556218,00:05:41.199,126338847
342.759736,342.199000,-0.560736,00:05:42.199,126699100
343.760895,343.199000,-0.561895,00:05:43.199,127066854
344.777030,344.199000,-0.578030,00:05:44.199,127421429
345.792645,345.233000,-0.559645,00:05:45.233,127798829
346.808930,346.233000,-0.575930,00:05:46.233,128177283
347.822515,347.266000,-0.556515,00:05:47.266,128573009
348.823846,348.266000,-0.557846,00:05:48.266,128929906
349.839780,349.266000,-0.573780,00:05:49.266,129327245
350.853688,350.299000,-0.554688,00:05:50.299,129696009
351.855412,351.299000,-0.556412,00:05:51.299,130034503
352.869954,352.299000,-0.570954,00:05:52.299,130375839
353.884755,353.333000,-0.551755,00:05:53.333,130738034
354.885818,354.333000,-0.552818,00:05:54.333,131105289
355.898292,355.333000,-0.565292,00:05:55.333,131458175
356.899757,356.333000,-0.566757,00:05:56.333,131808977
357.912494,357.366000,-0.546494,00:05:57.366,132188711
358.926171,358.366000,-0.560171,00:05:58.366,132532751
359.937405,359.366000,-0.571405,00:05:59.366,132875116
360.947019,360.366000,-0.581019,00:06:00.366,133233603
361.959317,361.399000,-0.560317,00:06:01.399,133594847
362.974178,362.399000,-0.575178,00:06:02.399,133953847
363.988045,363.433000,-0.555045,00:06:03.433,134322266
364.989317,364.433000,-0.556317,00:06:04.433,134663655
366.003541,365.433000,-0.570541,00:06:05.433,135057827
367.016058,366.466000,-0.550058,00:06:06.466,135434830
368.030878,367.466000,-0.564878,00:06:07.466,135793745
369.044806,368.466000,-0.578806,00:06:08.466,136162461
370.058125,369.499000,-0.559125,00:06:09.499,136528725
371.059334,370.499000,-0.560334,00:06:10.499,136885758
372.060379,371.499000,-0.561379,00:06:11.499,137246427
373.072474,372.499000,-0.573474,00:06:12.499,137598658
374.087056,373.533000,-0.554056,00:06:13.533,137984476
375.089266,374.533000,-0.556266,00:06:14.533,138359458
376.090576,375.533000,-0.557576,00:06:15.533,138722573
377.102318,376.533000,-0.569318,00:06:16.533,139112745
378.113766,377.533000,-0.580766,00:06:17.533,139482239
379.115914,378.566000,-0.549914,00:06:18.566,139862369
380.131353,379.566000,-0.565353,00:06:19.566,140228847
381.147212,380.599000,-0.548212,00:06:20.599,140613401
382.163532,381.599000,-0.564532,00:06:21.599,140984901
383.179069,382.599000,-0.580069,00:06:22.599,141403466
384.194867,383.633000,-0.561867,00:06:23.633,141795508
385.208499,384.633000,-0.575499,00:06:24.633,142171382
386.213884,385.633000,-0.580884,00:06:25.633,142554945
387.218141,386.666000,-0.552141,00:06:26.666,142918943
388.222890,387.666000,-0.556890,00:06:27.666,143276230
389.228721,388.666000,-0.562721,00:06:28.666,143624222
390.230614,389.666000,-0.564614,00:06:29.666,144000409
391.232858,390.666000,-0.566858,00:06:30.666,144411192
392.237396,391.666000,-0.571396,00:06:31.666,144774355
393.252169,392.699000,-0.553169,00:06:32.699,145166580
394.259131,393.699000,-0.560131,00:06:33.699,145537404
395.264697,394.699000,-0.565697,00:06:34.699,145918867
396.269775,395.699000,-0.570775,00:06:35.699,146288939
397.273899,396.699000,-0.574899,00:06:36.699,146664774
398.275087,397.699000,-0.576087,00:06:37.699,147025988
399.290624,398.733000,-0.557624,00:06:38.733,147432553
400.300485,399.733000,-0.567485,00:06:39.733,147813922
401.305112,400.733000,-0.572112,00:06:40.733,148158195
402.318746,401.766000,-0.552746,00:06:41.766,148512940
403.321753,402.766000,-0.555753,00:06:42.766,148887236
404.328563,403.766000,-0.562563,00:06:43.766,149268501
405.337147,404.766000,-0.571147,00:06:44.766,149657573
406.342507,405.766000,-0.576507,00:06:45.766,150054790
407.352147,406.799000,-0.553147,00:06:46.799,150479710
408.368469,407.799000,-0.569469,00:06:47.799,150917112
409.380459,408.799000,-0.581459,00:06:48.799,151308390
410.385476,409.833000,-0.552476,00:06:49.833,151705552
411.387061,410.833000,-0.554061,00:06:50.833,152087781
412.395451,411.833000,-0.562451,00:06:51.833,152473073
413.401531,412.833000,-0.568531,00:06:52.833,152869952
414.411676,413.833000,-0.578676,00:06:53.833,153263704
415.418925,414.866000,-0.552925,00:06:54.866,153669983
416.424994,415.866000,-0.558994,00:06:55.866,154102131
417.435992,416.866000,-0.569992,00:06:56.866,154498713
418.439942,417.866000,-0.573942,00:06:57.866,154889129
419.446342,418.866000,-0.580342,00:06:58.866,155274535
420.461556,419.899000,-0.562556,00:06:59.899,155688892
421.465584,420.899000,-0.566584,00:07:00.899,156098859
422.470870,421.899000,-0.571870,00:07:01.899,156507807
423.480568,422.899000,-0.581568,00:07:02.899,156914941
424.482295,423.933000,-0.549295,00:07:03.933,157373336
425.486255,424.933000,-0.553255,00:07:04.933,157780102
426.501666,425.933000,-0.568666,00:07:05.933,158174382
427.508623,426.933000,-0.575623,00:07:06.933,158557205
428.521642,427.966000,-0.555642,00:07:07.966,158937254
429.536982,428.966000,-0.570982,00:07:08.966,159313144
430.546119,429.966000,-0.580119,00:07:09.966,159713875
431.548082,430.966000,-0.582082,00:07:10.966,160094077
432.563743,431.999000,-0.564743,00:07:11.999,160493376
433.577085,432.999000,-0.578085,00:07:12.999,160885444
434.578592,433.999000,-0.579592,00:07:13.999,161267989
435.592677,435.033000,-0.559677,00:07:15.033,161654817
436.608451,436.033000,-0.575451,00:07:16.033,162045771
437.611858,437.033000,-0.578858,00:07:17.033,162443836
438.627157,438.066000,-0.561157,00:07:18.066,162855822
439.642180,439.066000,-0.576180,00:07:19.066,163241881
440.655982,440.099000,-0.556982,00:07:20.099,163640779
441.670567,441.099000,-0.571567,00:07:21.099,164018515
442.686389,442.133000,-0.553389,00:07:22.133,164399317
443.689769,443.133000,-0.556769,00:07:23.133,164759694
444.701547,444.133000,-0.568547,00:07:24.133,165140048
445.715013,445.133000,-0.582013,00:07:25.133,165518029
446.726822,446.166000,-0.560822,00:07:26.166,165915530
447.736234,447.166000,-0.570234,00:07:27.166,166296576
448.750699,448.199000,-0.551699,00:07:28.199,166708302
449.763508,449.199000,-0.564508,00:07:29.199,167132413
450.777154,450.233000,-0.544154,00:07:30.233,167508971
451.790895,451.233000,-0.557895,00:07:31.233,167886200
452.804947,452.233000,-0.571947,00:07:32.233,168247099
453.818383,453.266000,-0.552383,00:07:33.266,168635619
454.831973,454.266000,-0.565973,00:07:34.266,169015688
455.844992,455.266000,-0.578992,00:07:35.266,169375621
456.847213,456.266000,-0.581213,00:07:36.266,169749586
457.858385,457.299000,-0.559385,00:07:37.299,170189950
458.870280,458.299000,-0.571280,00:07:38.299,170581261
459.883494,459.333000,-0.550494,00:07:39.333,170986769
460.896908,460.333000,-0.563908,00:07:40.333,171370049
461.898555,461.333000,-0.565555,00:07:41.333,171748134
462.903798,462.333000,-0.570798,00:07:42.333,172130462
463.919229,463.366000,-0.553229,00:07:43.366,172520833
464.935354,464.366000,-0.569354,00:07:44.366,172905015
465.940265,465.366000,-0.574265,00:07:45.366,173326953
466.956409,466.399000,-0.557409,00:07:46.399,173734226
467.960194,467.399000,-0.561194,00:07:47.399,174125820
468.964309,468.399000,-0.565309,00:07:48.399,174524175
469.969590,469.399000,-0.570590,00:07:49.399,174915916
470.973684,470.399000,-0.574684,00:07:50.399,175304650
471.979780,471.399000,-0.580780,00:07:51.399,175709284
472.986843,472.433000,-0.553843,00:07:52.433,176105519
473.993765,473.433000,-0.560765,00:07:53.433,176493612
475.003579,474.433000,-0.570579,00:07:54.433,176929262
476.010723,475.433000,-0.577723,00:07:55.433,177322244
477.014004,476.433000,-0.581004,00:07:56.433,177727269
478.019702,477.466000,-0.553702,00:07:57.466,178142073
479.023797,478.466000,-0.557797,00:07:58.466,178538342
480.028593,479.466000,-0.562593,00:07:59.466,178947825
481.036121,480.466000,-0.570121,00:08:00.466,179362099
482.045422,481.466000,-0.579422,00:08:01.466,179766062
483.053839,482.499000,-0.554839,00:08:02.499,180222973
484.060672,483.499000,-0.561672,00:08:03.499,180635511
485.067670,484.499000,-0.568670,00:08:04.499,181052377
486.073908,485.499000,-0.574908,00:08:05.499,181481304
487.081699,486.499000,-0.582699,00:08:06.499,181907279
488.089856,487.533000,-0.556856,00:08:07.533,182340667
489.095341,488.533000,-0.562341,00:08:08.533,182738574
490.096508,489.533000,-0.563508,00:08:09.533,183131318
491.099465,490.533000,-0.566465,00:08:10.533,183539629
492.104930,491.533000,-0.571930,00:08:11.533,183903764
493.112863,492.533000,-0.579863,00:08:12.533,184281654
494.118267,493.566000,-0.552267,00:08:13.566,184659167
495.124928,494.566000,-0.558928,00:08:14.566,185035242
496.131901,495.566000,-0.565901,00:08:15.566,185434183
497.136173,496.566000,-0.570173,00:08:16.566,185822663
498.140237,497.566000,-0.574237,00:08:17.566,186208936
499.155353,498.599000,-0.556353,00:08:18.599,186659503
500.161542,499.599000,-0.562542,00:08:19.599,187064288
501.167980,500.599000,-0.568980,00:08:20.599,187476320
502.171784,501.599000,-0.572784,00:08:21.599,187871552
503.174415,502.599000,-0.575415,00:08:22.599,188270549
504.176163,503.599000,-0.577163,00:08:23.599,188668900
505.179499,504.633000,-0.546499,00:08:24.633,189057180
506.182138,505.633000,-0.549138,00:08:25.633,189448749
507.183732,506.633000,-0.550732,00:08:26.633,189833680
508.187682,507.633000,-0.554682,00:08:27.633,190277142
509.189489,508.633000,-0.556489,00:08:28.633,190682247
510.191159,509.633000,-0.558159,00:08:29.633,191088548
511.204924,510.633000,-0.571924,00:08:30.633,191492910
512.208442,511.633000,-0.575442,00:08:31.633,191886022
513.220544,512.666000,-0.554544,00:08:32.666,192291159
514.236009,513.666000,-0.570009,00:08:33.666,192689524
515.240471,514.666000,-0.574471,00:08:34.666,193086888
516.244966,515.666000,-0.578966,00:08:35.666,193526511
517.250448,516.699000,-0.551448,00:08:36.699,193936604
518.254919,517.699000,-0.555919,00:08:37.699,194336939
519.268936,518.699000,-0.569936,00:08:38.699,194727409
520.284807,519.733000,-0.551807,00:08:39.733,195134293
521.286257,520.733000,-0.553257,00:08:40.733,195508164
522.300780,521.733000,-0.567780,00:08:41.733,195907916
523.301922,522.733000,-0.568922,00:08:42.733,196318868
524.304957,523.733000,-0.571957,00:08:43.733,196756512
525.309973,524.733000,-0.576973,00:08:44.733,197145078
526.315148,525.733000,-0.582148,00:08:45.733,197540704
527.317327,526.766000,-0.551327,00:08:46.766,197935843
528.320382,527.766000,-0.554382,00:08:47.766,198337794
529.322049,528.766000,-0.556049,00:08:48.766,198739535
530.338051,529.766000,-0.572051,00:08:49.766,199130308
531.345162,530.766000,-0.579162,00:08:50.766,199517979
532.346446,531.766000,-0.580446,00:08:51.766,199907714
533.362976,532.799000,-0.563976,00:08:52.799,200338528
534.369477,533.799000,-0.570477,00:08:53.799,200710163
535.375849,534.799000,-0.576849,00:08:54.799,201086635
536.391529,535.833000,-0.558529,00:08:55.833,201486493
537.398932,536.833000,-0.565932,00:08:56.833,201874102
538.407060,537.833000,-0.574060,00:08:57.833,202272094
539.411345,538.833000,-0.578345,00:08:58.833,202672711
540.427258,539.866000,-0.561258,00:08:59.866,203109836
541.442769,540.866000,-0.576769,00:09:00.866,203536741
542.450858,541.899000,-0.551858,00:09:01.899,203944137
543.463451,542.899000,-0.564451,00:09:02.899,204344929
544.474064,543.899000,-0.575064,00:09:03.899,204736363
545.478816,544.899000,-0.579816,00:09:04.899,205147850
546.484977,545.933000,-0.551977,00:09:05.933,205560536
547.494185,546.933000,-0.561185,00:09:06.933,205941129
548.500240,547.933000,-0.567240,00:09:07.933,206335646
549.505104,548.933000,-0.572104,00:09:08.933,206767583
550.511774,549.966000,-0.545774,00:09:09.966,207181733
551.520649,550.966000,-0.554649,00:09:10.966,207546872
552.528792,551.966000,-0.562792,00:09:11.966,207897983
553.533632,552.966000,-0.567632,00:09:12.966,208282820
554.542673,553.966000,-0.576673,00:09:13.966,208653319
555.550765,554.999000,-0.551765,00:09:14.999,209055804
556.566578,555.999000,-0.567578,00:09:15.999,209428637
557.573660,556.999000,-0.574660,00:09:16.999,209833617
558.580917,557.999000,-0.581917,00:09:17.999,210237595
559.592823,559.033000,-0.559823,00:09:19.033,210626862
560.602406,560.033000,-0.569406,00:09:20.033,211010152
561.612564,561.033000,-0.579564,00:09:21.033,211406955
562.615130,562.066000,-0.549130,00:09:22.066,211806323
563.620540,563.066000,-0.554540,00:09:23.066,212219746
564.628800,564.066000,-0.562800,00:09:24.066,212608666
565.637805,565.066000,-0.571805,00:09:25.066,213000328
566.643522,566.066000,-0.577522,00:09:26.066,213437650
567.652875,567.099000,-0.553875,00:09:27.099,213834523
568.662502,568.099000,-0.563502,00:09:28.099,214218666
569.665108,569.099000,-0.566108,00:09:29.099,214596096
570.668369,570.099000,-0.569369,00:09:30.099,214979096
571.682760,571.133000,-0.549760,00:09:31.133,215375636
572.689721,572.133000,-0.556721,00:09:32.133,215760341
573.691673,573.133000,-0.558673,00:09:33.133,216161370
574.700931,574.133000,-0.567931,00:09:34.133,216597223
575.707380,575.133000,-0.574380,00:09:35.133,216971030
576.711572,576.133000,-0.578572,00:09:36.133,217357615
577.726908,577.166000,-0.560908,00:09:37.166,217761514
578.734769,578.166000,-0.568769,00:09:38.166,218159930
579.736034,579.166000,-0.570034,00:09:39.166,218555759
580.750487,580.199000,-0.551487,00:09:40.199,218975403
581.752483,581.199000,-0.553483,00:09:41.199,219363030
582.768450,582.199000,-0.569450,00:09:42.199,219762133
583.777385,583.199000,-0.578385,00:09:43.199,220158067
584.779057,584.199000,-0.580057,00:09:44.199,220537317
585.794707,585.233000,-0.561707,00:09:45.233,220948213
586.800231,586.233000,-0.567231,00:09:46.233,221342995
587.804979,587.233000,-0.571979,00:09:47.233,221729674
588.806783,588.233000,-0.573783,00:09:48.233,222118909
589.819327,589.266000,-0.553327,00:09:49.266,222515067
590.824182,590.266000,-0.558182,00:09:50.266,222894692
591.826126,591.266000,-0.560126,00:09:51.266,223274294
592.831000,592.266000,-0.565000,00:09:52.266,223655648
593.834931,593.266000,-0.568931,00:09:53.266,224033345
594.850801,594.299000,-0.551801,00:09:54.299,224441994
595.866833,595.299000,-0.567833,00:09:55.299,224822844
596.875246,596.299000,-0.576246,00:09:56.299,225197440
597.878100,597.299000,-0.579100,00:09:57.299,225585668
598.893236,598.333000,-0.560236,00:09:58.333,225991333
599.895918,599.333000,-0.562918,00:09:59.333,226410200
600.910048,600.333000,-0.577048,00:10:00.333,226802114
601.911320,601.333000,-0.578320,00:10:01.333,227190257
602.915054,602.333000,-0.582054,00:10:02.333,227590957
603.918494,603.366000,-0.552494,00:10:03.366,227997018
604.921132,604.366000,-0.555132,00:10:04.366,228398936
605.928131,605.366000,-0.562131,00:10:05.366,228792987
606.930811,606.366000,-0.564811,00:10:06.366,229186795
607.937680,607.366000,-0.571680,00:10:07.366,229638339
608.952330,608.399000,-0.553330,00:10:08.399,230073222
609.967752,609.399000,-0.568752,00:10:09.399,230471091
610.970671,610.399000,-0.571671,00:10:10.399,230868907
611.977904,611.399000,-0.578904,00:10:11.399,231256691
612.985703,612.433000,-0.552703,00:10:12.433,231658721
613.987529,613.433000,-0.554529,00:10:13.433,232039968
614.990993,614.433000,-0.557993,00:10:14.433,232429304
615.993705,615.433000,-0.560705,00:10:15.433,232878127
616.999932,616.433000,-0.566932,00:10:16.433,233291571
618.003242,617.433000,-0.570242,00:10:17.433,233713876
619.006522,618.433000,-0.573522,00:10:18.433,234106217
620.012048,619.433000,-0.579048,00:10:19.433,234515394
621.022426,620.466000,-0.556426,00:10:20.466,234936762
622.023558,621.466000,-0.557558,00:10:21.466,235339313
623.028353,622.466000,-0.562353,00:10:22.466,235727407
624.035583,623.466000,-0.569583,00:10:23.466,236119211
625.050583,624.499000,-0.551583,00:10:24.499,236549778
626.065031,625.499000,-0.566031,00:10:25.499,236934385
627.072363,626.499000,-0.573363,00:10:26.499,237304841
628.076990,627.533000,-0.543990,00:10:27.533,237704653
629.087773,628.533000,-0.554773,00:10:28.533,238093862
630.094842,629.533000,-0.561842,00:10:29.533,238500068
631.099360,630.533000,-0.566360,00:10:30.533,238891741
632.110446,631.566000,-0.544446,00:10:31.566,239304344
633.117152,632.566000,-0.551152,00:10:32.566,239726986
634.130919,633.566000,-0.564919,00:10:33.566,240113263
635.138658,634.566000,-0.572658,00:10:34.566,240496780
636.145092,635.566000,-0.579092,00:10:35.566,240885024
637.146692,636.599000,-0.547692,00:10:36.599,241265462
638.150275,637.599000,-0.551275,00:10:37.599,241636110
639.158266,638.599000,-0.559266,00:10:38.599,242007275
640.163689,639.599000,-0.564689,00:10:39.599,242364069
641.165091,640.599000,-0.566091,00:10:40.599,242777957
642.171767,641.599000,-0.572767,00:10:41.599,243132372
643.176657,642.599000,-0.577657,00:10:42.599,243511268
644.179486,643.599000,-0.580486,00:10:43.599,243887245
645.195060,644.633000,-0.562060,00:10:44.633,244269733
646.200649,645.633000,-0.567649,00:10:45.633,244637820
647.205247,646.633000,-0.572247,00:10:46.633,245032309
648.209018,647.633000,-0.576018,00:10:47.633,245421354
649.214090,648.633000,-0.581090,00:10:48.633,245824240
650.229436,649.666000,-0.563436,00:10:49.666,246216794
651.233080,650.666000,-0.567080,00:10:50.666,246591525
652.237662,651.666000,-0.571662,00:10:51.666,246976765
653.240367,652.666000,-0.574367,00:10:52.666,247372702
654.256936,653.699000,-0.557936,00:10:53.699,247762321
655.261523,654.699000,-0.562523,00:10:54.699,248160016
656.262867,655.699000,-0.563867,00:10:55.699,248537475
657.264186,656.699000,-0.565186,00:10:56.699,248908394
658.268676,657.699000,-0.569676,00:10:57.699,249309260
659.281834,658.699000,-0.582834,00:10:58.699,249720987
660.295093,659.733000,-0.562093,00:10:59.733,250128532
661.300140,660.733000,-0.567140,00:11:00.733,250524920
662.301973,661.733000,-0.568973,00:11:01.733,250894636
663.316197,662.766000,-0.550197,00:11:02.766,251281659
664.330527,663.766000,-0.564527,00:11:03.766,251657417
665.332322,664.766000,-0.566322,00:11:04.766,252034120
666.346323,665.766000,-0.580323,00:11:05.766,252439828
667.350514,666.799000,-0.551514,00:11:06.799,252819694
668.367173,667.799000,-0.568173,00:11:07.799,253201441
669.378964,668.833000,-0.545964,00:11:08.833,253593037
670.394952,669.833000,-0.561952,00:11:09.833,253986385
671.398606,670.833000,-0.565606,00:11:10.833,254360851
672.399889,671.833000,-0.566889,00:11:11.833,254734532
673.406731,672.833000,-0.573731,00:11:12.833,255134887
674.409193,673.833000,-0.576193,00:11:13.833,255539390
675.411146,674.833000,-0.578146,00:11:14.833,255942516
676.426162,675.866000,-0.560162,00:11:15.866,256331532
677.439946,676.866000,-0.573946,00:11:16.866,256710735
678.455119,677.899000,-0.556119,00:11:17.899,257112541
679.457977,678.899000,-0.558977,00:11:18.899,257483940
680.461086,679.899000,-0.562086,00:11:19.899,257873808
681.477522,680.899000,-0.578522,00:11:20.899,258266291
682.491467,681.933000,-0.558467,00:11:21.933,258682842
683.493664,682.933000,-0.560664,00:11:22.933,259083646
684.506971,683.933000,-0.573971,00:11:23.933,259463256
685.522252,684.966000,-0.556252,00:11:24.966,259852133
686.537973,685.966000,-0.571973,00:11:25.966,260238508
687.552070,686.999000,-0.553070,00:11:26.999,260642908
688.566295,687.999000,-0.567295,00:11:27.999,261031900
689.578898,688.999000,-0.579898,00:11:28.999,261416063
690.584811,690.033000,-0.551811,00:11:30.033,261823481
691.586045,691.033000,-0.553045,00:11:31.033,262241371
692.593260,692.033000,-0.560260,00:11:32.033,262641486
693.598250,693.033000,-0.565250,00:11:33.033,263031903
694.601181,694.033000,-0.568181,00:11:34.033,263434956
695.612055,695.033000,-0.579055,00:11:35.033,263820082
696.627935,696.066000,-0.561935,00:11:36.066,264228043
697.643547,697.066000,-0.577547,00:11:37.066,264623937
698.658151,698.099000,-0.559151,00:11:38.099,265039012
699.661219,699.099000,-0.562219,00:11:39.099,265485761
700.673279,700.099000,-0.574279,00:11:40.099,265885713
701.687163,701.133000,-0.554163,00:11:41.133,266298034
702.703112,702.133000,-0.570112,00:11:42.133,266682937
703.718047,703.166000,-0.552047,00:11:43.166,267088274
704.731140,704.166000,-0.565140,00:11:44.166,267483967
705.744378,705.166000,-0.578378,00:11:45.166,267883340
706.749841,706.199000,-0.550841,00:11:46.199,268307355
707.756083,707.199000,-0.557083,00:11:47.199,268737578
708.757364,708.199000,-0.558364,00:11:48.199,269140089
709.773042,709.199000,-0.574042,00:11:49.199,269531869
710.786748,710.233000,-0.553748,00:11:50.233,269968615
711.803362,711.233000,-0.570362,00:11:51.233,270379617
712.817541,712.266000,-0.551541,00:11:52.266,270783385
713.831623,713.266000,-0.565623,00:11:53.266,271149149
714.834145,714.266000,-0.568145,00:11:54.266,271500164
715.848863,715.299000,-0.549863,00:11:55.299,271911173
716.861089,716.299000,-0.562089,00:11:56.299,272266254
717.863082,717.299000,-0.564082,00:11:57.299,272609753
718.876983,718.299000,-0.577983,00:11:58.299,272965193
719.879093,719.299000,-0.580093,00:11:59.299,273315691
720.884387,720.333000,-0.551387,00:12:00.333,273691521
721.898705,721.333000,-0.565705,00:12:01.333,274059904
722.900795,722.333000,-0.567795,00:12:02.333,274423716
723.904045,723.333000,-0.571045,00:12:03.333,274779921
724.909975,724.366000,-0.543975,00:12:04.366,275192524
725.914562,725.366000,-0.548562,00:12:05.366,275573062
726.920785,726.366000,-0.554785,00:12:06.366,275971403
727.922907,727.366000,-0.556907,00:12:07.366,276335415
728.934931,728.366000,-0.568931,00:12:08.366,276702955
729.939772,729.366000,-0.573772,00:12:09.366,277061390
730.950684,730.399000,-0.551684,00:12:10.399,277413915
731.952304,731.399000,-0.553304,00:12:11.399,277764826
732.966815,732.399000,-0.567815,00:12:12.399,278153572
733.979021,733.433000,-0.546021,00:12:13.433,278521057
734.995298,734.433000,-0.562298,00:12:14.433,278899289
736.010307,735.433000,-0.577307,00:12:15.433,279268295
737.024048,736.466000,-0.558048,00:12:16.466,279641148
738.035849,737.466000,-0.569849,00:12:17.466,280004420
739.051151,738.499000,-0.552151,00:12:18.499,280356694
740.066111,739.499000,-0.567111,00:12:19.499,280715325
741.067960,740.499000,-0.568960,00:12:20.499,281126403
742.083870,741.533000,-0.550870,00:12:21.533,281536768
743.087972,742.533000,-0.554972,00:12:22.533,281944240
744.089055,743.533000,-0.556055,00:12:23.533,282348721
745.092570,744.533000,-0.559570,00:12:24.533,282749870
746.105935,745.533000,-0.572935,00:12:25.533,283148360
747.107322,746.533000,-0.574322,00:12:26.533,283540891
748.113884,747.533000,-0.580884,00:12:27.533,283933655
749.115156,748.566000,-0.549156,00:12:28.566,284362623
750.118309,749.566000,-0.552309,00:12:29.566,284758759
751.135089,750.566000,-0.569089,00:12:30.566,285155625
752.151128,751.599000,-0.552128,00:12:31.599,285573942
753.163884,752.599000,-0.564884,00:12:32.599,285968576
754.165169,753.599000,-0.566169,00:12:33.599,286363583
755.172189,754.599000,-0.573189,00:12:34.599,286777069
756.178203,755.599000,-0.579203,00:12:35.599,287185282
757.181031,756.599000,-0.582031,00:12:36.599,287596942
758.193647,757.633000,-0.560647,00:12:37.633,288038370
759.197377,758.633000,-0.564377,00:12:38.633,288442265
760.202268,759.633000,-0.569268,00:12:39.633,288856751
761.207101,760.633000,-0.574101,00:12:40.633,289285896
762.213672,761.633000,-0.580672,00:12:41.633,289714778
763.219063,762.666000,-0.553063,00:12:42.666,290158985
764.229001,763.666000,-0.563001,00:12:43.666,290579768
765.235242,764.666000,-0.569242,00:12:44.666,291005031
766.240287,765.666000,-0.574287,00:12:45.666,291462609
767.247400,766.666000,-0.581400,00:12:46.666,291883902
768.262175,767.699000,-0.563175,00:12:47.699,292319595
769.271206,768.699000,-0.572206,00:12:48.699,292734833
770.275211,769.699000,-0.576211,00:12:49.699,293146389
771.284888,770.733000,-0.551888,00:12:50.733,293562468
772.288955,771.733000,-0.555955,00:12:51.733,293968852
773.297479,772.733000,-0.564479,00:12:52.733,294366703
774.303740,773.733000,-0.570740,00:12:53.733,294804621
775.309207,774.733000,-0.576207,00:12:54.733,295226595
776.324470,775.766000,-0.558470,00:12:55.766,295641186
777.331276,776.766000,-0.565276,00:12:56.766,296027196
778.332616,777.766000,-0.566616,00:12:57.766,296416906
779.338024,778.766000,-0.572024,00:12:58.766,296819402
780.351105,779.799000,-0.552105,00:12:59.799,297241607
781.365775,780.799000,-0.566775,00:13:00.799,297637018
782.367938,781.799000,-0.568938,00:13:01.799,298032798
783.374954,782.799000,-0.575954,00:13:02.799,298450382
784.381686,783.833000,-0.548686,00:13:03.833,298848460
785.386077,784.833000,-0.553077,00:13:04.833,299247902
786.392116,785.833000,-0.559116,00:13:05.833,299663383
787.394365,786.833000,-0.561365,00:13:06.833,300094141
788.409364,787.833000,-0.576364,00:13:07.833,300537266
789.411927,788.833000,-0.578927,00:13:08.833,300961762
790.416270,789.866000,-0.550270,00:13:09.866,301400988
791.419055,790.866000,-0.553055,00:13:10.866,301858910
792.422240,791.866000,-0.556240,00:13:11.866,302255827
793.427606,792.866000,-0.561606,00:13:12.866,302649872
794.431892,793.866000,-0.565892,00:13:13.866,303050521
795.437199,794.866000,-0.571199,00:13:14.866,303452073
796.442874,795.866000,-0.576874,00:13:15.866,303861927
797.448183,796.899000,-0.549183,00:13:16.899,304286196
798.450204,797.899000,-0.551204,00:13:17.899,304684861
799.454179,798.899000,-0.555179,00:13:18.899,305115964
800.460444,799.899000,-0.561444,00:13:19.899,305516515
801.463734,800.899000,-0.564734,00:13:20.899,305920473
802.465556,801.899000,-0.566556,00:13:21.899,306322118
803.480265,802.933000,-0.547265,00:13:22.933,306739014
804.484903,803.933000,-0.551903,00:13:23.933,307148025
805.486989,804.933000,-0.553989,00:13:24.933,307563237
806.492951,805.933000,-0.559951,00:13:25.933,307977673
807.498174,806.933000,-0.565174,00:13:26.933,308414902
808.511404,807.933000,-0.578404,00:13:27.933,308826067
809.521101,808.966000,-0.555101,00:13:28.966,309248437
810.526928,809.966000,-0.560928,00:13:29.966,309648477
811.530968,810.966000,-0.564968,00:13:30.966,310036701
812.538075,811.966000,-0.572075,00:13:31.966,310426948
813.541586,812.966000,-0.575586,00:13:32.966,310820899
814.549787,813.999000,-0.550787,00:13:33.999,311234533
815.558091,814.999000,-0.559091,00:13:34.999,311638746
816.563111,815.999000,-0.564111,00:13:35.999,312072959
817.571054,816.999000,-0.572054,00:13:36.999,312476461
818.574105,817.999000,-0.575105,00:13:37.999,312886246
819.579852,818.999000,-0.580852,00:13:38.999,313288443
820.584978,820.033000,-0.551978,00:13:40.033,313710669
821.592564,821.033000,-0.559564,00:13:41.033,314119581
822.596544,822.033000,-0.563544,00:13:42.033,314534584
823.602587,823.033000,-0.569587,00:13:43.033,314949521
824.612899,824.033000,-0.579899,00:13:44.033,315407024
825.622826,825.066000,-0.556826,00:13:45.066,315835882
826.633786,826.066000,-0.567786,00:13:46.066,316253087
827.639241,827.066000,-0.573241,00:13:47.066,316675427
828.645298,828.066000,-0.579298,00:13:48.066,317102853
829.652383,829.099000,-0.553383,00:13:49.099,317523143
830.658987,830.099000,-0.559987,00:13:50.099,317930067
831.662413,831.099000,-0.563413,00:13:51.099,318334316
832.669291,832.099000,-0.570291,00:13:52.099,318771515
833.673950,833.099000,-0.574950,00:13:53.099,319181668
834.680066,834.099000,-0.581066,00:13:54.099,319586912
835.685206,835.133000,-0.552206,00:13:55.133,320000944
836.693811,836.133000,-0.560811,00:13:56.133,320414935
837.701189,837.133000,-0.568189,00:13:57.133,320833123
838.706241,838.133000,-0.573241,00:13:58.133,321254813
839.717236,839.166000,-0.551236,00:13:59.166,321692392
840.727387,840.166000,-0.561387,00:14:00.166,322133967
841.736188,841.166000,-0.570188,00:14:01.166,322562892
842.742865,842.166000,-0.576865,00:14:02.166,322977544
843.747307,843.166000,-0.581307,00:14:03.166,323399223
844.753771,844.199000,-0.554771,00:14:04.199,323825996
845.759421,845.199000,-0.560421,00:14:05.199,324236842
846.766162,846.199000,-0.567162,00:14:06.199,324647908
847.772484,847.199000,-0.573484,00:14:07.199,325055695
848.778064,848.199000,-0.579064,00:14:08.199,325467909
849.783668,849.233000,-0.550668,00:14:09.233,325934037
850.792450,850.233000,-0.559450,00:14:10.233,326335525
851.799319,851.233000,-0.566319,00:14:11.233,326732727
852.803518,852.233000,-0.570518,00:14:12.233,327150308
853.815508,853.266000,-0.549508,00:14:13.266,327568224
854.820589,854.266000,-0.554589,00:14:14.266,327959989
855.824829,855.266000,-0.558829,00:14:15.266,328357555
856.826290,856.266000,-0.560290,00:14:16.266,328762601
857.835165,857.266000,-0.569165,00:14:17.266,329214148
858.840092,858.266000,-0.574092,00:14:18.266,329628796
859.841149,859.266000,-0.575149,00:14:19.266,330046900
860.846024,860.299000,-0.547024,00:14:20.299,330475875
861.862169,861.299000,-0.563169,00:14:21.299,330886172
862.865311,862.299000,-0.566311,00:14:22.299,331311848
863.871844,863.299000,-0.572844,00:14:23.299,331731278
864.876074,864.299000,-0.577074,00:14:24.299,332140271
865.883305,865.333000,-0.550305,00:14:25.333,332593831
866.884432,866.333000,-0.551432,00:14:26.333,333017250
867.888180,867.333000,-0.555180,00:14:27.333,333429710
868.892088,868.333000,-0.559088,00:14:28.333,333839650
869.901235,869.333000,-0.568235,00:14:29.333,334258766
870.903852,870.333000,-0.570852,00:14:30.333,334675703
871.907223,871.333000,-0.574223,00:14:31.333,335109176
872.913326,872.333000,-0.580326,00:14:32.333,335520514
873.917480,873.366000,-0.551480,00:14:33.366,335929203
874.924897,874.366000,-0.558897,00:14:34.366,336368460
875.926139,875.366000,-0.560139,00:14:35.366,336786089
876.927870,876.366000,-0.561870,00:14:36.366,337197014
877.931934,877.366000,-0.565934,00:14:37.366,337587175
878.946333,878.366000,-0.580333,00:14:38.366,337973455
879.962885,879.399000,-0.563885,00:14:39.399,338394334
880.977951,880.399000,-0.578951,00:14:40.399,338799644
881.992657,881.433000,-0.559657,00:14:41.433,339210418
883.008184,882.433000,-0.575184,00:14:42.433,339649448
884.012947,883.466000,-0.546947,00:14:43.466,340074301
885.021852,884.466000,-0.555852,00:14:44.466,340487278
886.038254,885.466000,-0.572254,00:14:45.466,340891637
887.039748,886.466000,-0.573748,00:14:46.466,341304997
888.045063,887.499000,-0.546063,00:14:47.499,341730881
889.049251,888.499000,-0.550251,00:14:48.499,342134857
890.056895,889.499000,-0.557895,00:14:49.499,342548821
891.066975,890.499000,-0.567975,00:14:50.499,343003393
892.077074,891.533000,-0.544074,00:14:51.533,343433865
893.082523,892.533000,-0.549523,00:14:52.533,343840637
894.087894,893.533000,-0.554894,00:14:53.533,344246518
895.098700,894.533000,-0.565700,00:14:54.533,344648149
896.102720,895.533000,-0.569720,00:14:55.533,345055004
897.107430,896.533000,-0.574430,00:14:56.533,345459625
898.115107,897.566000,-0.549107,00:14:57.566,345874967
899.121704,898.566000,-0.555704,00:14:58.566,346309402
900.125081,899.566000,-0.559081,00:14:59.566,346725644
901.128038,900.566000,-0.562038,00:15:00.566,347140209
902.131840,901.566000,-0.565840,00:15:01.566,347552248
903.139961,902.566000,-0.573961,00:15:02.566,347955814
904.151383,903.599000,-0.552383,00:15:03.599,348374703
905.159224,904.599000,-0.560224,00:15:04.599,348778012
906.165220,905.599000,-0.566220,00:15:05.599,349195077
907.168996,906.599000,-0.569996,00:15:06.599,349601492
908.173749,907.599000,-0.574749,00:15:07.599,350035263
909.177888,908.599000,-0.578888,00:15:08.599,350444452
910.182281,909.633000,-0.549281,00:15:09.633,350873552
911.185188,910.633000,-0.552188,00:15:10.633,351291492
912.189112,911.633000,-0.556112,00:15:11.633,351700368
913.197397,912.633000,-0.564397,00:15:12.633,352103456
914.202792,913.633000,-0.569792,00:15:13.633,352508352
915.208326,914.633000,-0.575326,00:15:14.633,352926904
916.214237,915.633000,-0.581237,00:15:15.633,353371474
917.216261,916.666000,-0.550261,00:15:16.666,353782853
918.229118,917.666000,-0.563118,00:15:17.666,354167590
919.232717,918.666000,-0.566717,00:15:18.666,354567095
920.247809,919.666000,-0.581809,00:15:19.666,354976282
921.253035,920.699000,-0.554035,00:15:20.699,355394646
922.257315,921.699000,-0.558315,00:15:21.699,355809426
923.271671,922.699000,-0.572671,00:15:22.699,356224348
924.286838,923.733000,-0.553838,00:15:23.733,356665106
925.288838,924.733000,-0.555838,00:15:24.733,357061513
926.302203,925.733000,-0.569203,00:15:25.733,357453766
927.305202,926.733000,-0.572202,00:15:26.733,357837583
928.319155,927.766000,-0.553155,00:15:27.766,358216782
929.332790,928.766000,-0.566790,00:15:28.766,358595649
930.346167,929.766000,-0.580167,00:15:29.766,358959221
931.361322,930.799000,-0.562322,00:15:30.799,359341573
932.375523,931.833000,-0.542523,00:15:31.833,359764383
933.377991,932.833000,-0.544991,00:15:32.833,360150896
934.391009,933.833000,-0.558009,00:15:33.833,360534144
935.396505,934.833000,-0.563505,00:15:34.833,360913537
936.401973,935.833000,-0.568973,00:15:35.833,361291287
937.405114,936.833000,-0.572114,00:15:36.833,361667957
938.420866,937.866000,-0.554866,00:15:37.866,362062354
939.434186,938.866000,-0.568186,00:15:38.866,362450089
940.439160,939.866000,-0.573160,00:15:39.866,362846712
941.441999,940.899000,-0.542999,00:15:40.899,363292804
942.457046,941.899000,-0.558046,00:15:41.899,363678139
943.472754,942.899000,-0.573754,00:15:42.899,364062951
944.474838,943.899000,-0.575838,00:15:43.899,364448556
945.488205,944.933000,-0.555205,00:15:44.933,364855731
946.505306,945.933000,-0.572306,00:15:45.933,365248967
947.508880,946.933000,-0.575880,00:15:46.933,365646597
948.513497,947.933000,-0.580497,00:15:47.933,366032598
949.528200,948.966000,-0.562200,00:15:48.966,366465876
950.541748,949.966000,-0.575748,00:15:49.966,366853993
951.548053,950.966000,-0.582053,00:15:50.966,367260329
952.549134,951.999000,-0.550134,00:15:51.999,367672614
953.550707,952.999000,-0.551707,00:15:52.999,368069487
954.565940,953.999000,-0.566940,00:15:53.999,368482776
955.581701,954.999000,-0.582701,00:15:54.999,368887102
956.587234,956.033000,-0.554234,00:15:56.033,369295525
957.601857,957.033000,-0.568857,00:15:57.033,369714415
958.618149,958.066000,-0.552149,00:15:58.066,370119184
959.633471,959.066000,-0.567471,00:15:59.066,370504161
960.647067,960.099000,-0.548067,00:16:00.099,370912057
961.648295,961.099000,-0.549295,00:16:01.099,371313280
962.662843,962.099000,-0.563843,00:16:02.099,371712445
963.667065,963.099000,-0.568065,00:16:03.099,372103836
964.682235,964.133000,-0.549235,00:16:04.133,372503094
965.683756,965.133000,-0.550756,00:16:05.133,372882644
966.691683,966.133000,-0.558683,00:16:06.133,373290860
967.693993,967.133000,-0.560993,00:16:07.133,373668892
968.710717,968.133000,-0.577717,00:16:08.133,374054720
969.725823,969.166000,-0.559823,00:16:09.166,374457994
970.740613,970.166000,-0.574613,00:16:10.166,374842585
971.753844,971.199000,-0.554844,00:16:11.199,375237908
972.769161,972.199000,-0.570161,00:16:12.199,375633198
973.770770,973.199000,-0.571770,00:16:13.199,376028457
974.782266,974.233000,-0.549266,00:16:14.233,376461840
975.797329,975.233000,-0.564329,00:16:15.233,376851496
976.810514,976.233000,-0.577514,00:16:16.233,377247360
977.825000,977.266000,-0.559000,00:16:17.266,377655881
978.837822,978.266000,-0.571822,00:16:18.266,378062341
979.852431,979.299000,-0.553431,00:16:19.299,378466666
980.868796,980.299000,-0.569796,00:16:20.299,378884669
981.882017,981.299000,-0.583017,00:16:21.299,379301024
982.897874,982.333000,-0.564874,00:16:22.333,379742934
983.910426,983.333000,-0.577426,00:16:23.333,380143271
984.923741,984.366000,-0.557741,00:16:24.366,380563050
985.938431,985.366000,-0.572431,00:16:25.366,380979372
986.950873,986.399000,-0.551873,00:16:26.399,381398329
987.953350,987.399000,-0.554350,00:16:27.399,381805287
988.966938,988.399000,-0.567938,00:16:28.399,382211075
989.981471,989.433000,-0.548471,00:16:29.433,382617849
990.983260,990.433000,-0.550260,00:16:30.433,383051802
991.998705,991.433000,-0.565705,00:16:31.433,383457807
993.012373,992.433000,-0.579373,00:16:32.433,383859342
994.026309,993.466000,-0.560309,00:16:33.466,384272577
995.029272,994.466000,-0.563272,00:16:34.466,384674284
996.031937,995.466000,-0.565937,00:16:35.466,385081872
997.047124,996.466000,-0.581124,00:16:36.466,385485398
998.048973,997.499000,-0.549973,00:16:37.499,385908106
999.052000,998.499000,-0.553000,00:16:38.499,386339314
1000.056786,999.499000,-0.557786,00:16:39.499,386755067
1001.070260,1000.499000,-0.571260,00:16:40.499,387154623
1002.072389,1001.499000,-0.573389,00:16:41.499,387560459
1003.086891,1002.533000,-0.553891,00:16:42.533,388002687
1004.099699,1003.533000,-0.566699,00:16:43.533,388475940
1005.115030,1004.533000,-0.582030,00:16:44.533,388924573
1006.130250,1005.566000,-0.564250,00:16:45.566,389377452
1007.144855,1006.566000,-0.578855,00:16:46.566,389789091
1008.147160,1007.566000,-0.581160,00:16:47.566,390241120
1009.150792,1008.599000,-0.551792,00:16:48.599,390666396
1010.152396,1009.599000,-0.553396,00:16:49.599,391087317
1011.157025,1010.599000,-0.558025,00:16:50.599,391523917
1012.172858,1011.599000,-0.573858,00:16:51.599,391954329
1013.178009,1012.599000,-0.579009,00:16:52.599,392385854
1014.182313,1013.633000,-0.549313,00:16:53.633,392845096
1015.183410,1014.633000,-0.550410,00:16:54.633,393296750
1016.198499,1015.633000,-0.565499,00:16:55.633,393784430
1017.210680,1016.633000,-0.577680,00:16:56.633,394231578
1018.227080,1017.666000,-0.561080,00:16:57.666,394707383
1019.230982,1018.666000,-0.564982,00:16:58.666,395162791
1020.236856,1019.666000,-0.570856,00:16:59.666,395625939
1021.240064,1020.666000,-0.574064,00:17:00.666,396075958
1022.242497,1021.666000,-0.576497,00:17:01.666,396546017
1023.246269,1022.666000,-0.580269,00:17:02.666,397017077
1024.258706,1023.699000,-0.559706,00:17:03.699,397533851
1025.261653,1024.699000,-0.562653,00:17:04.699,397963716
1026.265399,1025.699000,-0.566399,00:17:05.699,398371722
1027.268080,1026.699000,-0.569080,00:17:06.699,398771430
1028.272538,1027.699000,-0.573538,00:17:07.699,399194820
1029.277829,1028.699000,-0.578829,00:17:08.699,399590260
1030.294197,1029.733000,-0.561197,00:17:09.733,400029331
1031.298242,1030.733000,-0.565242,00:17:10.733,400452317
1032.300821,1031.733000,-0.567821,00:17:11.733,400907915
1033.305162,1032.733000,-0.572162,00:17:12.733,401344896
1034.320572,1033.766000,-0.554572,00:17:13.766,401789958
1035.335888,1034.766000,-0.569888,00:17:14.766,402234246
1036.337852,1035.766000,-0.571852,00:17:15.766,402704909
1037.352573,1036.799000,-0.553573,00:17:16.799,403170254
1038.366177,1037.799000,-0.567177,00:17:17.799,403637842
1039.379544,1038.799000,-0.580544,00:17:18.799,404123308
1040.393342,1039.833000,-0.560342,00:17:19.833,404625347
1041.406965,1040.833000,-0.573965,00:17:20.833,405134146
1042.421415,1041.866000,-0.555415,00:17:21.866,405599270
1043.436422,1042.866000,-0.570422,00:17:22.866,406034451
1044.439557,1043.866000,-0.573557,00:17:23.866,406480868
1045.455256,1044.899000,-0.556256,00:17:24.899,406961114
1046.469111,1045.899000,-0.570111,00:17:25.899,407446430
1047.481771,1046.899000,-0.582771,00:17:26.899,407994464
1048.496328,1047.933000,-0.563328,00:17:27.933,408510447
1049.510402,1048.933000,-0.577402,00:17:28.933,408995596
1050.526184,1049.966000,-0.560184,00:17:29.966,409498626
1051.538158,1050.966000,-0.572158,00:17:30.966,409989605
1052.553540,1051.999000,-0.554540,00:17:31.999,410505105
1053.567121,1052.999000,-0.568121,00:17:32.999,411015054
1054.581521,1053.999000,-0.582521,00:17:33.999,411623919
1055.592379,1055.033000,-0.559379,00:17:35.033,412328378
1056.607161,1056.033000,-0.574161,00:17:36.033,413015868
1057.620403,1057.066000,-0.554403,00:17:37.066,413767455
1058.634922,1058.066000,-0.568922,00:17:38.066,414478627
1059.647895,1059.066000,-0.581895,00:17:39.066,415132247
1060.663460,1060.099000,-0.564460,00:17:40.099,415737591
1061.676091,1061.099000,-0.577091,00:17:41.099,416360303
1062.686242,1062.133000,-0.553242,00:17:42.133,416994489
1063.700247,1063.133000,-0.567247,00:17:43.133,417668687
1064.711068,1064.133000,-0.578068,00:17:44.133,418431691
1065.726767,1065.166000,-0.560767,00:17:45.166,419109388
1066.742518,1066.166000,-0.576518,00:17:46.166,419707208
1067.747107,1067.166000,-0.581107,00:17:47.166,420317660
1068.761657,1068.199000,-0.562657,00:17:48.199,420892651
1069.777055,1069.199000,-0.578055,00:17:49.199,421465101
1070.787852,1070.233000,-0.554852,00:17:50.233,422073310
1071.789190,1071.233000,-0.556190,00:17:51.233,422720615
1072.790378,1072.233000,-0.557378,00:17:52.233,423328581
1073.803228,1073.233000,-0.570228,00:17:53.233,423847283
1074.819221,1074.266000,-0.553221,00:17:54.266,424384315
1075.821760,1075.266000,-0.555760,00:17:55.266,424875719
1076.829767,1076.266000,-0.563767,00:17:56.266,425384667
1077.832006,1077.266000,-0.566006,00:17:57.266,425858507
1078.833805,1078.266000,-0.567805,00:17:58.266,426359814
1079.848816,1079.299000,-0.549816,00:17:59.299,426904417
1080.854268,1080.299000,-0.555268,00:18:00.299,427466146
1081.857396,1081.299000,-0.558396,00:18:01.299,427986469
1082.860305,1082.299000,-0.561305,00:18:02.299,428551959
1083.866622,1083.299000,-0.567622,00:18:03.299,429066022
1084.868933,1084.299000,-0.569933,00:18:04.299,429562896
1085.872507,1085.299000,-0.573507,00:18:05.299,430050967
1086.882343,1086.333000,-0.549343,00:18:06.333,430557167
1087.884900,1087.333000,-0.551900,00:18:07.333,431036278
1088.890390,1088.333000,-0.557390,00:18:08.333,431514670
1089.892609,1089.333000,-0.559609,00:18:09.333,431988558
1090.901597,1090.333000,-0.568597,00:18:10.333,432489013
1091.908498,1091.333000,-0.575498,00:18:11.333,433003461
1092.914319,1092.366000,-0.548319,00:18:12.366,433530315
1093.930322,1093.366000,-0.564322,00:18:13.366,434105807
1094.936123,1094.366000,-0.570123,00:18:14.366,434653336
1095.942453,1095.366000,-0.576453,00:18:15.366,435204669
1096.955292,1096.399000,-0.556292,00:18:16.399,435850601
1097.959910,1097.399000,-0.560910,00:18:17.399,436450717
1098.971675,1098.399000,-0.572675,00:18:18.399,437028155
1099.977458,1099.399000,-0.578458,00:18:19.399,437609561
1100.982584,1100.433000,-0.549584,00:18:20.433,438122128
1101.990490,1101.433000,-0.557490,00:18:21.433,438644099
1102.998711,1102.433000,-0.565711,00:18:22.433,439172228
1104.001671,1103.433000,-0.568671,00:18:23.433,439691426
1105.006324,1104.433000,-0.573324,00:18:24.433,440211262
1106.010631,1105.433000,-0.577631,00:18:25.433,440748188
1107.016332,1106.466000,-0.550332,00:18:26.466,441248851
1108.024795,1107.466000,-0.558795,00:18:27.466,441833979
1109.035193,1108.466000,-0.569193,00:18:28.466,442459430
1110.038366,1109.466000,-0.572366,00:18:29.466,443060176
1111.042338,1110.466000,-0.576338,00:18:30.466,443682448
1112.045135,1111.499000,-0.546135,00:18:31.499,444271371
1113.050565,1112.499000,-0.551565,00:18:32.499,444730439
1114.056225,1113.499000,-0.557225,00:18:33.499,445193912
1115.060636,1114.499000,-0.561636,00:18:34.499,445654063
1116.062610,1115.499000,-0.563610,00:18:35.499,446153753
1117.064891,1116.499000,-0.565891,00:18:36.499,446726290
1118.078667,1117.499000,-0.579667,00:18:37.499,447265476
1119.080667,1118.499000,-0.581667,00:18:38.499,447765268
1120.081899,1119.533000,-0.548899,00:18:39.533,448241530
1121.096965,1120.533000,-0.563965,00:18:40.533,448660188
1122.099536,1121.533000,-0.566536,00:18:41.533,449095576
1123.102577,1122.533000,-0.569577,00:18:42.533,449511233
1124.105969,1123.533000,-0.572969,00:18:43.533,449924874
1125.108078,1124.533000,-0.575078,00:18:44.533,450345756
1126.123564,1125.566000,-0.557564,00:18:45.566,450764006
1127.138398,1126.566000,-0.572398,00:18:46.566,451213376
1128.154891,1127.599000,-0.555891,00:18:47.599,451822000
1129.160422,1128.599000,-0.561422,00:18:48.599,452300218
1130.170391,1129.599000,-0.571391,00:18:49.599,452784854
1131.184047,1130.633000,-0.551047,00:18:50.633,453229739
1132.196452,1131.633000,-0.563452,00:18:51.633,453732827
1133.212384,1132.633000,-0.579384,00:18:52.633,454389271
1134.225418,1133.666000,-0.559418,00:18:53.666,455013183
1135.235833,1134.666000,-0.569833,00:18:54.666,455628483
1136.249234,1135.699000,-0.550234,00:18:55.699,456253007
1137.263594,1136.699000,-0.564594,00:18:56.699,456698684
1138.277015,1137.699000,-0.578015,00:18:57.699,457126582
1139.280719,1138.699000,-0.581719,00:18:58.699,457639335
1140.283936,1139.733000,-0.550936,00:18:59.733,458143802
1141.290362,1140.733000,-0.557362,00:19:00.733,458735512
1142.293938,1141.733000,-0.560938,00:19:01.733,459286124
1143.309785,1142.733000,-0.576785,00:19:02.733,459883310
1144.320986,1143.766000,-0.554986,00:19:03.766,460591830
1145.326346,1144.766000,-0.560346,00:19:04.766,461188676
1146.330304,1145.766000,-0.564304,00:19:05.766,461751164
1147.333323,1146.766000,-0.567323,00:19:06.766,462399246
1148.334661,1147.766000,-0.568661,00:19:07.766,462906276
1149.350732,1148.799000,-0.551732,00:19:08.799,463374190
1150.356071,1149.799000,-0.557071,00:19:09.799,463872729
1151.359181,1150.799000,-0.560181,00:19:10.799,464496420
1152.362952,1151.799000,-0.563952,00:19:11.799,465124028
1153.371130,1152.799000,-0.572130,00:19:12.799,465855413
1154.378636,1153.799000,-0.579636,00:19:13.799,466525873
1155.379818,1154.799000,-0.580818,00:19:14.799,467185965
1156.395002,1155.833000,-0.562002,00:19:15.833,467862797
1157.402707,1156.833000,-0.569707,00:19:16.833,468593965
1158.409713,1157.833000,-0.576713,00:19:17.833,469293527
1159.420676,1158.866000,-0.554676,00:19:18.866,469960203
1160.425985,1159.866000,-0.559985,00:19:19.866,470553838
1161.429506,1160.866000,-0.563506,00:19:20.866,471095321
1162.433385,1161.866000,-0.567385,00:19:21.866,471608496
1163.439107,1162.866000,-0.573107,00:19:22.866,472083680
1164.442880,1163.866000,-0.576880,00:19:23.866,472562668
1165.450553,1164.899000,-0.551553,00:19:24.899,473099668
1166.454956,1165.899000,-0.555956,00:19:25.899,473676437
1167.463901,1166.899000,-0.564901,00:19:26.899,474258971
1168.471760,1167.899000,-0.572760,00:19:27.899,475021909
1169.482047,1168.899000,-0.583047,00:19:28.899,475776609
1170.487896,1169.933000,-0.554896,00:19:29.933,476532693
1171.493660,1170.933000,-0.560660,00:19:30.933,477256233
1172.499620,1171.933000,-0.566620,00:19:31.933,477842124
1173.505166,1172.933000,-0.572166,00:19:32.933,478409753
1174.511876,1173.966000,-0.545876,00:19:33.966,479089371
1175.513745,1174.966000,-0.547745,00:19:34.966,479854209
1176.518433,1175.966000,-0.552433,00:19:35.966,480551172
1177.533407,1176.966000,-0.567407,00:19:36.966,481269745
1178.537498,1177.966000,-0.571498,00:19:37.966,481973056
1179.538709,1178.966000,-0.572709,00:19:38.966,482644066
1180.547132,1179.999000,-0.548132,00:19:39.999,483257806
1181.549586,1180.999000,-0.550586,00:19:40.999,483875517
1182.552527,1181.999000,-0.553527,00:19:41.999,484582017
1183.567124,1182.999000,-0.568124,00:19:42.999,485299733
1184.569357,1183.999000,-0.570357,00:19:43.999,485928674
1185.578596,1184.999000,-0.579596,00:19:44.999,486510639
1186.582377,1186.033000,-0.549377,00:19:46.033,487154515
1187.587199,1187.033000,-0.554199,00:19:47.033,487858594
1188.595287,1188.033000,-0.562287,00:19:48.033,488599226
1189.598369,1189.033000,-0.565369,00:19:49.033,489346478
1190.611371,1190.033000,-0.578371,00:19:50.033,490050343
1191.615776,1191.066000,-0.549776,00:19:51.066,490751299
1192.631973,1192.066000,-0.565973,00:19:52.066,491414988
1193.635260,1193.066000,-0.569260,00:19:53.066,492160801
1194.637358,1194.066000,-0.571358,00:19:54.066,492936015
1195.644949,1195.066000,-0.578949,00:19:55.066,493709330
1196.648343,1196.066000,-0.582343,00:19:56.066,494524786
1197.664310,1197.099000,-0.565310,00:19:57.099,495330022
1198.680310,1198.133000,-0.547310,00:19:58.133,496115155
1199.681939,1199.099000,-0.582939,00:19:59.099,496850131
1200.685959,1200.133000,-0.552959,00:20:00.133,497574782
1201.687236,1201.133000,-0.554236,00:20:01.133,498270526
1202.701972,1202.133000,-0.568972,00:20:02.133,498943295
1203.716007,1203.166000,-0.550007,00:20:03.166,499594114
1204.717828,1204.166000,-0.551828,00:20:04.166,500369801
1205.734829,1205.166000,-0.568829,00:20:05.166,501090515
1206.735688,1206.166000,-0.569688,00:20:06.166,501814950
1207.738391,1207.166000,-0.572391,00:20:07.166,502602073
1208.745107,1208.166000,-0.579107,00:20:08.166,503330391
1209.747043,1209.166000,-0.581043,00:20:09.166,504063232
1210.760453,1210.199000,-0.561453,00:20:10.199,504798092
1211.763684,1211.199000,-0.564684,00:20:11.199,505464672
1212.766804,1212.199000,-0.567804,00:20:12.199,506158186
1213.775116,1213.199000,-0.576116,00:20:13.199,506834805
1214.779272,1214.199000,-0.580272,00:20:14.199,507461374
1215.785167,1215.233000,-0.552167,00:20:15.233,508113411
1216.790726,1216.233000,-0.557726,00:20:16.233,508733130
1217.798561,1217.233000,-0.565561,00:20:17.233,509273879
1218.803840,1218.233000,-0.570840,00:20:18.233,509875051
1219.806778,1219.233000,-0.573778,00:20:19.233,510559502
1220.811465,1220.233000,-0.578465,00:20:20.233,511291187
1221.820944,1221.266000,-0.554944,00:20:21.266,512009096
1222.831398,1222.266000,-0.565398,00:20:22.266,512700299
1223.837762,1223.266000,-0.571762,00:20:23.266,513368672
1224.847330,1224.266000,-0.581330,00:20:24.266,514012342
1225.855163,1225.299000,-0.556163,00:20:25.299,514526544
1226.865288,1226.299000,-0.566288,00:20:26.299,515061443
1227.874743,1227.299000,-0.575743,00:20:27.299,515680553
1228.883729,1228.333000,-0.550729,00:20:28.333,516459342
1229.886537,1229.333000,-0.553537,00:20:29.333,517158981
1230.896515,1230.333000,-0.563515,00:20:30.333,517690861
1231.906647,1231.333000,-0.573647,00:20:31.333,518215104
1232.912253,1232.333000,-0.579253,00:20:32.333,518756809
1233.919976,1233.366000,-0.553976,00:20:33.366,519320538
1234.930321,1234.366000,-0.564321,00:20:34.366,519963197
1235.941855,1235.366000,-0.575855,00:20:35.366,520638304
1236.954921,1236.399000,-0.555921,00:20:36.399,521267337
1237.963671,1237.399000,-0.564671,00:20:37.399,521750960
1238.972566,1238.399000,-0.573566,00:20:38.399,522234442
1239.980318,1239.399000,-0.581318,00:20:39.399,522708504
1240.984852,1240.433000,-0.551852,00:20:40.433,523268036
1241.994836,1241.433000,-0.561836,00:20:41.433,523938860
1243.004320,1242.433000,-0.571320,00:20:42.433,524597416
1244.012438,1243.433000,-0.579438,00:20:43.433,525243142
1245.021582,1244.466000,-0.555582,00:20:44.466,526048507
1246.028536,1245.466000,-0.562536,00:20:45.466,526559705
1247.038435,1246.466000,-0.572435,00:20:46.466,527091950
1248.045011,1247.499000,-0.546011,00:20:47.499,527686094
1249.049784,1248.499000,-0.550784,00:20:48.499,528386770
1250.055145,1249.499000,-0.556145,00:20:49.499,529143040
1251.058495,1250.499000,-0.559495,00:20:50.499,529853584
1252.063770,1251.499000,-0.564770,00:20:51.499,530393889
1253.078185,1252.499000,-0.579185,00:20:52.499,530934059
1254.084701,1253.533000,-0.551701,00:20:53.533,531505712
1255.089200,1254.533000,-0.556200,00:20:54.533,532120453
1256.096286,1255.533000,-0.563286,00:20:55.533,532834231
1257.102524,1256.533000,-0.569524,00:20:56.533,533541328
1258.106770,1257.533000,-0.573770,00:20:57.533,534114284
1259.111914,1258.533000,-0.578914,00:20:58.533,534634555
1260.117865,1259.566000,-0.551865,00:20:59.566,535309543
1261.130564,1260.566000,-0.564564,00:21:00.566,536041266
1262.134935,1261.566000,-0.568935,00:21:01.566,536690748
1263.136079,1262.566000,-0.570079,00:21:02.566,537322303
1264.138865,1263.566000,-0.572865,00:21:03.566,537902748
1265.142505,1264.566000,-0.576505,00:21:04.566,538478685
1266.146990,1265.566000,-0.580990,00:21:05.566,539057365
1267.150793,1266.599000,-0.551793,00:21:06.599,539556045
1268.153588,1267.599000,-0.554588,00:21:07.599,540033182
1269.155287,1268.599000,-0.556287,00:21:08.599,540510124
1270.160633,1269.599000,-0.561633,00:21:09.599,540997842
1271.176844,1270.599000,-0.577844,00:21:10.599,541508085
1272.181969,1271.599000,-0.582969,00:21:11.599,542061510
1273.190878,1272.633000,-0.557878,00:21:12.633,542763110
1274.199106,1273.633000,-0.566106,00:21:13.633,543460848
1275.206263,1274.633000,-0.573263,00:21:14.633,544109064
1276.209756,1275.633000,-0.576756,00:21:15.633,544723235
1277.212986,1276.633000,-0.579986,00:21:16.633,545339221
1278.216561,1277.666000,-0.550561,00:21:17.666,545981485
1279.233048,1278.666000,-0.567048,00:21:18.666,546629405
1280.246785,1279.666000,-0.580785,00:21:19.666,547298385
1281.250995,1280.699000,-0.551995,00:21:20.699,548132157
1282.256080,1281.699000,-0.557080,00:21:21.699,548889156
1283.264172,1282.699000,-0.565172,00:21:22.699,549868511
1284.273027,1283.699000,-0.574027,00:21:23.699,550876572
1285.278833,1284.699000,-0.579833,00:21:24.699,551842153
1286.293448,1285.733000,-0.560448,00:21:25.733,552832572
1287.295928,1286.733000,-0.562928,00:21:26.733,553822124
1288.300200,1287.733000,-0.567200,00:21:27.733,554804393
1289.306646,1288.733000,-0.573646,00:21:28.733,555785991
1290.322633,1289.766000,-0.556633,00:21:29.766,556808224
1291.330623,1290.766000,-0.564623,00:21:30.766,557818128
1292.337159,1291.766000,-0.571159,00:21:31.766,558519019
1293.351259,1292.799000,-0.552259,00:21:32.799,559323650
1294.365747,1293.799000,-0.566747,00:21:33.799,560210688
1295.373682,1294.799000,-0.574682,00:21:34.799,561084020
1296.383547,1295.833000,-0.550547,00:21:35.833,561975351
1297.394800,1296.833000,-0.561800,00:21:36.833,562922911
1298.399869,1297.833000,-0.566869,00:21:37.833,563888749
1299.414933,1298.833000,-0.581933,00:21:38.833,564805420
1300.419750,1299.866000,-0.553750,00:21:39.866,565737352
1301.424915,1300.866000,-0.558915,00:21:40.866,566701894
1302.440708,1301.866000,-0.574708,00:21:41.866,567694911
1303.452663,1302.899000,-0.553663,00:21:42.899,568699893
1304.459418,1303.899000,-0.560418,00:21:43.899,569676189
1305.471376,1304.899000,-0.572376,00:21:44.899,570692384
1306.476625,1305.933000,-0.543625,00:21:45.933,571780085
1307.484776,1306.933000,-0.551776,00:21:46.933,572798062
1308.493810,1307.933000,-0.560810,00:21:47.933,573818464
1309.502446,1308.933000,-0.569446,00:21:48.933,574758552
1310.507341,1309.933000,-0.574341,00:21:49.933,575534952
1311.509231,1310.933000,-0.576231,00:21:50.933,576173705
1312.517077,1311.966000,-0.551077,00:21:51.966,576854620
1313.522981,1312.966000,-0.556981,00:21:52.966,577549921
1314.532446,1313.966000,-0.566446,00:21:53.966,578262408
1315.541590,1314.966000,-0.575590,00:21:54.966,578930191
1316.543210,1315.966000,-0.577210,00:21:55.966,579479767
1317.559369,1316.999000,-0.560369,00:21:56.999,580087796
1318.567196,1317.999000,-0.568196,00:21:57.999,580756923
1319.572295,1318.999000,-0.573295,00:21:58.999,581396782
1320.575322,1319.999000,-0.576322,00:21:59.999,581905680
1321.590202,1321.033000,-0.557202,00:22:01.033,582429044
1322.605966,1322.033000,-0.572966,00:22:02.033,583004854
1323.621428,1323.066000,-0.555428,00:22:03.066,583700854
1324.630291,1324.066000,-0.564291,00:22:04.066,584480312
1325.636245,1325.066000,-0.570245,00:22:05.066,585197174
1326.641917,1326.066000,-0.575917,00:22:06.066,585878225
1327.647035,1327.066000,-0.581035,00:22:07.066,586564531
1328.663146,1328.099000,-0.564146,00:22:08.099,587311586
1329.678095,1329.099000,-0.579095,00:22:09.099,588048422
1330.679567,1330.099000,-0.580567,00:22:10.099,588795877
1331.695255,1331.133000,-0.562255,00:22:11.133,589595023
1332.702342,1332.133000,-0.569342,00:22:12.133,590285646
1333.704855,1333.133000,-0.571855,00:22:13.133,590893284
1334.708143,1334.133000,-0.575143,00:22:14.133,591515978
1335.723792,1335.166000,-0.557792,00:22:15.166,592187301
1336.737390,1336.166000,-0.571390,00:22:16.166,592863093
1337.751903,1337.199000,-0.552903,00:22:17.199,593552615
1338.765218,1338.199000,-0.566218,00:22:18.199,594189018
1339.771070,1339.199000,-0.572070,00:22:19.199,594862443
1340.786696,1340.233000,-0.553696,00:22:20.233,595543513
1341.788727,1341.233000,-0.555727,00:22:21.233,596227834
1342.793124,1342.233000,-0.560124,00:22:22.233,596918162
1343.807636,1343.233000,-0.574636,00:22:23.233,597581590
1344.821883,1344.266000,-0.555883,00:22:24.266,598256355
1345.837842,1345.266000,-0.571842,00:22:25.266,598905129
1346.849407,1346.299000,-0.550407,00:22:26.299,599562801
1347.862959,1347.299000,-0.563959,00:22:27.299,600219099
1348.878956,1348.299000,-0.579956,00:22:28.299,600952893
1349.894971,1349.333000,-0.561971,00:22:29.333,601731952
1350.909060,1350.333000,-0.576060,00:22:30.333,602456791
1351.924945,1351.366000,-0.558945,00:22:31.366,603157030
1352.938683,1352.366000,-0.572683,00:22:32.366,603800786
1353.954680,1353.399000,-0.555680,00:22:33.399,604445050
1354.956324,1354.399000,-0.557324,00:22:34.399,605092709
1355.968627,1355.399000,-0.569627,00:22:35.399,605769671
1356.983000,1356.433000,-0.550000,00:22:36.433,606447775
1357.985875,1357.433000,-0.552875,00:22:37.433,607192496
1358.989509,1358.433000,-0.556509,00:22:38.433,607945220
1360.004767,1359.433000,-0.571767,00:22:39.433,608716923
1361.019688,1360.466000,-0.553688,00:22:40.466,609548698
1362.022089,1361.466000,-0.556089,00:22:41.466,610378245
1363.027275,1362.466000,-0.561275,00:22:42.466,611187852
1364.042018,1363.466000,-0.576018,00:22:43.466,611900013
1365.044835,1364.466000,-0.578835,00:22:44.466,612635683
1366.047755,1365.466000,-0.581755,00:22:45.466,613390632
1367.051931,1366.499000,-0.552931,00:22:46.499,614143835
1368.057933,1367.499000,-0.558933,00:22:47.499,614848146
1369.073798,1368.499000,-0.574798,00:22:48.499,615583032
1370.090114,1369.533000,-0.557114,00:22:49.533,616325170
1371.091334,1370.533000,-0.558334,00:22:50.533,617065472
1372.094768,1371.533000,-0.561768,00:22:51.533,617776574
1373.095938,1372.533000,-0.562938,00:22:52.533,618509937
1374.098052,1373.533000,-0.565052,00:22:53.533,619308747
1375.112967,1374.533000,-0.579967,00:22:54.533,620066097
1376.126894,1375.566000,-0.560894,00:22:55.566,620870419
1377.141605,1376.566000,-0.575605,00:22:56.566,621593404
1378.155615,1377.599000,-0.556615,00:22:57.599,622224440
1379.169994,1378.599000,-0.570994,00:22:58.599,622881097
1380.172286,1379.599000,-0.573286,00:22:59.599,623532405
1381.177246,1380.599000,-0.578246,00:23:00.599,624122788
1382.189857,1381.633000,-0.556857,00:23:01.633,624761974
1383.191976,1382.633000,-0.558976,00:23:02.633,625395501
1384.195330,1383.633000,-0.562330,00:23:03.633,625974740
1385.201184,1384.633000,-0.568184,00:23:04.633,626560249
1386.216769,1385.666000,-0.550769,00:23:05.666,627227995
1387.218473,1386.666000,-0.552473,00:23:06.666,627965522
1388.222065,1387.666000,-0.556065,00:23:07.666,628670701
1389.223264,1388.666000,-0.557264,00:23:08.666,629305443
1390.225149,1389.666000,-0.559149,00:23:09.666,629924484
1391.230927,1390.666000,-0.564927,00:23:10.666,630625092
1392.233275,1391.666000,-0.567275,00:23:11.666,631337683
1393.247932,1392.666000,-0.581932,00:23:12.666,632062976
1394.254457,1393.699000,-0.555457,00:23:13.699,632822612
1395.257916,1394.699000,-0.558916,00:23:14.699,633548129
1396.261855,1395.699000,-0.562855,00:23:15.699,634136906
1397.278369,1396.699000,-0.579369,00:23:16.699,634746972
1398.280014,1397.699000,-0.581014,00:23:17.699,635289781
1399.292880,1398.733000,-0.559880,00:23:18.733,635995797
1400.306889,1399.733000,-0.573889,00:23:19.733,636684825
1401.319754,1400.766000,-0.553754,00:23:20.766,637311701
1402.324370,1401.766000,-0.558370,00:23:21.766,637948729
1403.328847,1402.766000,-0.562847,00:23:22.766,638593662
1404.331123,1403.766000,-0.565123,00:23:23.766,639263773
1405.345923,1404.766000,-0.579923,00:23:24.766,639912129
1406.348361,1405.766000,-0.582361,00:23:25.766,640462784
1407.363148,1406.799000,-0.564148,00:23:26.799,641014702
1408.377426,1407.799000,-0.578426,00:23:27.799,641577007
1409.382322,1408.833000,-0.549322,00:23:28.833,642133375
1410.385929,1409.833000,-0.552929,00:23:29.833,642691290
1411.391119,1410.833000,-0.558119,00:23:30.833,643220113
1412.395937,1411.833000,-0.562937,00:23:31.833,643744691
1413.399599,1412.833000,-0.566599,00:23:32.833,644341677
1414.412364,1413.833000,-0.579364,00:23:33.833,644905335
1415.426076,1414.866000,-0.560076,00:23:34.866,645444729
1416.427914,1415.866000,-0.561914,00:23:35.866,645984551
1417.442754,1416.866000,-0.576754,00:23:36.866,646477041
1418.447926,1417.866000,-0.581926,00:23:37.866,647208277
1419.455515,1418.899000,-0.556515,00:23:38.899,648046142
1420.471141,1419.899000,-0.572141,00:23:39.899,648693333
1421.485854,1420.933000,-0.552854,00:23:40.933,649442263
1422.487076,1421.933000,-0.554076,00:23:41.933,650125154
1423.488888,1422.933000,-0.555888,00:23:42.933,650811793
1424.490802,1423.933000,-0.557802,00:23:43.933,651593312
1425.498984,1424.933000,-0.565984,00:23:44.933,652179564
1426.502308,1425.933000,-0.569308,00:23:45.933,652758769
1427.517596,1426.966000,-0.551596,00:23:46.966,653355349
1428.521330,1427.966000,-0.555330,00:23:47.966,653862977
1429.523579,1428.966000,-0.557579,00:23:48.966,654288362
1430.531419,1429.966000,-0.565419,00:23:49.966,654778145
1431.544755,1430.966000,-0.578755,00:23:50.966,655371658
1432.548055,1431.966000,-0.582055,00:23:51.966,656080473
1433.553631,1432.999000,-0.554631,00:23:52.999,656794323
1434.555432,1433.999000,-0.556432,00:23:53.999,657333210
1435.561402,1434.999000,-0.562402,00:23:54.999,657809397
1436.575109,1435.999000,-0.576109,00:23:55.999,658480790
1437.578267,1436.999000,-0.579267,00:23:56.999,659149698
1438.580824,1437.999000,-0.581824,00:23:57.999,659789840
1439.586073,1439.033000,-0.553073,00:23:59.033,660430687
1440.601940,1440.033000,-0.568940,00:24:00.033,660940290
1441.606428,1441.033000,-0.573428,00:24:01.033,661392802
1442.613427,1442.033000,-0.580427,00:24:02.033,661860175
1443.617114,1443.066000,-0.551114,00:24:03.066,662345475
1444.618440,1444.066000,-0.552440,00:24:04.066,662823669
1445.619819,1445.066000,-0.553819,00:24:05.066,663355165
1446.629150,1446.066000,-0.563150,00:24:06.066,663891205
1447.632088,1447.066000,-0.566088,00:24:07.066,664419416
1448.633500,1448.066000,-0.567500,00:24:08.066,665007827
1449.638830,1449.066000,-0.572830,00:24:09.066,665696667
1450.646045,1450.066000,-0.580045,00:24:10.066,666395115
1451.650960,1451.099000,-0.551960,00:24:11.099,667074994
1452.652948,1452.099000,-0.553948,00:24:12.099,667823626
1453.657216,1453.099000,-0.558216,00:24:13.099,668559740
1454.663408,1454.099000,-0.564408,00:24:14.099,669378528
1455.666110,1455.099000,-0.567110,00:24:15.099,670288703
1456.671072,1456.099000,-0.572072,00:24:16.099,671118551
1457.679314,1457.099000,-0.580314,00:24:17.099,671891855
1458.683134,1458.133000,-0.550134,00:24:18.133,672700580
1459.699188,1459.133000,-0.566188,00:24:19.133,673456349
1460.707267,1460.133000,-0.574267,00:24:20.133,674095517
1461.712043,1461.133000,-0.579043,00:24:21.133,674702660
1462.713391,1462.133000,-0.580391,00:24:22.133,675296114
1463.720076,1463.166000,-0.554076,00:24:23.166,675909654
1464.732883,1464.166000,-0.566883,00:24:24.166,676517394
1465.737129,1465.166000,-0.571129,00:24:25.166,677150343
1466.739671,1466.166000,-0.573671,00:24:26.166,677764190
1467.740975,1467.166000,-0.574975,00:24:27.166,678376603
1468.745016,1468.166000,-0.579016,00:24:28.166,678981829
1469.751024,1469.199000,-0.552024,00:24:29.199,679612198
1470.757148,1470.199000,-0.558148,00:24:30.199,680210254
1471.763714,1471.199000,-0.564714,00:24:31.199,680803193
1472.764876,1472.199000,-0.565876,00:24:32.199,681384097
1473.774360,1473.199000,-0.575360,00:24:33.199,681973587
1474.778433,1474.233000,-0.545433,00:24:34.233,682590500
1475.779600,1475.233000,-0.546600,00:24:35.233,683131211
1476.792617,1476.233000,-0.559617,00:24:36.233,683668931
1477.807335,1477.233000,-0.574335,00:24:37.233,684239581
1478.809395,1478.233000,-0.576395,00:24:38.233,684861703
1479.825939,1479.266000,-0.559939,00:24:39.266,685578391
1480.831300,1480.266000,-0.565300,00:24:40.266,686272657
1481.840163,1481.266000,-0.574163,00:24:41.266,686977565
1482.845199,1482.266000,-0.579199,00:24:42.266,687756385
1483.847282,1483.299000,-0.548282,00:24:43.299,688556736
1484.862924,1484.299000,-0.563924,00:24:44.299,689331881
1485.865838,1485.299000,-0.566838,00:24:45.299,690062223
1486.873708,1486.299000,-0.574708,00:24:46.299,690642434
1487.882622,1487.333000,-0.549622,00:24:47.333,691202046
1488.886935,1488.333000,-0.553935,00:24:48.333,691769901
1489.891855,1489.333000,-0.558855,00:24:49.333,692260044
1490.905278,1490.333000,-0.572278,00:24:50.333,692819784
1491.910573,1491.333000,-0.577573,00:24:51.333,693313639
1492.920285,1492.366000,-0.554285,00:24:52.366,693874942
1493.930009,1493.366000,-0.564009,00:24:53.366,694430145
1494.935352,1494.366000,-0.569352,00:24:54.366,694979156
1495.942485,1495.366000,-0.576485,00:24:55.366,695542625
1496.945916,1496.366000,-0.579916,00:24:56.366,696126813
1497.948752,1497.399000,-0.549752,00:24:57.399,696753213
1498.957815,1498.399000,-0.558815,00:24:58.399,697360227
1499.965049,1499.399000,-0.566049,00:24:59.399,698015651
1500.972587,1500.399000,-0.573587,00:25:00.399,698671259
1501.982368,1501.433000,-0.549368,00:25:01.433,699403727
1502.988952,1502.433000,-0.555952,00:25:02.433,700036464
1503.993240,1503.433000,-0.560240,00:25:03.433,700588696
1505.001001,1504.433000,-0.568001,00:25:04.433,701141220
1506.008915,1505.433000,-0.575915,00:25:05.433,701744485
1507.018704,1506.466000,-0.552704,00:25:06.466,702436835
1508.024239,1507.466000,-0.558239,00:25:07.466,703206088
1509.031019,1508.466000,-0.565019,00:25:08.466,703821731
1510.039716,1509.466000,-0.573716,00:25:09.466,704446929
1511.043545,1510.499000,-0.544545,00:25:10.499,705189441
1512.047809,1511.499000,-0.548809,00:25:11.499,705952813
1513.053476,1512.499000,-0.554476,00:25:12.499,706724934
1514.061061,1513.499000,-0.562061,00:25:13.499,707419209
1515.066094,1514.499000,-0.567094,00:25:14.499,708134037
1516.071013,1515.499000,-0.572013,00:25:15.499,708872355
1517.081207,1516.533000,-0.548207,00:25:16.533,709512835
1518.083388,1517.533000,-0.550388,00:25:17.533,710087894
1519.090296,1518.533000,-0.557296,00:25:18.533,710693236
1520.101150,1519.533000,-0.568150,00:25:19.533,711328570
1521.108068,1520.533000,-0.575068,00:25:20.533,711948871
1522.118064,1521.566000,-0.552064,00:25:21.566,712571570
1523.126212,1522.566000,-0.560212,00:25:22.566,713173551
1524.133961,1523.566000,-0.567961,00:25:23.566,713799814
1525.143777,1524.566000,-0.577777,00:25:24.566,714391027
1526.149248,1525.599000,-0.550248,00:25:25.599,715007023
1527.155262,1526.599000,-0.556262,00:25:26.599,715618316
1528.163664,1527.599000,-0.564664,00:25:27.599,716241221
1529.167736,1528.599000,-0.568736,00:25:28.599,716890519
1530.177777,1529.599000,-0.578777,00:25:29.599,717585904
1531.181082,1530.633000,-0.548082,00:25:30.633,718401515
1532.194667,1531.633000,-0.561667,00:25:31.633,719054266
1533.197054,1532.633000,-0.564054,00:25:32.633,719649087
1534.212469,1533.666000,-0.546469,00:25:33.666,720262703
1535.214902,1534.666000,-0.548902,00:25:34.666,720883953
1536.231141,1535.666000,-0.565141,00:25:35.666,721502488
1537.236346,1536.666000,-0.570346,00:25:36.666,722095876
1538.243775,1537.699000,-0.544775,00:25:37.699,722722710
1539.258285,1538.699000,-0.559285,00:25:38.699,723366779
1540.261955,1539.699000,-0.562955,00:25:39.699,723946238
1541.270860,1540.699000,-0.571860,00:25:40.699,724543836
1542.272835,1541.699000,-0.573835,00:25:41.699,725110927
1543.277377,1542.733000,-0.544377,00:25:42.733,725701775
1544.293119,1543.733000,-0.560119,00:25:43.733,726298690
1545.305953,1544.733000,-0.572953,00:25:44.733,726914797
1546.313001,1545.733000,-0.580001,00:25:45.733,727685027
1547.317045,1546.766000,-0.551045,00:25:46.766,728621522
1548.318935,1547.766000,-0.552935,00:25:47.766,729584919
1549.321857,1548.766000,-0.555857,00:25:48.766,730610938
1550.326036,1549.766000,-0.560036,00:25:49.766,731595784
1551.338976,1550.766000,-0.572976,00:25:50.766,732589602
1552.340754,1551.766000,-0.574754,00:25:51.766,733602726
1553.356928,1552.799000,-0.557928,00:25:52.799,734570435
1554.361687,1553.799000,-0.562687,00:25:53.799,735556761
1555.368127,1554.799000,-0.569127,00:25:54.799,736477860
1556.371886,1555.799000,-0.572886,00:25:55.799,737422555
1557.379159,1556.833000,-0.546159,00:25:56.833,738385739
1558.382707,1557.833000,-0.549707,00:25:57.833,739294221
1559.385027,1558.833000,-0.552027,00:25:58.833,740013124
1560.389988,1559.833000,-0.556988,00:25:59.833,740620851
1561.391612,1560.833000,-0.558612,00:26:00.833,741296925
1562.393504,1561.833000,-0.560504,00:26:01.833,741983430
1563.401777,1562.833000,-0.568777,00:26:02.833,742758699
1564.406807,1563.833000,-0.573807,00:26:03.833,743555299
1565.411377,1564.833000,-0.578377,00:26:04.833,744315971
1566.419104,1565.866000,-0.553104,00:26:05.866,745057584
1567.426884,1566.866000,-0.560884,00:26:06.866,745758404
1568.435069,1567.866000,-0.569069,00:26:07.866,746353737
1569.443560,1568.866000,-0.577560,00:26:08.866,746974467
1570.451499,1569.899000,-0.552499,00:26:09.899,747639319
1571.453563,1570.899000,-0.554563,00:26:10.899,748291175
1572.469369,1571.899000,-0.570369,00:26:11.899,748950510
1573.473904,1572.899000,-0.574904,00:26:12.899,749704260
1574.479236,1573.899000,-0.580236,00:26:13.899,750506299
1575.481545,1574.899000,-0.582545,00:26:14.899,751278083
1576.488277,1575.933000,-0.555277,00:26:15.933,752028305
1577.493686,1576.933000,-0.560686,00:26:16.933,752622698
1578.502473,1577.933000,-0.569473,00:26:17.933,753248951
1579.510188,1578.933000,-0.577188,00:26:18.933,754002890
1580.517331,1579.966000,-0.551331,00:26:19.966,754612313
1581.524850,1580.966000,-0.558850,00:26:20.966,755245110
1582.528889,1581.966000,-0.562889,00:26:21.966,755953654
1583.535193,1582.966000,-0.569193,00:26:22.966,756649910
1584.551181,1583.999000,-0.552181,00:26:23.999,757355020
1585.558026,1584.999000,-0.559026,00:26:24.999,758077002
1586.562233,1585.999000,-0.563233,00:26:25.999,758849836
1587.578086,1586.999000,-0.579086,00:26:26.999,759640330
1588.584897,1588.033000,-0.551897,00:26:28.033,760408160
1589.593504,1589.033000,-0.560504,00:26:29.033,761211322
1590.597114,1590.033000,-0.564114,00:26:30.033,761998350
1591.599146,1591.033000,-0.566146,00:26:31.033,762829248
1592.600218,1592.033000,-0.567218,00:26:32.033,763620106
1593.602275,1593.033000,-0.569275,00:26:33.033,764390128
1594.604935,1594.033000,-0.571935,00:26:34.033,765168425
1595.607074,1595.033000,-0.574074,00:26:35.033,765930686
1596.621644,1596.066000,-0.555644,00:26:36.066,766777852
1597.633527,1597.066000,-0.567527,00:26:37.066,767592973
1598.634717,1598.066000,-0.568717,00:26:38.066,768347326
1599.648125,1599.066000,-0.582125,00:26:39.066,769133555
1600.654913,1600.099000,-0.555913,00:26:40.099,769884987
1601.670819,1601.099000,-0.571819,00:26:41.099,770602374
1602.674850,1602.099000,-0.575850,00:26:42.099,771328899
1603.678328,1603.099000,-0.579328,00:26:43.099,771933632
1604.688814,1604.133000,-0.555814,00:26:44.133,772544197
1605.704096,1605.133000,-0.571096,00:26:45.133,773070060
1606.707015,1606.133000,-0.574015,00:26:46.133,773640508
1607.710871,1607.133000,-0.577871,00:26:47.133,774314102
1608.723843,1608.166000,-0.557843,00:26:48.166,774980302
1609.726579,1609.166000,-0.560579,00:26:49.166,775581955
1610.742496,1610.166000,-0.576496,00:26:50.166,776305914
1611.748272,1611.166000,-0.582272,00:26:51.166,777130479
1612.765000,1612.199000,-0.566000,00:26:52.199,777907056
1613.771647,1613.199000,-0.572647,00:26:53.199,778524375
1614.774993,1614.199000,-0.575993,00:26:54.199,779015181
1615.779894,1615.199000,-0.580894,00:26:55.199,779547264
1616.781882,1616.199000,-0.582882,00:26:56.199,780128562
1617.798007,1617.233000,-0.565007,00:26:57.233,780796203
1618.811815,1618.233000,-0.578815,00:26:58.233,781454224
1619.816745,1619.266000,-0.550745,00:26:59.266,781997980
1620.833702,1620.266000,-0.567702,00:27:00.266,782430705
1621.847136,1621.266000,-0.581136,00:27:01.266,782858974
1622.852804,1622.299000,-0.553804,00:27:02.299,783302177
1623.866749,1623.299000,-0.567749,00:27:03.299,783877657
1624.882794,1624.333000,-0.549794,00:27:04.333,784607605
1625.884743,1625.333000,-0.551743,00:27:05.333,785160262
1626.888266,1626.333000,-0.555266,00:27:06.333,785775467
1627.891700,1627.333000,-0.558700,00:27:07.333,786495793
1628.905456,1628.333000,-0.572456,00:27:08.333,787205756
1629.908344,1629.333000,-0.575344,00:27:09.333,787903196
1630.910866,1630.333000,-0.577866,00:27:10.333,788681516
1631.913542,1631.333000,-0.580542,00:27:11.333,789455698
1632.918209,1632.366000,-0.552209,00:27:12.366,790251513
1633.924741,1633.366000,-0.558741,00:27:13.366,790857004
1634.927266,1634.366000,-0.561266,00:27:14.366,791519173
1635.942382,1635.366000,-0.576382,00:27:15.366,792203888
1636.958312,1636.399000,-0.559312,00:27:16.399,792910136
1637.970440,1637.399000,-0.571440,00:27:17.399,793502122
1638.973392,1638.399000,-0.574392,00:27:18.399,794011712
1639.978178,1639.399000,-0.579178,00:27:19.399,794549838
1640.994742,1640.433000,-0.561742,00:27:20.433,795146226
1642.009129,1641.433000,-0.576129,00:27:21.433,795784310
1643.023720,1642.466000,-0.557720,00:27:22.466,796397219
1644.038852,1643.466000,-0.572852,00:27:23.466,796941423
1645.053498,1644.499000,-0.554498,00:27:24.499,797563484
1646.066929,1645.499000,-0.567929,00:27:25.499,798163017
1647.079109,1646.499000,-0.580109,00:27:26.499,798765760
1648.094118,1647.533000,-0.561118,00:27:27.533,799372391
1649.106012,1648.533000,-0.573012,00:27:28.533,800013568
1650.120553,1649.566000,-0.554553,00:27:29.566,800693913
1651.135987,1650.566000,-0.569987,00:27:30.566,801314655
1652.147330,1651.566000,-0.581330,00:27:31.566,801869676
1653.149366,1652.599000,-0.550366,00:27:32.599,802418232
1654.164871,1653.599000,-0.565871,00:27:33.599,802948518
1655.166058,1654.599000,-0.567058,00:27:34.599,803514966
1656.169291,1655.599000,-0.570291,00:27:35.599,804123671
1657.181256,1656.633000,-0.548256,00:27:36.633,804713378
1658.196072,1657.633000,-0.563072,00:27:37.633,805381649
1659.209342,1658.633000,-0.576342,00:27:38.633,806050293
1660.224708,1659.666000,-0.558708,00:27:39.666,806706048
1661.240274,1660.666000,-0.574274,00:27:40.666,807322208
1662.253390,1661.699000,-0.554390,00:27:41.699,807961622
1663.268791,1662.699000,-0.569791,00:27:42.699,808608090
1664.270223,1663.699000,-0.571223,00:27:43.699,809223810
1665.278817,1664.699000,-0.579817,00:27:44.699,809827837
1666.280190,1665.699000,-0.581190,00:27:45.699,810476395
1667.296435,1666.733000,-0.563435,00:27:46.733,811091711
1668.312036,1667.766000,-0.546036,00:27:47.766,811668088
1669.322380,1668.766000,-0.556380,00:27:48.766,812284195
1670.334670,1669.766000,-0.568670,00:27:49.766,813019836
1671.348855,1670.799000,-0.549855,00:27:50.799,813810138
1672.364947,1671.799000,-0.565947,00:27:51.799,814477338
1673.380597,1672.799000,-0.581597,00:27:52.799,815059582
1674.396974,1673.833000,-0.563974,00:27:53.833,815675248
1675.412485,1674.833000,-0.579485,00:27:54.833,816162838
1676.413956,1675.833000,-0.580956,00:27:55.833,816674568
1677.416219,1676.866000,-0.550219,00:27:56.866,817207396
1678.417403,1677.866000,-0.551403,00:27:57.866,817737201
1679.425029,1678.866000,-0.559029,00:27:58.866,818324106
1680.427325,1679.866000,-0.561325,00:27:59.866,819012771
1681.433578,1680.866000,-0.567578,00:28:00.866,819631763
1682.435159,1681.866000,-0.569159,00:28:01.866,820391753
1683.451658,1682.899000,-0.552658,00:28:02.899,821071663
1684.453941,1683.899000,-0.554941,00:28:03.899,821689155
1685.469654,1684.899000,-0.570654,00:28:04.899,822274005
1686.473206,1685.899000,-0.574206,00:28:05.899,822927343
1687.478596,1686.899000,-0.579596,00:28:06.899,823622211
1688.481240,1687.899000,-0.582240,00:28:07.899,824323870
1689.496223,1688.933000,-0.563223,00:28:08.933,825064036
1690.499884,1689.933000,-0.566884,00:28:09.933,825708396
1691.511663,1690.933000,-0.578663,00:28:10.933,826316925
1692.527185,1691.966000,-0.561185,00:28:11.966,826927595
1693.540547,1692.966000,-0.574547,00:28:12.966,827561084
1694.556115,1693.999000,-0.557115,00:28:13.999,828184022
1695.559071,1694.999000,-0.560071,00:28:14.999,828755712
1696.562761,1695.999000,-0.563761,00:28:15.999,829350926
1697.566121,1696.999000,-0.567121,00:28:16.999,829963432
1698.567279,1697.999000,-0.568279,00:28:17.999,830646722
1699.581770,1698.999000,-0.582770,00:28:18.999,831456132
1700.584652,1700.033000,-0.551652,00:28:20.033,832260433
1701.586764,1701.033000,-0.553764,00:28:21.033,833039974
1702.591505,1702.033000,-0.558505,00:28:22.033,833769467
1703.592613,1703.033000,-0.559613,00:28:23.033,834343203
1704.595751,1704.033000,-0.562751,00:28:24.033,834891823
1705.610450,1705.033000,-0.577450,00:28:25.033,835380134
1706.623863,1706.066000,-0.557863,00:28:26.066,835883476
1707.639223,1707.066000,-0.573223,00:28:27.066,836452202
1708.652418,1708.099000,-0.553418,00:28:28.099,837025053
1709.665808,1709.099000,-0.566808,00:28:29.099,837612558
1710.679451,1710.133000,-0.546451,00:28:30.133,838177604
1711.691628,1711.133000,-0.558628,00:28:31.133,838736003
1712.707159,1712.133000,-0.574159,00:28:32.133,839394919
1713.721467,1713.166000,-0.555467,00:28:33.166,840152385
1714.736079,1714.166000,-0.570079,00:28:34.166,840880601
1715.747858,1715.166000,-0.581858,00:28:35.166,841541697
1716.761896,1716.199000,-0.562896,00:28:36.199,842123059
1717.773857,1717.199000,-0.574857,00:28:37.199,842722554
1718.789261,1718.233000,-0.556261,00:28:38.233,843341493
1719.805016,1719.233000,-0.572016,00:28:39.233,843960472
1720.821532,1720.266000,-0.555532,00:28:40.266,844588247
1721.834837,1721.266000,-0.568837,00:28:41.266,845176050
1722.846844,1722.266000,-0.580844,00:28:42.266,845830904
1723.862502,1723.299000,-0.563502,00:28:43.299,846583679
1724.878313,1724.299000,-0.579313,00:28:44.299,847339675
1725.891335,1725.333000,-0.558335,00:28:45.333,848070040
1726.907277,1726.333000,-0.574277,00:28:46.333,848709122
1727.910427,1727.333000,-0.577427,00:28:47.333,849391437
1728.912470,1728.333000,-0.579470,00:28:48.333,850094434
1729.924733,1729.366000,-0.558733,00:28:49.366,850844643
1730.926090,1730.366000,-0.560090,00:28:50.366,851546661
1731.941395,1731.366000,-0.575395,00:28:51.366,852273241
1732.953270,1732.399000,-0.554270,00:28:52.399,853044242
1733.966896,1733.399000,-0.567896,00:28:53.399,853706575
1734.981620,1734.433000,-0.548620,00:28:54.433,854333731
1735.997988,1735.433000,-0.564988,00:28:55.433,855013582
1737.011495,1736.433000,-0.578495,00:28:56.433,855703192
1738.012707,1737.433000,-0.579707,00:28:57.433,856377629
1739.026371,1738.466000,-0.560371,00:28:58.466,857090677
1740.040121,1739.466000,-0.574121,00:28:59.466,857730095
1741.054397,1740.499000,-0.555397,00:29:00.499,858436546
1742.067916,1741.499000,-0.568916,00:29:01.499,859076830
1743.075073,1742.499000,-0.576073,00:29:02.499,859673303
1744.088994,1743.533000,-0.555994,00:29:03.533,860341077
1745.097289,1744.533000,-0.564289,00:29:04.533,860999398
1746.111292,1745.533000,-0.578292,00:29:05.533,861653878
1747.127028,1746.566000,-0.561028,00:29:06.566,862328481
1748.128022,1747.566000,-0.562022,00:29:07.566,863029428
1749.130325,1748.566000,-0.564325,00:29:08.566,863742795
1750.139206,1749.566000,-0.573206,00:29:09.566,864330914
1751.155919,1750.599000,-0.556919,00:29:10.599,864926185
1752.160721,1751.599000,-0.561721,00:29:11.599,865525980
1753.166148,1752.599000,-0.567148,00:29:12.599,866123586
1754.180523,1753.633000,-0.547523,00:29:13.633,866726562
1755.181707,1754.633000,-0.548707,00:29:14.633,867308207
1756.185011,1755.633000,-0.552011,00:29:15.633,867903554
1757.200864,1756.633000,-0.567864,00:29:16.633,868533931
1758.207937,1757.633000,-0.574937,00:29:17.633,869207387
1759.216878,1758.666000,-0.550878,00:29:18.666,869879882
1760.226157,1759.666000,-0.560157,00:29:19.666,870495408
1761.232269,1760.666000,-0.566269,00:29:20.666,871098300
1762.241810,1761.666000,-0.575810,00:29:21.666,871698437
1763.248545,1762.699000,-0.549545,00:29:22.699,872273647
1764.252759,1763.699000,-0.553759,00:29:23.699,872813059
1765.258581,1764.699000,-0.559581,00:29:24.699,873414734
1766.262798,1765.699000,-0.563798,00:29:25.699,874073670
1767.268686,1766.699000,-0.569686,00:29:26.699,874666234
1768.275015,1767.699000,-0.576015,00:29:27.699,875242055
1769.280821,1768.699000,-0.581821,00:29:28.699,875859335
1770.286717,1769.733000,-0.553717,00:29:29.733,876554184
1771.291273,1770.733000,-0.558273,00:29:30.733,877249046
1772.294863,1771.733000,-0.561863,00:29:31.733,877927892
1773.310966,1772.733000,-0.577966,00:29:32.733,878597211
1774.314069,1773.733000,-0.581069,00:29:33.733,879282985
1775.317333,1774.766000,-0.551333,00:29:34.766,879960429
1776.333488,1775.766000,-0.567488,00:29:35.766,880651850
1777.338484,1776.766000,-0.572484,00:29:36.766,881308842
1778.343721,1777.766000,-0.577721,00:29:37.766,881971424
1779.345988,1778.766000,-0.579988,00:29:38.766,882643512
1780.348250,1779.766000,-0.582250,00:29:39.766,883319336
1781.350389,1780.799000,-0.551389,00:29:40.799,884040624
1782.366815,1781.799000,-0.567815,00:29:41.799,884757916
1783.380446,1782.799000,-0.581446,00:29:42.799,885508087
1784.382775,1783.833000,-0.549775,00:29:43.833,886244781
1785.384962,1784.833000,-0.551962,00:29:44.833,886909665
1786.388489,1785.833000,-0.555489,00:29:45.833,887558432
1787.403575,1786.833000,-0.570575,00:29:46.833,888241726
1788.419087,1787.866000,-0.553087,00:29:47.866,889002344
1789.421532,1788.866000,-0.555532,00:29:48.866,889735072
1790.436358,1789.866000,-0.570358,00:29:49.866,890417913
1791.452226,1790.899000,-0.553226,00:29:50.899,891148235
1792.462383,1791.899000,-0.563383,00:29:51.899,891860324
1793.463544,1792.899000,-0.564544,00:29:52.899,892535373
1794.470075,1793.899000,-0.571075,00:29:53.899,893247810
1795.481490,1794.933000,-0.548490,00:29:54.933,893917507
1796.491226,1795.933000,-0.558226,00:29:55.933,894494436
1797.504727,1796.933000,-0.571727,00:29:56.933,895058630
1798.518302,1797.966000,-0.552302,00:29:57.966,895643926
1799.532033,1798.966000,-0.566033,00:29:58.966,896261917
1800.545196,1799.966000,-0.579196,00:29:59.966,896864813
1801.560442,1800.999000,-0.561442,00:30:00.999,897548154
1802.567913,1801.999000,-0.568913,00:30:01.999,898272731
1803.569413,1802.999000,-0.570413,00:30:02.999,899032212
1804.586030,1804.033000,-0.553030,00:30:04.033,899813183
1805.598315,1805.033000,-0.565315,00:30:05.033,900563945
1806.609013,1806.033000,-0.576013,00:30:06.033,901349025
1807.621890,1807.066000,-0.555890,00:30:07.066,902076561
1808.638086,1808.066000,-0.572086,00:30:08.066,902740137
1809.639176,1809.066000,-0.573176,00:30:09.066,903475060
1810.655167,1810.099000,-0.556167,00:30:10.099,904246281
1811.667790,1811.099000,-0.568790,00:30:11.099,904937212
1812.676910,1812.099000,-0.577910,00:30:12.099,905611621
1813.693305,1813.133000,-0.560305,00:30:13.133,906329396
1814.694576,1814.133000,-0.561576,00:30:14.133,906934983
1815.700633,1815.133000,-0.567633,00:30:15.133,907590995
1816.702106,1816.133000,-0.569106,00:30:16.133,908299625
1817.703568,1817.133000,-0.570568,00:30:17.133,909001958
1818.705818,1818.133000,-0.572818,00:30:18.133,909689604
1819.720962,1819.166000,-0.554962,00:30:19.166,910284451
1820.727541,1820.166000,-0.561541,00:30:20.166,910846509
1821.743835,1821.166000,-0.577835,00:30:21.166,911447888
1822.745114,1822.199000,-0.546114,00:30:22.199,912189435
1823.751724,1823.199000,-0.552724,00:30:23.199,912954981
1824.754843,1824.199000,-0.555843,00:30:24.199,913714311
1825.757587,1825.199000,-0.558587,00:30:25.199,914459035
1826.764154,1826.199000,-0.565154,00:30:26.199,915177220
1827.767718,1827.199000,-0.568718,00:30:27.199,915895463
1828.771133,1828.199000,-0.572133,00:30:28.199,916604875
1829.783533,1829.233000,-0.550533,00:30:29.233,917350859
1830.784703,1830.233000,-0.551703,00:30:30.233,917944408
1831.791659,1831.233000,-0.558659,00:30:31.233,918463540
1832.795969,1832.233000,-0.562969,00:30:32.233,919013971
1833.803764,1833.233000,-0.570764,00:30:33.233,919561123
1834.810356,1834.233000,-0.577356,00:30:34.233,920127536
1835.815215,1835.266000,-0.549215,00:30:35.266,920724519
1836.823672,1836.266000,-0.557672,00:30:36.266,921337018
1837.828406,1837.266000,-0.562406,00:30:37.266,922015869
1838.832772,1838.266000,-0.566772,00:30:38.266,922651711
1839.848299,1839.266000,-0.582299,00:30:39.266,923269394
1840.862296,1840.299000,-0.563296,00:30:40.299,923926388
1841.866145,1841.299000,-0.567145,00:30:41.299,924588964
1842.870784,1842.299000,-0.571784,00:30:42.299,925257968
1843.874789,1843.299000,-0.575789,00:30:43.299,925885793
1844.880553,1844.299000,-0.581553,00:30:44.299,926462144
1845.882744,1845.333000,-0.549744,00:30:45.333,927060789
1846.887561,1846.333000,-0.554561,00:30:46.333,927709520
1847.895086,1847.333000,-0.562086,00:30:47.333,928350461
1848.911320,1848.333000,-0.578320,00:30:48.333,928952778
1849.915971,1849.366000,-0.549971,00:30:49.366,929652045
1850.921391,1850.366000,-0.555391,00:30:50.366,930306788
1851.926083,1851.366000,-0.560083,00:30:51.366,930996948
1852.928337,1852.366000,-0.562337,00:30:52.366,931691713
1853.934823,1853.366000,-0.568823,00:30:53.366,932326982
1854.948446,1854.399000,-0.549446,00:30:54.399,933005593
1855.952754,1855.399000,-0.553754,00:30:55.399,933682524
1856.958223,1856.399000,-0.559223,00:30:56.399,934355002
1857.960284,1857.399000,-0.561284,00:30:57.399,934984096
1858.961500,1858.399000,-0.562500,00:30:58.399,935555743
1859.965050,1859.399000,-0.566050,00:30:59.399,936107953
1860.978231,1860.399000,-0.579231,00:31:00.399,936667564
1861.990324,1861.433000,-0.557324,00:31:01.433,937296598
1862.993780,1862.433000,-0.560780,00:31:02.433,937969742
1864.008686,1863.433000,-0.575686,00:31:03.433,938687845
1865.020226,1864.466000,-0.554226,00:31:04.466,939438270
1866.035405,1865.466000,-0.569405,00:31:05.466,940205024
1867.051696,1866.499000,-0.552696,00:31:06.499,940852665
1868.060889,1867.499000,-0.561889,00:31:07.499,941418334
1869.062686,1868.499000,-0.563686,00:31:08.499,942032001
1870.065112,1869.499000,-0.566112,00:31:09.499,942643231
1871.077998,1870.499000,-0.578998,00:31:10.499,943228500
1872.082213,1871.499000,-0.583213,00:31:11.499,943830950
1873.095255,1872.533000,-0.562255,00:31:12.533,944488108
1874.102837,1873.533000,-0.569837,00:31:13.533,945212097
1875.116782,1874.566000,-0.550782,00:31:14.566,945972331
1876.122396,1875.566000,-0.556396,00:31:15.566,946670444
1877.126956,1876.566000,-0.560956,00:31:16.566,947248595
1878.132762,1877.566000,-0.566762,00:31:17.566,947822288
1879.146541,1878.566000,-0.580541,00:31:18.566,948518256
1880.159429,1879.599000,-0.560429,00:31:19.599,949255525
1881.162590,1880.599000,-0.563590,00:31:20.599,949955100
1882.167502,1881.599000,-0.568502,00:31:21.599,950580825
1883.173754,1882.599000,-0.574754,00:31:22.599,951300950
1884.180753,1883.599000,-0.581753,00:31:23.599,951952919
1885.192760,1884.633000,-0.559760,00:31:24.633,952555324
1886.198376,1885.633000,-0.565376,00:31:25.633,953249879
1887.201971,1886.633000,-0.568971,00:31:26.633,953889178
1888.206626,1887.633000,-0.573626,00:31:27.633,954554662
1889.219669,1888.666000,-0.553669,00:31:28.666,955135142
1890.224193,1889.666000,-0.558193,00:31:29.666,955611987
1891.234907,1890.666000,-0.568907,00:31:30.666,956144944
1892.240795,1891.666000,-0.574795,00:31:31.666,956632334
1893.242414,1892.666000,-0.576414,00:31:32.666,957133919
1894.247356,1893.666000,-0.581356,00:31:33.666,957637328
1895.258088,1894.699000,-0.559088,00:31:34.699,958172803
1896.267833,1895.699000,-0.568833,00:31:35.699,958725636
1897.276644,1896.699000,-0.577644,00:31:36.699,959378278
1898.291204,1897.733000,-0.558204,00:31:37.733,960077607
1899.302380,1898.733000,-0.569380,00:31:38.733,960745223
1900.315172,1899.766000,-0.549172,00:31:39.766,961287819
1901.325004,1900.766000,-0.559004,00:31:40.766,961805735
1902.334560,1901.766000,-0.568560,00:31:41.766,962399306
1903.344963,1902.766000,-0.578963,00:31:42.766,963052254
1904.351534,1903.799000,-0.552534,00:31:43.799,963720930
1905.357727,1904.799000,-0.558727,00:31:44.799,964406255
1906.369319,1905.799000,-0.570319,00:31:45.799,965125350
1907.374719,1906.799000,-0.575719,00:31:46.799,965836917
1908.380353,1907.833000,-0.547353,00:31:47.833,966666305
1909.391323,1908.833000,-0.558323,00:31:48.833,967412663
1910.395141,1909.833000,-0.562141,00:31:49.833,968105575
1911.408136,1910.833000,-0.575136,00:31:50.833,968825712
1912.412610,1911.833000,-0.579610,00:31:51.833,969518621
1913.421791,1912.866000,-0.555791,00:31:52.866,970261192
1914.431186,1913.866000,-0.565186,00:31:53.866,970970235
1915.436229,1914.866000,-0.570229,00:31:54.866,971630251
1916.439081,1915.866000,-0.573081,00:31:55.866,972270735
1917.450393,1916.899000,-0.551393,00:31:56.899,972943215
1918.454842,1917.899000,-0.555842,00:31:57.899,973547410
1919.459109,1918.899000,-0.560109,00:31:58.899,974132995
1920.467537,1919.899000,-0.568537,00:31:59.899,974729682
1921.474962,1920.899000,-0.575962,00:32:00.899,975386297
1922.480346,1921.933000,-0.547346,00:32:01.933,976092095
1923.489281,1922.933000,-0.556281,00:32:02.933,976740228
1924.504327,1923.933000,-0.571327,00:32:03.933,977326869
1925.512341,1924.933000,-0.579341,00:32:04.933,977858271
1926.517306,1925.966000,-0.551306,00:32:05.966,978424403
1927.519400,1926.966000,-0.553400,00:32:06.966,978989837
1928.521983,1927.966000,-0.555983,00:32:07.966,979551124
1929.529856,1928.966000,-0.563856,00:32:08.966,980095670
1930.533661,1929.966000,-0.567661,00:32:09.966,980644511
1931.537869,1930.966000,-0.571869,00:32:10.966,981267329
1932.543388,1931.966000,-0.577388,00:32:11.966,981889807
1933.546992,1932.966000,-0.580992,00:32:12.966,982418751
1934.550574,1933.999000,-0.551574,00:32:13.999,982994518
1935.565347,1934.999000,-0.566347,00:32:14.999,983570818
1936.567630,1935.999000,-0.568630,00:32:15.999,984145534
1937.575133,1936.999000,-0.576133,00:32:16.999,984732025
1938.581240,1937.999000,-0.582240,00:32:17.999,985341402
1939.583734,1939.033000,-0.550734,00:32:19.033,986006204
1940.585374,1940.033000,-0.552374,00:32:20.033,986645690
1941.590608,1941.033000,-0.557608,00:32:21.033,987263096
1942.597759,1942.033000,-0.564759,00:32:22.033,987862447
1943.602049,1943.033000,-0.569049,00:32:23.033,988523785
1944.604705,1944.033000,-0.571705,00:32:24.033,989232082
1945.612158,1945.033000,-0.579158,00:32:25.033,989875815
1946.616916,1946.066000,-0.550916,00:32:26.066,990375307
1947.618883,1947.066000,-0.552883,00:32:27.066,990842377
1948.622676,1948.066000,-0.556676,00:32:28.066,991342154
1949.630776,1949.066000,-0.564776,00:32:29.066,991969602
1950.635233,1950.066000,-0.569233,00:32:30.066,992658950
1951.649452,1951.099000,-0.550452,00:32:31.099,993344682
1952.656939,1952.099000,-0.557939,00:32:32.099,994017255
1953.661012,1953.099000,-0.562012,00:32:33.099,994657017
1954.668573,1954.099000,-0.569573,00:32:34.099,995365202
1955.673854,1955.099000,-0.574854,00:32:35.099,996107782
1956.677138,1956.099000,-0.578138,00:32:36.099,996866005
1957.682347,1957.133000,-0.549347,00:32:37.133,997636034
1958.687654,1958.133000,-0.554654,00:32:38.133,998339681
1959.696396,1959.133000,-0.563396,00:32:39.133,999113825
1960.707545,1960.133000,-0.574545,00:32:40.133,999820972
1961.717727,1961.166000,-0.551727,00:32:41.166,1000511581
1962.728534,1962.166000,-0.562534,00:32:42.166,1001273797
1963.731340,1963.166000,-0.565340,00:32:43.166,1002061102
1964.737883,1964.166000,-0.571883,00:32:44.166,1002976574
1965.743062,1965.166000,-0.577062,00:32:45.166,1004005009
1966.746532,1966.199000,-0.547532,00:32:46.199,1005020333
1967.749531,1967.199000,-0.550531,00:32:47.199,1006013225
1968.756454,1968.199000,-0.557454,00:32:48.199,1007072151
1969.767864,1969.199000,-0.568864,00:32:49.199,1008098483
1970.776364,1970.233000,-0.543364,00:32:50.233,1009241267
1971.784602,1971.233000,-0.551602,00:32:51.233,1010241786
1972.790519,1972.233000,-0.557519,00:32:52.233,1011263873
1973.806420,1973.233000,-0.573420,00:32:53.233,1012305434
1974.822207,1974.266000,-0.556207,00:32:54.266,1013376958
1975.831358,1975.266000,-0.565358,00:32:55.266,1014374158
1976.839777,1976.266000,-0.573777,00:32:56.266,1015277044
1977.844811,1977.266000,-0.578811,00:32:57.266,1016236358
1978.850157,1978.299000,-0.551157,00:32:58.299,1017270489
1979.856297,1979.299000,-0.557297,00:32:59.299,1018194387
1980.858501,1980.299000,-0.559501,00:33:00.299,1019055052
1981.864100,1981.299000,-0.565100,00:33:01.299,1019847366
1982.870523,1982.299000,-0.571523,00:33:02.299,1020699674
1983.875251,1983.299000,-0.576251,00:33:03.299,1021458021
1984.879012,1984.333000,-0.546012,00:33:04.333,1022192113
1985.885146,1985.333000,-0.552146,00:33:05.333,1022947491
1986.891480,1986.333000,-0.558480,00:33:06.333,1023643938
1987.897476,1987.333000,-0.564476,00:33:07.333,1024276538
1988.902350,1988.333000,-0.569350,00:33:08.333,1024929712
1989.906592,1989.333000,-0.573592,00:33:09.333,1025613795
1990.910060,1990.333000,-0.577060,00:33:10.333,1026391236
1991.923179,1991.366000,-0.557179,00:33:11.366,1027169071
1992.927293,1992.366000,-0.561293,00:33:12.366,1027903662
1993.930409,1993.366000,-0.564409,00:33:13.366,1028603289
1994.935040,1994.366000,-0.569040,00:33:14.366,1029270792
1995.938011,1995.366000,-0.572011,00:33:15.366,1029940193
1996.939884,1996.366000,-0.573884,00:33:16.366,1030647057
1997.945133,1997.366000,-0.579133,00:33:17.366,1031299800
1998.956528,1998.399000,-0.557528,00:33:18.399,1031894968
1999.959281,1999.399000,-0.560281,00:33:19.399,1032498676
2000.964173,2000.399000,-0.565173,00:33:20.399,1033073433
2001.977381,2001.399000,-0.578381,00:33:21.399,1033679056
2002.979127,2002.399000,-0.580127,00:33:22.399,1034267722
2003.986854,2003.433000,-0.553854,00:33:23.433,1034894679
2004.988997,2004.433000,-0.555997,00:33:24.433,1035598799
2005.994924,2005.433000,-0.561924,00:33:25.433,1036319779
2006.998681,2006.433000,-0.565681,00:33:26.433,1037056847
2008.001783,2007.433000,-0.568783,00:33:27.433,1037791495
2009.017303,2008.466000,-0.551303,00:33:28.466,1038585223
2010.020159,2009.466000,-0.554159,00:33:29.466,1039344976
2011.023099,2010.466000,-0.557099,00:33:30.466,1040093156
2012.027985,2011.466000,-0.561985,00:33:31.466,1040800737
2013.042397,2012.466000,-0.576397,00:33:32.466,1041498755
2014.057985,2013.499000,-0.558985,00:33:33.499,1042230707
2015.060203,2014.499000,-0.561203,00:33:34.499,1042935193
2016.062108,2015.499000,-0.563108,00:33:35.499,1043607239
2017.063530,2016.499000,-0.564530,00:33:36.499,1044231053
2018.077504,2017.499000,-0.578504,00:33:37.499,1044783242
2019.092985,2018.533000,-0.559985,00:33:38.533,1045237154
2020.101789,2019.533000,-0.568789,00:33:39.533,1045684955
2021.104663,2020.533000,-0.571663,00:33:40.533,1046173041
2022.118691,2021.566000,-0.552691,00:33:41.566,1046715014
2023.134718,2022.566000,-0.568718,00:33:42.566,1047272342
2024.135998,2023.566000,-0.569998,00:33:43.566,1047872846
2025.140107,2024.566000,-0.574107,00:33:44.566,1048467124
2026.145658,2025.566000,-0.579658,00:33:45.566,1049200341
2027.153443,2026.599000,-0.554443,00:33:46.599,1049997231
2028.169527,2027.599000,-0.570527,00:33:47.599,1050679316
2029.171238,2028.599000,-0.572238,00:33:48.599,1051351468
2030.175675,2029.599000,-0.576675,00:33:49.599,1052073040
2031.179281,2030.599000,-0.580281,00:33:50.599,1052809013
2032.180679,2031.599000,-0.581679,00:33:51.599,1053498643
2033.182587,2032.633000,-0.549587,00:33:52.633,1054165936
2034.190290,2033.633000,-0.557290,00:33:53.633,1054816793
2035.194406,2034.633000,-0.561406,00:33:54.633,1055527365
2036.196016,2035.633000,-0.563016,00:33:55.633,1056269313
2037.209987,2036.633000,-0.576987,00:33:56.633,1057024523
2038.225738,2037.666000,-0.559738,00:33:57.666,1057739037
2039.227168,2038.666000,-0.561168,00:33:58.666,1058328422
2040.230654,2039.666000,-0.564654,00:33:59.666,1058938415
2041.237281,2040.666000,-0.571281,00:34:00.666,1059610065
2042.253094,2041.699000,-0.554094,00:34:01.699,1060331674
2043.259249,2042.699000,-0.560249,00:34:02.699,1061069251
2044.262484,2043.699000,-0.563484,00:34:03.699,1061758622
2045.264650,2044.699000,-0.565650,00:34:04.699,1062406737
2046.265766,2045.699000,-0.566766,00:34:05.699,1063083193
2047.267893,2046.699000,-0.568893,00:34:06.699,1063753829
2048.270121,2047.699000,-0.571121,00:34:07.699,1064409905
2049.272123,2048.699000,-0.573123,00:34:08.699,1065080139
2050.285069,2049.733000,-0.552069,00:34:09.733,1065695761
2051.301048,2050.733000,-0.568048,00:34:10.733,1066242632
2052.302956,2051.733000,-0.569956,00:34:11.733,1066792480
2053.314126,2052.766000,-0.548126,00:34:12.766,1067379170
2054.319700,2053.766000,-0.553700,00:34:13.766,1067954443
2055.324760,2054.766000,-0.558760,00:34:14.766,1068534243
2056.327934,2055.766000,-0.561934,00:34:15.766,1069097313
2057.329809,2056.766000,-0.563809,00:34:16.766,1069662183
2058.343694,2057.766000,-0.577694,00:34:17.766,1070297559
2059.360305,2058.799000,-0.561305,00:34:18.799,1070944731
2060.375758,2059.799000,-0.576758,00:34:19.799,1071560510
2061.378299,2060.833000,-0.545299,00:34:20.833,1072153981
2062.379970,2061.799000,-0.580970,00:34:21.799,1072720317
2063.381314,2062.799000,-0.582314,00:34:22.799,1073378257
2064.384011,2063.833000,-0.551011,00:34:23.833,1074155318
2065.390861,2064.833000,-0.557861,00:34:24.833,1074923242
2066.392659,2065.833000,-0.559659,00:34:25.833,1075579063
2067.397929,2066.833000,-0.564929,00:34:26.833,1076139646
2068.414010,2067.833000,-0.581010,00:34:27.833,1076755227
2069.415437,2068.866000,-0.549437,00:34:28.866,1077380788
2070.424003,2069.866000,-0.558003,00:34:29.866,1077981258
2071.439865,2070.866000,-0.573865,00:34:30.866,1078587949
2072.441101,2071.866000,-0.575101,00:34:31.866,1079203953
2073.454288,2072.899000,-0.555288,00:34:32.899,1079884903
2074.456921,2073.899000,-0.557921,00:34:33.899,1080621924
2075.473110,2074.899000,-0.574110,00:34:34.899,1081368808
2076.487462,2075.933000,-0.554462,00:34:35.933,1081995324
2077.497089,2076.933000,-0.564089,00:34:36.933,1082688276
2078.498719,2077.933000,-0.565719,00:34:37.933,1083429789
2079.501883,2078.933000,-0.568883,00:34:38.933,1084114164
2080.504568,2079.933000,-0.571568,00:34:39.933,1084734131
2081.506682,2080.933000,-0.573682,00:34:40.933,1085236327
2082.521260,2081.966000,-0.555260,00:34:41.966,1085766915
2083.537223,2082.966000,-0.571223,00:34:42.966,1086274145
2084.538238,2083.966000,-0.572238,00:34:43.966,1086807733
2085.551860,2084.999000,-0.552860,00:34:44.999,1087379863
2086.567048,2085.999000,-0.568048,00:34:45.999,1087938028
2087.571173,2086.999000,-0.572173,00:34:46.999,1088406159
2088.586181,2088.033000,-0.553181,00:34:48.033,1088879910
2089.593317,2089.033000,-0.560317,00:34:49.033,1089368597
2090.594823,2090.033000,-0.561823,00:34:50.033,1089859268
2091.611172,2091.033000,-0.578172,00:34:51.033,1090372843
2092.612975,2092.066000,-0.546975,00:34:52.066,1090867757
2093.618856,2093.066000,-0.552856,00:34:53.066,1091363774
2094.624644,2094.066000,-0.558644,00:34:54.066,1091874894
2095.626853,2095.066000,-0.560853,00:34:55.066,1092412149
2096.635217,2096.066000,-0.569217,00:34:56.066,1093005930
2097.640386,2097.066000,-0.574386,00:34:57.066,1093669020
2098.642233,2098.066000,-0.576233,00:34:58.066,1094352795
2099.648049,2099.066000,-0.582049,00:34:59.066,1095143309
2100.650572,2100.099000,-0.551572,00:35:00.099,1095952217
2101.658003,2101.099000,-0.559003,00:35:01.099,1096581143
2102.661394,2102.099000,-0.562394,00:35:02.099,1097057302
2103.667135,2103.099000,-0.568135,00:35:03.099,1097521750
2104.671172,2104.099000,-0.572172,00:35:04.099,1097997779
2105.676000,2105.099000,-0.577000,00:35:05.099,1098481713
2106.682172,2106.133000,-0.549172,00:35:06.133,1098988357
2107.689034,2107.133000,-0.556034,00:35:07.133,1099534086
2108.694845,2108.133000,-0.561845,00:35:08.133,1100065547
2109.702008,2109.133000,-0.569008,00:35:09.133,1100620707
2110.710167,2110.133000,-0.577167,00:35:10.133,1101219636
2111.719219,2111.166000,-0.553219,00:35:11.166,1101925961
2112.724940,2112.166000,-0.558940,00:35:12.166,1102673090
2113.734074,2113.166000,-0.568074,00:35:13.166,1103468627
2114.745239,2114.166000,-0.579239,00:35:14.166,1104251507
2115.750930,2115.199000,-0.551930,00:35:15.199,1105027889
2116.755115,2116.199000,-0.556115,00:35:16.199,1105665258
2117.761331,2117.199000,-0.562331,00:35:17.199,1106262732
2118.767252,2118.199000,-0.568252,00:35:18.199,1106964756
2119.769906,2119.199000,-0.570906,00:35:19.199,1107799151
2120.774720,2120.199000,-0.575720,00:35:20.199,1108652371
2121.783006,2121.233000,-0.550006,00:35:21.233,1109434139
2122.793420,2122.233000,-0.560420,00:35:22.233,1110164546
2123.804830,2123.233000,-0.571830,00:35:23.233,1110936104
2124.814417,2124.233000,-0.581417,00:35:24.233,1111718680
2125.818036,2125.266000,-0.552036,00:35:25.266,1112390051
2126.831850,2126.266000,-0.565850,00:35:26.266,1112991447
2127.835930,2127.266000,-0.569930,00:35:27.266,1113538518
2128.842145,2128.266000,-0.576145,00:35:28.266,1114114699
2129.848578,2129.299000,-0.549578,00:35:29.299,1114798138
2130.849540,2130.299000,-0.550540,00:35:30.299,1115586952
2131.854797,2131.299000,-0.555797,00:35:31.299,1116427232
2132.863093,2132.299000,-0.564093,00:35:32.299,1117281450
2133.866206,2133.299000,-0.567206,00:35:33.299,1118057206
2134.876174,2134.299000,-0.577174,00:35:34.299,1118965544
2135.883333,2135.333000,-0.550333,00:35:35.333,1119901482
2136.892144,2136.333000,-0.559144,00:35:36.333,1120795139
2137.898007,2137.333000,-0.565007,00:35:37.333,1121650337
2138.912874,2138.333000,-0.579874,00:35:38.333,1122462321
2139.920909,2139.366000,-0.554909,00:35:39.366,1123321112
2140.934690,2140.366000,-0.568690,00:35:40.366,1124138815
2141.943033,2141.366000,-0.577033,00:35:41.366,1124791100
2142.947737,2142.366000,-0.581737,00:35:42.366,1125502067
2143.948969,2143.399000,-0.549969,00:35:43.399,1126253899
2144.957729,2144.399000,-0.558729,00:35:44.399,1126954807
2145.961875,2145.399000,-0.562875,00:35:45.399,1127666740
2146.965796,2146.399000,-0.566796,00:35:46.399,1128410183
2147.971789,2147.399000,-0.572789,00:35:47.399,1129170588
2148.988500,2148.433000,-0.555500,00:35:48.433,1129928291
2149.994544,2149.433000,-0.561544,00:35:49.433,1130571140
2150.996817,2150.433000,-0.563817,00:35:50.433,1131213337
2152.005260,2151.433000,-0.572260,00:35:51.433,1131903571
2153.009698,2152.433000,-0.576698,00:35:52.433,1132626359
2154.018984,2153.466000,-0.552984,00:35:53.466,1133337515
2155.022475,2154.466000,-0.556475,00:35:54.466,1133896925
2156.027913,2155.466000,-0.561913,00:35:55.466,1134420615
2157.036956,2156.466000,-0.570956,00:35:56.466,1134963411
2158.044944,2157.466000,-0.578944,00:35:57.466,1135574277
2159.052411,2158.499000,-0.553411,00:35:58.499,1136191788
2160.053621,2159.499000,-0.554621,00:35:59.499,1136812111
2161.055861,2160.499000,-0.556861,00:36:00.499,1137461527
2162.058090,2161.499000,-0.559090,00:36:01.499,1138138971
2163.066886,2162.499000,-0.567886,00:36:02.499,1138874252
2164.073517,2163.499000,-0.574517,00:36:03.499,1139578548
2165.083392,2164.533000,-0.550392,00:36:04.533,1140325869
2166.093644,2165.533000,-0.560644,00:36:05.533,1141112920
2167.098928,2166.533000,-0.565928,00:36:06.533,1141809385
2168.103593,2167.533000,-0.570593,00:36:07.533,1142481624
2169.109073,2168.533000,-0.576073,00:36:08.533,1143246336
2170.116098,2169.566000,-0.550098,00:36:09.566,1144079351
2171.122688,2170.566000,-0.556688,00:36:10.566,1144880850
2172.128197,2171.566000,-0.562197,00:36:11.566,1145655149
2173.137091,2172.566000,-0.571091,00:36:12.566,1146388027
2174.141235,2173.566000,-0.575235,00:36:13.566,1147073943
2175.148025,2174.566000,-0.582025,00:36:14.566,1147769835
2176.153162,2175.599000,-0.554162,00:36:15.599,1148576118
2177.160378,2176.599000,-0.561378,00:36:16.599,1149362168
2178.164875,2177.599000,-0.565875,00:36:17.599,1150059906
2179.173396,2178.599000,-0.574396,00:36:18.599,1150764359
2180.180948,2179.599000,-0.581948,00:36:19.599,1151442686
2181.182322,2180.599000,-0.583322,00:36:20.599,1152068200
2182.197972,2181.633000,-0.564972,00:36:21.633,1152667577
2183.205262,2182.633000,-0.572262,00:36:22.633,1153278019
2184.209087,2183.633000,-0.576087,00:36:23.633,1153872817
2185.225468,2184.666000,-0.559468,00:36:24.666,1154527005
2186.230762,2185.666000,-0.564762,00:36:25.666,1155164391
2187.235077,2186.666000,-0.569077,00:36:26.666,1155800741
2188.240982,2187.666000,-0.574982,00:36:27.666,1156447408
2189.246847,2188.666000,-0.580847,00:36:28.666,1157093996
2190.252059,2189.699000,-0.553059,00:36:29.699,1157782511
2191.258851,2190.699000,-0.559851,00:36:30.699,1158560011
2192.261972,2191.699000,-0.562972,00:36:31.699,1159276283
2193.265051,2192.699000,-0.566051,00:36:32.699,1160051600
2194.270981,2193.699000,-0.571981,00:36:33.699,1160885524
2195.278231,2194.699000,-0.579231,00:36:34.699,1161710514
2196.284675,2195.733000,-0.551675,00:36:35.733,1162473967
2197.289716,2196.733000,-0.556716,00:36:36.733,1163210504
2198.293553,2197.733000,-0.560553,00:36:37.733,1163990527
2199.295067,2198.733000,-0.562067,00:36:38.733,1164807809
2200.297036,2199.733000,-0.564036,00:36:39.733,1165469228
2201.302863,2200.733000,-0.569863,00:36:40.733,1166063381
2202.306090,2201.733000,-0.573090,00:36:41.733,1166676250
2203.309123,2202.766000,-0.543123,00:36:42.766,1167308889
2204.314959,2203.766000,-0.548959,00:36:43.766,1167910903
2205.330156,2204.766000,-0.564156,00:36:44.766,1168537229
2206.332011,2205.766000,-0.566011,00:36:45.766,1169256191
2207.340640,2206.766000,-0.574640,00:36:46.766,1169994757
2208.344779,2207.799000,-0.545779,00:36:47.799,1170778001
2209.352464,2208.799000,-0.553464,00:36:48.799,1171450244
2210.361895,2209.799000,-0.562895,00:36:49.799,1172165551
2211.365086,2210.799000,-0.566086,00:36:50.799,1172928799
2212.377863,2211.833000,-0.544863,00:36:51.833,1173687702
2213.380831,2212.833000,-0.547831,00:36:52.833,1174410107
2214.382627,2213.833000,-0.549627,00:36:53.833,1175128267
2215.391881,2214.833000,-0.558881,00:36:54.833,1175780478
2216.407253,2215.833000,-0.574253,00:36:55.833,1176436160
2217.413719,2216.866000,-0.547719,00:36:56.866,1177065258
2218.416762,2217.866000,-0.550762,00:36:57.866,1177684469
2219.421933,2218.866000,-0.555933,00:36:58.866,1178350023
2220.432819,2219.866000,-0.566819,00:36:59.866,1179037992
2221.448131,2220.899000,-0.549131,00:37:00.899,1179745877
2222.451382,2221.899000,-0.552382,00:37:01.899,1180441571
2223.460906,2222.899000,-0.561906,00:37:02.899,1181142219
2224.462927,2223.899000,-0.563927,00:37:03.899,1181876969
2225.469521,2224.899000,-0.570521,00:37:04.899,1182611046
2226.475928,2225.899000,-0.576928,00:37:05.899,1183333736
2227.477594,2226.899000,-0.578594,00:37:06.899,1184088707
2228.484846,2227.933000,-0.551846,00:37:07.933,1184854738
2229.491509,2228.933000,-0.558509,00:37:08.933,1185597446
2230.500058,2229.933000,-0.567058,00:37:09.933,1186332740
2231.504732,2230.933000,-0.571732,00:37:10.933,1187040593
2232.508541,2231.933000,-0.575541,00:37:11.933,1187771108
2233.517797,2232.966000,-0.551797,00:37:12.966,1188497492
2234.524027,2233.966000,-0.558027,00:37:13.966,1189175993
2235.528742,2234.966000,-0.562742,00:37:14.966,1189852626
2236.537864,2235.966000,-0.571864,00:37:15.966,1190580209
2237.548831,2236.999000,-0.549831,00:37:16.999,1191329030
2238.561703,2237.999000,-0.562703,00:37:17.999,1192032329
2239.568923,2238.999000,-0.569923,00:37:18.999,1192742243
2240.576818,2239.999000,-0.577818,00:37:19.999,1193426836
2241.586173,2241.033000,-0.553173,00:37:21.033,1194239222
2242.594948,2242.033000,-0.561948,00:37:22.033,1195014922
2243.597118,2243.033000,-0.564118,00:37:23.033,1195769136
2244.602382,2244.033000,-0.569382,00:37:24.033,1196548060
2245.616781,2245.066000,-0.550781,00:37:25.066,1197274980
2246.621378,2246.066000,-0.555378,00:37:26.066,1197869040
2247.628372,2247.066000,-0.562372,00:37:27.066,1198559183
2248.636943,2248.066000,-0.570943,00:37:28.066,1199267100
2249.641351,2249.066000,-0.575351,00:37:29.066,1199977322
2250.644766,2250.066000,-0.578766,00:37:30.066,1200630644
2251.645941,2251.066000,-0.579941,00:37:31.066,1201284282
2252.649670,2252.099000,-0.550670,00:37:32.099,1201990381
2253.652543,2253.099000,-0.553543,00:37:33.099,1202666263
2254.664982,2254.099000,-0.565982,00:37:34.099,1203347375
2255.666239,2255.099000,-0.567239,00:37:35.099,1204037884
2256.670110,2256.099000,-0.571110,00:37:36.099,1204657237
2257.676942,2257.099000,-0.577942,00:37:37.099,1205403805
2258.682180,2258.133000,-0.549180,00:37:38.133,1206327748
2259.687110,2259.133000,-0.554110,00:37:39.133,1207298922
2260.702233,2260.133000,-0.569233,00:37:40.133,1208198978
2261.705050,2261.133000,-0.572050,00:37:41.133,1209133823
2262.718321,2262.166000,-0.552321,00:37:42.166,1210179638
2263.734721,2263.166000,-0.568721,00:37:43.166,1211156681
2264.737082,2264.166000,-0.571082,00:37:44.166,1212074462
2265.738767,2265.166000,-0.572767,00:37:45.166,1213057531
2266.740779,2266.166000,-0.574779,00:37:46.166,1213941892
2267.757428,2267.199000,-0.558428,00:37:47.199,1214697794
2268.758855,2268.199000,-0.559855,00:37:48.199,1215226670
2269.773433,2269.199000,-0.574433,00:37:49.199,1215751350
2270.775687,2270.199000,-0.576687,00:37:50.199,1216364168
2271.788073,2271.233000,-0.555073,00:37:51.233,1217087754
2272.789317,2272.233000,-0.556317,00:37:52.233,1217792225
2273.791710,2273.233000,-0.558710,00:37:53.233,1218511687
2274.806826,2274.233000,-0.573826,00:37:54.233,1219326735
2275.822050,2275.266000,-0.556050,00:37:55.266,1220166368
2276.837107,2276.266000,-0.571107,00:37:56.266,1220951410
2277.838889,2277.266000,-0.572889,00:37:57.266,1221647798
2278.852394,2278.299000,-0.553394,00:37:58.299,1222316973
2279.868186,2279.299000,-0.569186,00:37:59.299,1222987812
2280.870686,2280.299000,-0.571686,00:38:00.299,1223662742
2281.874730,2281.299000,-0.575730,00:38:01.299,1224347629
2282.880351,2282.299000,-0.581351,00:38:02.299,1225112755
2283.882162,2283.333000,-0.549162,00:38:03.333,1225827048
2284.886196,2284.333000,-0.553196,00:38:04.333,1226428793
2285.901662,2285.333000,-0.568662,00:38:05.333,1227004360
2286.903119,2286.333000,-0.570119,00:38:06.333,1227651810
2287.906866,2287.333000,-0.573866,00:38:07.333,1228388376
2288.922132,2288.366000,-0.556132,00:38:08.366,1229133067
2289.938053,2289.366000,-0.572053,00:38:09.366,1229779150
2290.939779,2290.366000,-0.573779,00:38:10.366,1230520778
2291.941675,2291.366000,-0.575675,00:38:11.366,1231304303
2292.945015,2292.366000,-0.579015,00:38:12.366,1232092209
2293.961473,2293.399000,-0.562473,00:38:13.399,1232847574
2294.962610,2294.399000,-0.563610,00:38:14.399,1233606436
2295.977044,2295.399000,-0.578044,00:38:15.399,1234354267
2296.992615,2296.433000,-0.559615,00:38:16.433,1235094457
2297.997069,2297.433000,-0.564069,00:38:17.433,1235790716
2299.011484,2298.466000,-0.545484,00:38:18.466,1236507818
2300.025990,2299.466000,-0.559990,00:38:19.466,1237180522
2301.041426,2300.466000,-0.575426,00:38:20.466,1237804405
2302.056054,2301.499000,-0.557054,00:38:21.499,1238464175
2303.070432,2302.499000,-0.571432,00:38:22.499,1239120929
2304.071574,2303.499000,-0.572574,00:38:23.499,1239783690
2305.072814,2304.499000,-0.573814,00:38:24.499,1240434554
2306.088051,2305.533000,-0.555051,00:38:25.533,1241133783
2307.101353,2306.533000,-0.568353,00:38:26.533,1241813518
2308.116038,2307.566000,-0.550038,00:38:27.566,1242518469
2309.128811,2308.566000,-0.562811,00:38:28.566,1243126700
2310.142947,2309.566000,-0.576947,00:38:29.566,1243743357
2311.158093,2310.599000,-0.559093,00:38:30.599,1244419282
2312.172263,2311.599000,-0.573263,00:38:31.599,1245086384
2313.187200,2312.633000,-0.554200,00:38:32.633,1245758056
2314.201393,2313.633000,-0.568393,00:38:33.633,1246440583
2315.202894,2314.633000,-0.569894,00:38:34.633,1247166344
2316.204825,2315.633000,-0.571825,00:38:35.633,1247827414
2317.205959,2316.633000,-0.572959,00:38:36.633,1248498099
2318.221262,2317.666000,-0.555262,00:38:37.666,1249146879
2319.236946,2318.666000,-0.570946,00:38:38.666,1249718356
2320.247993,2319.666000,-0.581993,00:38:39.666,1250256170
2321.262417,2320.699000,-0.563417,00:38:40.699,1250849676
2322.273416,2321.699000,-0.574416,00:38:41.699,1251440400
2323.274885,2322.699000,-0.575885,00:38:42.699,1252093053
2324.277306,2323.699000,-0.578306,00:38:43.699,1252837643
2325.291662,2324.733000,-0.558662,00:38:44.733,1253593684
2326.308038,2325.733000,-0.575038,00:38:45.733,1254258874
2327.317962,2326.766000,-0.551962,00:38:46.766,1254946339
2328.332172,2327.766000,-0.566172,00:38:47.766,1255653297
2329.345970,2328.799000,-0.546970,00:38:48.799,1256413617
2330.360955,2329.799000,-0.561955,00:38:49.799,1257139641
2331.362412,2330.799000,-0.563412,00:38:50.799,1257859677
2332.364937,2331.799000,-0.565937,00:38:51.799,1258574890
2333.377245,2332.799000,-0.578245,00:38:52.799,1259266326
2334.392775,2333.833000,-0.559775,00:38:53.833,1259912631
2335.396897,2334.833000,-0.563897,00:38:54.833,1260560365
2336.411270,2335.833000,-0.578270,00:38:55.833,1261237352
2337.412396,2336.866000,-0.546396,00:38:56.866,1261992315
2338.427930,2337.866000,-0.561930,00:38:57.866,1262736145
2339.444124,2338.866000,-0.578124,00:38:58.866,1263441444
2340.458229,2339.899000,-0.559229,00:38:59.899,1264178895
2341.473224,2340.899000,-0.574224,00:39:00.899,1264955815
2342.478656,2341.899000,-0.579656,00:39:01.899,1265699219
2343.494857,2342.933000,-0.561857,00:39:02.933,1266483701
2344.501312,2343.933000,-0.568312,00:39:03.933,1267243269
2345.502774,2344.933000,-0.569774,00:39:04.933,1268010546
2346.518088,2345.966000,-0.552088,00:39:05.966,1268782667
2347.528702,2346.966000,-0.562702,00:39:06.966,1269503198
2348.543313,2347.966000,-0.577313,00:39:07.966,1270207020
2349.546661,2348.966000,-0.580661,00:39:08.966,1270969873
2350.562060,2349.999000,-0.563060,00:39:09.999,1271710731
2351.576025,2350.999000,-0.577025,00:39:10.999,1272450517
2352.577738,2351.999000,-0.578738,00:39:11.999,1273201506
2353.579718,2352.999000,-0.580718,00:39:12.999,1273908626
2354.595126,2354.033000,-0.562126,00:39:14.033,1274643225
2355.609873,2355.033000,-0.576873,00:39:15.033,1275401334
2356.612373,2356.066000,-0.546373,00:39:16.066,1276165650
2357.617623,2357.066000,-0.551623,00:39:17.066,1276940916
2358.621803,2358.066000,-0.555803,00:39:18.066,1277658105
2359.637740,2359.066000,-0.571740,00:39:19.066,1278340856
2360.641611,2360.066000,-0.575611,00:39:20.066,1278958553
2361.644889,2361.099000,-0.545889,00:39:21.099,1279642294
2362.659255,2362.099000,-0.560255,00:39:22.099,1280391861
2363.660513,2363.099000,-0.561513,00:39:23.099,1281153122
2364.676705,2364.099000,-0.577705,00:39:24.099,1281828053
2365.692647,2365.133000,-0.559647,00:39:25.133,1282493886
2366.694890,2366.133000,-0.561890,00:39:26.133,1283128966
2367.696823,2367.133000,-0.563823,00:39:27.133,1283748992
2368.697976,2368.133000,-0.564976,00:39:28.133,1284416815
2369.699793,2369.133000,-0.566793,00:39:29.133,1285076019
2370.715087,2370.166000,-0.549087,00:39:30.166,1285630239
2371.731598,2371.166000,-0.565598,00:39:31.166,1286140782
2372.734952,2372.166000,-0.568952,00:39:32.166,1286661094
2373.749403,2373.199000,-0.550403,00:39:33.199,1287249037
2374.763657,2374.199000,-0.564657,00:39:34.199,1287902196
2375.779275,2375.199000,-0.580275,00:39:35.199,1288513717
2376.794721,2376.233000,-0.561721,00:39:36.233,1289122230
2377.807856,2377.233000,-0.574856,00:39:37.233,1289683806
2378.823361,2378.266000,-0.557361,00:39:38.266,1290233621
2379.837127,2379.266000,-0.571127,00:39:39.266,1290780097
2380.852217,2380.299000,-0.553217,00:39:40.299,1291348150
2381.853472,2381.299000,-0.554472,00:39:41.299,1291930620
2382.865874,2382.299000,-0.566874,00:39:42.299,1292578765
2383.879143,2383.299000,-0.580143,00:39:43.299,1293220976
2384.893473,2384.333000,-0.560473,00:39:44.333,1293867811
2385.908254,2385.333000,-0.575254,00:39:45.333,1294509354
2386.922302,2386.366000,-0.556302,00:39:46.366,1295182920
2387.938049,2387.366000,-0.572049,00:39:47.366,1295831383
2388.952457,2388.399000,-0.553457,00:39:48.399,1296501133
2389.965690,2389.399000,-0.566690,00:39:49.399,1297147899
2390.979309,2390.433000,-0.546309,00:39:50.433,1297814239
2391.992390,2391.433000,-0.559390,00:39:51.433,1298421849
2393.007328,2392.433000,-0.574328,00:39:52.433,1299066230
2394.019281,2393.466000,-0.553281,00:39:53.466,1299775660
2395.032789,2394.466000,-0.566789,00:39:54.466,1300392387
2396.048806,2395.499000,-0.549806,00:39:55.499,1300940948
2397.052838,2396.499000,-0.553838,00:39:56.499,1301439126
2398.063367,2397.499000,-0.564367,00:39:57.499,1301963659
2399.066281,2398.499000,-0.567281,00:39:58.499,1302574064
2400.082581,2399.533000,-0.549581,00:39:59.533,1303439349
2401.091515,2400.533000,-0.558515,00:40:00.533,1304397380
2402.099743,2401.533000,-0.566743,00:40:01.533,1305332227
2403.100927,2402.533000,-0.567927,00:40:02.533,1305963592
2404.113617,2403.533000,-0.580617,00:40:03.533,1306625456
2405.128128,2404.566000,-0.562128,00:40:04.566,1307536362
2406.145103,2405.566000,-0.579103,00:40:05.566,1308437530
2407.149960,2406.599000,-0.550960,00:40:06.599,1309299852
2408.166013,2407.599000,-0.567013,00:40:07.599,1310129543
2409.181556,2408.633000,-0.548556,00:40:08.633,1310902411
2410.186925,2409.633000,-0.553925,00:40:09.633,1311585379
2411.188679,2410.633000,-0.555679,00:40:10.633,1312289031
2412.203815,2411.633000,-0.570815,00:40:11.633,1313029952
2413.207091,2412.633000,-0.574091,00:40:12.633,1313924638
2414.211514,2413.666000,-0.545514,00:40:13.666,1314857982
2415.214100,2414.666000,-0.548100,00:40:14.666,1315822978
2416.227199,2415.666000,-0.561199,00:40:15.666,1316835002
2417.242085,2416.666000,-0.576085,00:40:16.666,1317779142
2418.245743,2417.699000,-0.546743,00:40:17.699,1318732126
2419.246782,2418.699000,-0.547782,00:40:18.699,1319680292
2420.249502,2419.699000,-0.550502,00:40:19.699,1320579306
2421.253469,2420.699000,-0.554469,00:40:20.699,1321561941
2422.256996,2421.699000,-0.557996,00:40:21.699,1322564144
2423.262467,2422.699000,-0.563467,00:40:22.699,1323577041
2424.269593,2423.699000,-0.570593,00:40:23.699,1324560397
2425.271282,2424.699000,-0.572282,00:40:24.699,1325493255
2426.274606,2425.699000,-0.575606,00:40:25.699,1326485431
2427.276209,2426.699000,-0.577209,00:40:26.699,1327381979
2428.282044,2427.733000,-0.549044,00:40:27.733,1328327228
2429.291186,2428.733000,-0.558186,00:40:28.733,1329061765
2430.300541,2429.733000,-0.567541,00:40:29.733,1329724211
2431.308569,2430.733000,-0.575569,00:40:30.733,1330402762
2432.321735,2431.766000,-0.555735,00:40:31.766,1331179273
2433.323594,2432.766000,-0.557594,00:40:32.766,1331869069
2434.330491,2433.766000,-0.564491,00:40:33.766,1332506903
2435.342281,2434.766000,-0.576281,00:40:34.766,1333191113
2436.344917,2435.766000,-0.578917,00:40:35.766,1333772799
2437.348373,2436.766000,-0.582373,00:40:36.766,1334270952
2438.354838,2437.799000,-0.555838,00:40:37.799,1334797912
2439.360711,2438.799000,-0.561711,00:40:38.799,1335378894
2440.370352,2439.799000,-0.571352,00:40:39.799,1336010420
2441.372442,2440.799000,-0.573442,00:40:40.799,1336591090
2442.386861,2441.833000,-0.553861,00:40:41.833,1337168956
2443.390666,2442.833000,-0.557666,00:40:42.833,1337759069
2444.392066,2443.833000,-0.559066,00:40:43.833,1338381465
2445.396285,2444.833000,-0.563285,00:40:44.833,1339089529
2446.398243,2445.833000,-0.565243,00:40:45.833,1339906701
2447.405876,2446.833000,-0.572876,00:40:46.833,1340779322
2448.420975,2447.866000,-0.554975,00:40:47.866,1341613079
2449.436978,2448.866000,-0.570978,00:40:48.866,1342446128
2450.439608,2449.866000,-0.573608,00:40:49.866,1343066527
2451.455701,2450.899000,-0.556701,00:40:50.899,1343710234
2452.460337,2451.899000,-0.561337,00:40:51.899,1344380996
2453.461624,2452.899000,-0.562624,00:40:52.899,1345129244
2454.464038,2453.899000,-0.565038,00:40:53.899,1345908661
2455.466013,2454.899000,-0.567013,00:40:54.899,1346596584
2456.469206,2455.899000,-0.570206,00:40:55.899,1347319821
2457.470343,2456.899000,-0.571343,00:40:56.899,1348094287
2458.483364,2457.933000,-0.550364,00:40:57.933,1348820595
2459.486000,2458.933000,-0.553000,00:40:58.933,1349479483
2460.500135,2459.933000,-0.567135,00:40:59.933,1350159240
2461.503009,2460.933000,-0.570009,00:41:00.933,1350857652
2462.505811,2461.933000,-0.572811,00:41:01.933,1351552094
2463.520193,2462.966000,-0.554193,00:41:02.966,1352297610
2464.534674,2463.966000,-0.568674,00:41:03.966,1352990144
2465.547825,2464.966000,-0.581825,00:41:04.966,1353593912
2466.561274,2465.999000,-0.562274,00:41:05.999,1354173668
2467.575864,2466.999000,-0.576864,00:41:06.999,1354721201
2468.589262,2468.033000,-0.556262,00:41:08.033,1355313425
2469.603479,2469.033000,-0.570479,00:41:09.033,1355991352
2470.604708,2470.033000,-0.571708,00:41:10.033,1356729877
2471.619189,2471.066000,-0.553189,00:41:11.066,1357345463
2472.630392,2472.066000,-0.564392,00:41:12.066,1357765801
2473.645195,2473.099000,-0.546195,00:41:13.099,1358189357
2474.661824,2474.099000,-0.562824,00:41:14.099,1358640967
2475.674721,2475.099000,-0.575721,00:41:15.099,1359103584
2476.677664,2476.099000,-0.578664,00:41:16.099,1359604183
2477.692276,2477.133000,-0.559276,00:41:17.133,1360185196
2478.696835,2478.133000,-0.563835,00:41:18.133,1360900310
2479.700192,2479.133000,-0.567192,00:41:19.133,1361620806
2480.703489,2480.133000,-0.570489,00:41:20.133,1362290458
2481.704907,2481.133000,-0.571907,00:41:21.133,1362980905
2482.707753,2482.133000,-0.574753,00:41:22.133,1363536234
2483.709005,2483.133000,-0.576005,00:41:23.133,1363993184
2484.714838,2484.133000,-0.581838,00:41:24.133,1364475914
2485.720027,2485.166000,-0.554027,00:41:25.166,1365026996
2486.724828,2486.166000,-0.558828,00:41:26.166,1365631580
2487.735058,2487.166000,-0.569058,00:41:27.166,1366346236
2488.738522,2488.166000,-0.572522,00:41:28.166,1367009842
2489.741472,2489.166000,-0.575472,00:41:29.166,1367560470
2490.750775,2490.199000,-0.551775,00:41:30.199,1368076552
2491.758754,2491.199000,-0.559754,00:41:31.199,1368526227
2492.763348,2492.199000,-0.564348,00:41:32.199,1368986942
2493.767525,2493.199000,-0.568525,00:41:33.199,1369453289
2494.771711,2494.199000,-0.572711,00:41:34.199,1369938906
2495.777445,2495.199000,-0.578445,00:41:35.199,1370447408
2496.781589,2496.199000,-0.582589,00:41:36.199,1370972916
2497.785895,2497.233000,-0.552895,00:41:37.233,1371591845
2498.790403,2498.233000,-0.557403,00:41:38.233,1372301139
2499.797799,2499.233000,-0.564799,00:41:39.233,1373076408
2500.801578,2500.233000,-0.568578,00:41:40.233,1373793175
2501.807983,2501.233000,-0.574983,00:41:41.233,1374464171
2502.820678,2502.266000,-0.554678,00:41:42.266,1375258272
2503.827298,2503.266000,-0.561298,00:41:43.266,1375950555
2504.831419,2504.266000,-0.565419,00:41:44.266,1376657518
2505.839070,2505.266000,-0.573070,00:41:45.266,1377349260
2506.844875,2506.266000,-0.578875,00:41:46.266,1378086517
2507.847220,2507.299000,-0.548220,00:41:47.299,1378891437
2508.851054,2508.299000,-0.552054,00:41:48.299,1379655676
2509.857108,2509.299000,-0.558108,00:41:49.299,1380418169
2510.860175,2510.299000,-0.561175,00:41:50.299,1381081708
2511.863580,2511.299000,-0.564580,00:41:51.299,1381632136
2512.868393,2512.299000,-0.569393,00:41:52.299,1382157842
2513.876037,2513.299000,-0.577037,00:41:53.299,1382667061
2514.881527,2514.299000,-0.582527,00:41:54.299,1383184015
2515.890152,2515.333000,-0.557152,00:41:55.333,1383764088
2516.892592,2516.333000,-0.559592,00:41:56.333,1384358872
2517.900471,2517.333000,-0.567471,00:41:57.333,1385091538
2518.916929,2518.366000,-0.550929,00:41:58.366,1385861639
2519.920419,2519.366000,-0.554419,00:41:59.366,1386585581
2520.931663,2520.366000,-0.565663,00:42:00.366,1387204747
2521.934890,2521.366000,-0.568890,00:42:01.366,1387893036
2522.951359,2522.399000,-0.552359,00:42:02.399,1388771652
2523.966962,2523.399000,-0.567962,00:42:03.399,1389642002
2524.980515,2524.399000,-0.581515,00:42:04.399,1390502476
2525.997282,2525.433000,-0.564282,00:42:05.433,1391241253
2527.013891,2526.433000,-0.580891,00:42:06.433,1391914403
2528.027309,2527.466000,-0.561309,00:42:07.466,1392698186
2529.039503,2528.466000,-0.573503,00:42:08.466,1393474026
2530.054718,2529.499000,-0.555718,00:42:09.499,1394099914
2531.070051,2530.499000,-0.571051,00:42:10.499,1394704796
2532.084824,2531.533000,-0.551824,00:42:11.533,1395430126
2533.100476,2532.533000,-0.567476,00:42:12.533,1396311443
2534.113743,2533.533000,-0.580743,00:42:13.533,1397107868
2535.129430,2534.566000,-0.563430,00:42:14.566,1397716980
2536.145890,2535.566000,-0.579890,00:42:15.566,1398301268
2537.149528,2536.599000,-0.550528,00:42:16.599,1398930308
2538.161188,2537.599000,-0.562188,00:42:17.599,1399548604
2539.175814,2538.599000,-0.576814,00:42:18.599,1400142295
2540.179054,2539.599000,-0.580054,00:42:19.599,1400826963
2541.194112,2540.633000,-0.561112,00:42:20.633,1401445742
2542.199395,2541.633000,-0.566395,00:42:21.633,1401985090
2543.204768,2542.633000,-0.571768,00:42:22.633,1402590916
2544.221562,2543.666000,-0.555562,00:42:23.666,1403278487
2545.228179,2544.666000,-0.562179,00:42:24.666,1403946781
2546.237702,2545.666000,-0.571702,00:42:25.666,1404657111
2547.241541,2546.666000,-0.575541,00:42:26.666,1405393683
2548.250568,2547.699000,-0.551568,00:42:27.699,1406151738
2549.253989,2548.699000,-0.554989,00:42:28.699,1406985083
2550.259700,2549.699000,-0.560700,00:42:29.699,1407941679
2551.265149,2550.699000,-0.566149,00:42:30.699,1409016117
2552.269131,2551.699000,-0.570131,00:42:31.699,1410152437
2553.278733,2552.699000,-0.579733,00:42:32.699,1411206210
2554.283896,2553.733000,-0.550896,00:42:33.733,1412312095
2555.290671,2554.733000,-0.557671,00:42:34.733,1413414212
2556.294929,2555.733000,-0.561929,00:42:35.733,1414566396
2557.302404,2556.733000,-0.569404,00:42:36.733,1415633847
2558.305073,2557.733000,-0.572073,00:42:37.733,1416693738
2559.314947,2558.766000,-0.548947,00:42:38.766,1417674474
2560.325558,2559.766000,-0.559558,00:42:39.766,1418643934
2561.332578,2560.766000,-0.566578,00:42:40.766,1419696174
2562.340448,2561.766000,-0.574448,00:42:41.766,1420786847
2563.348556,2562.799000,-0.549556,00:42:42.799,1421815335
2564.357320,2563.799000,-0.558320,00:42:43.799,1422797468
2565.362512,2564.799000,-0.563512,00:42:44.799,1423715567
2566.372583,2565.799000,-0.573583,00:42:45.799,1424553729
2567.380586,2566.799000,-0.581586,00:42:46.799,1425113044
2568.382738,2567.833000,-0.549738,00:42:47.833,1425708214
2569.393227,2568.833000,-0.560227,00:42:48.833,1426303747
2570.400231,2569.833000,-0.567231,00:42:49.833,1426905516
2571.402094,2570.833000,-0.569094,00:42:50.833,1427486393
2572.415062,2571.833000,-0.582062,00:42:51.833,1428149879
2573.422590,2572.866000,-0.556590,00:42:52.866,1428912568
2574.431579,2573.866000,-0.565579,00:42:53.866,1429688578
2575.434965,2574.866000,-0.568965,00:42:54.866,1430428612
2576.442179,2575.866000,-0.576179,00:42:55.866,1431167023
2577.449997,2576.899000,-0.550997,00:42:56.899,1431968092
2578.456412,2577.899000,-0.557412,00:42:57.899,1432706443
2579.462365,2578.899000,-0.563365,00:42:58.899,1433489657
2580.472639,2579.899000,-0.573639,00:42:59.899,1434184689
2581.479008,2580.899000,-0.580008,00:43:00.899,1434854355
2582.484601,2581.933000,-0.551601,00:43:01.933,1435445264
2583.491781,2582.933000,-0.558781,00:43:02.933,1436035496
2584.499898,2583.933000,-0.566898,00:43:03.933,1436756730
2585.501295,2584.933000,-0.568295,00:43:04.933,1437445191
2586.506016,2585.933000,-0.573016,00:43:05.933,1438199540
2587.511925,2586.933000,-0.578925,00:43:06.933,1438885432
2588.527762,2587.966000,-0.561762,00:43:07.966,1439556086
2589.535033,2588.966000,-0.569033,00:43:08.966,1440193783
2590.537326,2589.966000,-0.571326,00:43:09.966,1440839932
2591.545830,2590.966000,-0.579830,00:43:10.966,1441537771
2592.550274,2591.999000,-0.551274,00:43:11.999,1442265647
2593.564787,2592.999000,-0.565787,00:43:12.999,1442989685
2594.566275,2593.999000,-0.567275,00:43:13.999,1443676016
2595.567691,2594.999000,-0.568691,00:43:14.999,1444328203
2596.571790,2595.999000,-0.572790,00:43:15.999,1444982556
2597.587909,2597.033000,-0.554909,00:43:17.033,1445635570
2598.593654,2598.033000,-0.560654,00:43:18.033,1446249122
2599.598711,2599.033000,-0.565711,00:43:19.033,1446931366
2600.602783,2600.033000,-0.569783,00:43:20.033,1447604884
2601.616083,2601.066000,-0.550083,00:43:21.066,1448266778
2602.631158,2602.066000,-0.565158,00:43:22.066,1448839911
2603.646083,2603.066000,-0.580083,00:43:23.066,1449408354
2604.647606,2604.066000,-0.581606,00:43:24.066,1449993361
2605.648868,2605.099000,-0.549868,00:43:25.099,1450636530
2606.653984,2606.099000,-0.554984,00:43:26.099,1451285320
2607.656944,2607.099000,-0.557944,00:43:27.099,1451967153
2608.662391,2608.099000,-0.563391,00:43:28.099,1452631255
2609.665220,2609.099000,-0.566220,00:43:29.099,1453278233
2610.668555,2610.099000,-0.569555,00:43:30.099,1453926210
2611.672996,2611.099000,-0.573996,00:43:31.099,1454553129
2612.678795,2612.099000,-0.579795,00:43:32.099,1455220900
2613.680541,2613.133000,-0.547541,00:43:33.133,1456013530
2614.692598,2614.133000,-0.559598,00:43:34.133,1456771988
2615.697893,2615.133000,-0.564893,00:43:35.133,1457427299
2616.704581,2616.133000,-0.571581,00:43:36.133,1457946218
2617.709057,2617.133000,-0.576057,00:43:37.133,1458426616
2618.714785,2618.166000,-0.548785,00:43:38.166,1458934236
2619.719795,2619.166000,-0.553795,00:43:39.166,1459431419
2620.724841,2620.166000,-0.558841,00:43:40.166,1459926408
2621.730259,2621.166000,-0.564259,00:43:41.166,1460461034
2622.735714,2622.166000,-0.569714,00:43:42.166,1461033227
2623.740019,2623.166000,-0.574019,00:43:43.166,1461660637
2624.756268,2624.199000,-0.557268,00:43:44.199,1462404114
2625.760285,2625.199000,-0.561285,00:43:45.199,1463025104
2626.775457,2626.233000,-0.542457,00:43:46.233,1463707186
2627.782084,2627.233000,-0.549084,00:43:47.233,1464429035
2628.784987,2628.233000,-0.551987,00:43:48.233,1465119280
2629.791576,2629.233000,-0.558576,00:43:49.233,1465848431
2630.799376,2630.233000,-0.566376,00:43:50.233,1466559254
2631.806493,2631.233000,-0.573493,00:43:51.233,1467188655
2632.812579,2632.233000,-0.579579,00:43:52.233,1467799444
2633.820453,2633.266000,-0.554453,00:43:53.266,1468400279
2634.836302,2634.266000,-0.570302,00:43:54.266,1468991648
2635.846067,2635.299000,-0.547067,00:43:55.299,1469611486
2636.861228,2636.299000,-0.562228,00:43:56.299,1470224949
2637.868450,2637.299000,-0.569450,00:43:57.299,1470850590
2638.875062,2638.299000,-0.576062,00:43:58.299,1471463957
2639.878419,2639.299000,-0.579419,00:43:59.299,1472072426
2640.893444,2640.333000,-0.560444,00:44:00.333,1472810777
2641.901760,2641.333000,-0.568760,00:44:01.333,1473537403
2642.907249,2642.333000,-0.574249,00:44:02.333,1474271233
2643.918500,2643.366000,-0.552500,00:44:03.366,1475031168
2644.926141,2644.366000,-0.560141,00:44:04.366,1475756364
2645.930343,2645.366000,-0.564343,00:44:05.366,1476463176
2646.938223,2646.366000,-0.572223,00:44:06.366,1477172728
2647.950355,2647.399000,-0.551355,00:44:07.399,1477895783
2648.954105,2648.399000,-0.555105,00:44:08.399,1478526340
2649.959231,2649.399000,-0.560231,00:44:09.399,1479072915
2650.964912,2650.399000,-0.565912,00:44:10.399,1479566360
2651.977239,2651.399000,-0.578239,00:44:11.399,1480071756
2652.985128,2652.433000,-0.552128,00:44:12.433,1480639006
2653.991044,2653.433000,-0.558044,00:44:13.433,1481210140
2654.993447,2654.433000,-0.560447,00:44:14.433,1481765052
2656.000503,2655.433000,-0.567503,00:44:15.433,1482331863
2657.005050,2656.433000,-0.572050,00:44:16.433,1482953226
2658.007034,2657.433000,-0.574034,00:44:17.433,1483703991
2659.009047,2658.433000,-0.576047,00:44:18.433,1484445158
2660.023454,2659.466000,-0.557454,00:44:19.466,1485168531
2661.038818,2660.466000,-0.572818,00:44:20.466,1485783545
2662.043364,2661.466000,-0.577364,00:44:21.466,1486382602
2663.048046,2662.499000,-0.549046,00:44:22.499,1487060236
2664.063293,2663.499000,-0.564293,00:44:23.499,1487730146
2665.068909,2664.499000,-0.569909,00:44:24.499,1488370829
2666.081282,2665.499000,-0.582282,00:44:25.499,1488979727
2667.096838,2666.533000,-0.563838,00:44:26.533,1489577555
2668.110954,2667.533000,-0.577954,00:44:27.533,1490185302
2669.112996,2668.533000,-0.579996,00:44:28.533,1490804873
2670.129145,2669.566000,-0.563145,00:44:29.566,1491433427
2671.144618,2670.566000,-0.578618,00:44:30.566,1492071881
2672.147466,2671.566000,-0.581466,00:44:31.566,1492742491
2673.151155,2672.599000,-0.552155,00:44:32.599,1493494714
2674.166154,2673.599000,-0.567154,00:44:33.599,1494142135
2675.181462,2674.633000,-0.548462,00:44:34.633,1494775003
2676.197845,2675.633000,-0.564845,00:44:35.633,1495398241
2677.200178,2676.633000,-0.567178,00:44:36.633,1496035145
2678.203253,2677.633000,-0.570253,00:44:37.633,1496712716
2679.218111,2678.666000,-0.552111,00:44:38.666,1497442683
2680.231541,2679.666000,-0.565541,00:44:39.666,1498154840
2681.237560,2680.666000,-0.571560,00:44:40.666,1498881819
2682.238909,2681.666000,-0.572909,00:44:41.666,1499642758
2683.254123,2682.699000,-0.555123,00:44:42.699,1500448774
2684.269836,2683.699000,-0.570836,00:44:43.699,1501195322
2685.282983,2684.733000,-0.549983,00:44:44.733,1502025036
2686.298062,2685.733000,-0.565062,00:44:45.733,1502791217
2687.311312,2686.733000,-0.578312,00:44:46.733,1503549733
2688.315421,2687.733000,-0.582421,00:44:47.733,1504332639
2689.316984,2688.766000,-0.550984,00:44:48.766,1505127433
2690.329285,2689.766000,-0.563285,00:44:49.766,1505881216
2691.334471,2690.766000,-0.568471,00:44:50.766,1506718112
2692.349479,2691.799000,-0.550479,00:44:51.799,1507572324
2693.354345,2692.799000,-0.555345,00:44:52.799,1508417829
2694.365981,2693.799000,-0.566981,00:44:53.799,1509267337
2695.367893,2694.799000,-0.568893,00:44:54.799,1510079143
2696.376104,2695.799000,-0.577104,00:44:55.799,1510821495
2697.391073,2696.833000,-0.558073,00:44:56.833,1511546611
2698.392232,2697.833000,-0.559232,00:44:57.833,1512318740
2699.394489,2698.833000,-0.561489,00:44:58.833,1513083530
2700.409240,2699.833000,-0.576240,00:44:59.833,1513806055
2701.424073,2700.866000,-0.558073,00:45:00.866,1514573850
2702.437768,2701.866000,-0.571768,00:45:01.866,1515402514
2703.441623,2702.866000,-0.575623,00:45:02.866,1516159346
2704.456489,2703.899000,-0.557489,00:45:03.899,1516918462
2705.460528,2704.899000,-0.561528,00:45:04.899,1517609479
2706.463437,2705.899000,-0.564437,00:45:05.899,1518310148
2707.467034,2706.899000,-0.568034,00:45:06.899,1519056596
2708.468221,2707.899000,-0.569221,00:45:07.899,1519738618
2709.471908,2708.899000,-0.572908,00:45:08.899,1520444470
2710.474045,2709.899000,-0.575045,00:45:09.899,1521174667
2711.487731,2710.933000,-0.554731,00:45:10.933,1521967472
2712.493167,2711.933000,-0.560167,00:45:11.933,1522675426
2713.495646,2712.933000,-0.562646,00:45:12.933,1523356542
2714.499664,2713.933000,-0.566664,00:45:13.933,1524027369
2715.515841,2714.966000,-0.549841,00:45:14.966,1524699828
2716.529213,2715.966000,-0.563213,00:45:15.966,1525296652
2717.534712,2716.966000,-0.568712,00:45:16.966,1525855217
2718.545964,2717.966000,-0.579964,00:45:17.966,1526406855
2719.558793,2718.999000,-0.559793,00:45:18.999,1526989679
2720.572222,2719.999000,-0.573222,00:45:19.999,1527555630
2721.586876,2721.033000,-0.553876,00:45:21.033,1528135267
2722.600042,2722.033000,-0.567042,00:45:22.033,1528667360
2723.615639,2723.066000,-0.549639,00:45:23.066,1529240653
2724.630682,2724.066000,-0.564682,00:45:24.066,1529865765
2725.645080,2725.066000,-0.579080,00:45:25.066,1530510256
2726.661002,2726.099000,-0.562002,00:45:26.099,1531230514
2727.676340,2727.099000,-0.577340,00:45:27.099,1532007220
2728.678159,2728.099000,-0.579159,00:45:28.099,1532733981
2729.689918,2729.133000,-0.556918,00:45:29.133,1533414463
2730.705008,2730.133000,-0.572008,00:45:30.133,1534045303
2731.720257,2731.166000,-0.554257,00:45:31.166,1534721539
2732.731000,2732.166000,-0.565000,00:45:32.166,1535468342
2733.746955,2733.166000,-0.580955,00:45:33.166,1536227402
2734.763859,2734.199000,-0.564859,00:45:34.199,1536937874
2735.778946,2735.199000,-0.579946,00:45:35.199,1537616010
2736.794253,2736.233000,-0.561253,00:45:36.233,1538333403
2737.796610,2737.233000,-0.563610,00:45:37.233,1539045387
2738.812769,2738.233000,-0.579769,00:45:38.233,1539712628
2739.827788,2739.266000,-0.561788,00:45:39.266,1540385628
2740.843606,2740.266000,-0.577606,00:45:40.266,1541106882
2741.854665,2741.299000,-0.555665,00:45:41.299,1541855109
2742.867881,2742.299000,-0.568881,00:45:42.299,1542555669
2743.883725,2743.333000,-0.550725,00:45:43.333,1543260227
2744.897134,2744.333000,-0.564134,00:45:44.333,1543932551
2745.899907,2745.333000,-0.566907,00:45:45.333,1544598835
2746.913664,2746.333000,-0.580664,00:45:46.333,1545372495
2747.930357,2747.366000,-0.564357,00:45:47.366,1546159592
2748.933853,2748.366000,-0.567853,00:45:48.366,1546860465
2749.937619,2749.366000,-0.571619,00:45:49.366,1547551453
2750.949939,2750.399000,-0.550939,00:45:50.399,1548187743
2751.958975,2751.399000,-0.559975,00:45:51.399,1548851853
2752.968758,2752.399000,-0.569758,00:45:52.399,1549538891
2753.972968,2753.399000,-0.573968,00:45:53.399,1550275151
2754.981518,2754.399000,-0.582518,00:45:54.399,1551057822
2755.984910,2755.433000,-0.551910,00:45:55.433,1551877658
2756.987920,2756.433000,-0.554920,00:45:56.433,1552583566
2757.991060,2757.433000,-0.558060,00:45:57.433,1553334730
2758.995596,2758.433000,-0.562596,00:45:58.433,1554224858
2759.996944,2759.433000,-0.563944,00:45:59.433,1555036361
2761.004986,2760.433000,-0.571986,00:46:00.433,1555639095
2762.020278,2761.466000,-0.554278,00:46:01.466,1556403215
2763.029166,2762.466000,-0.563166,00:46:02.466,1557223647
2764.034848,2763.466000,-0.568848,00:46:03.466,1558032367
2765.041776,2764.466000,-0.575776,00:46:04.466,1558791825
2766.050966,2765.499000,-0.551966,00:46:05.499,1559624216
2767.053560,2766.499000,-0.554560,00:46:06.499,1560389067
2768.057107,2767.499000,-0.558107,00:46:07.499,1561120205
2769.062093,2768.499000,-0.563093,00:46:08.499,1561894853
2770.063244,2769.499000,-0.564244,00:46:09.499,1562611935
2771.068548,2770.499000,-0.569548,00:46:10.499,1563289113
2772.070275,2771.499000,-0.571275,00:46:11.499,1563956421
2773.073996,2772.499000,-0.574996,00:46:12.499,1564659776
2774.076619,2773.499000,-0.577619,00:46:13.499,1565360340
2775.085990,2774.533000,-0.552990,00:46:14.533,1566008324
2776.093221,2775.533000,-0.560221,00:46:15.533,1566612155
2777.099969,2776.533000,-0.566969,00:46:16.533,1567152469
2778.108099,2777.533000,-0.575099,00:46:17.533,1567685140
2779.110024,2778.533000,-0.577024,00:46:18.533,1568241181
2780.114878,2779.533000,-0.581878,00:46:19.533,1568858866
2781.119117,2780.566000,-0.553117,00:46:20.566,1569570735
2782.124737,2781.566000,-0.558737,00:46:21.566,1570287901
2783.129747,2782.566000,-0.563747,00:46:22.566,1570992463
2784.134969,2783.566000,-0.568969,00:46:23.566,1571659115
2785.137239,2784.566000,-0.571239,00:46:24.566,1572339845
2786.144821,2785.566000,-0.578821,00:46:25.566,1573002785
2787.150768,2786.599000,-0.551768,00:46:26.599,1573639913
2788.151978,2787.599000,-0.552978,00:46:27.599,1574253879
2789.160495,2788.599000,-0.561495,00:46:28.599,1574931747
2790.164855,2789.599000,-0.565855,00:46:29.599,1575556921
2791.171722,2790.599000,-0.572722,00:46:30.599,1576176546
2792.177814,2791.599000,-0.578814,00:46:31.599,1576803550
2793.183513,2792.633000,-0.550513,00:46:32.633,1577595463
2794.187698,2793.633000,-0.554698,00:46:33.633,1578418973
2795.193062,2794.633000,-0.560062,00:46:34.633,1579222513
2796.201207,2795.633000,-0.568207,00:46:35.633,1579954362
2797.209055,2796.633000,-0.576055,00:46:36.633,1580727335
2798.210566,2797.666000,-0.544566,00:46:37.666,1581542842
2799.216628,2798.666000,-0.550628,00:46:38.666,1582340144
2800.232982,2799.666000,-0.566982,00:46:39.666,1583016168
2801.240798,2800.666000,-0.574798,00:46:40.666,1583922368
2802.243033,2801.699000,-0.544033,00:46:41.699,1584989358
2803.259030,2802.699000,-0.560030,00:46:42.699,1586035058
2804.273039,2803.699000,-0.574039,00:46:43.699,1587056872
2805.280868,2804.699000,-0.581868,00:46:44.699,1588160786
2806.288666,2805.733000,-0.555666,00:46:45.733,1589285089
2807.294027,2806.733000,-0.561027,00:46:46.733,1590397299
2808.297800,2807.733000,-0.564800,00:46:47.733,1591476707
2809.302458,2808.733000,-0.569458,00:46:48.733,1592554030
2810.306512,2809.733000,-0.573512,00:46:49.733,1593629643
2811.310810,2810.766000,-0.544810,00:46:50.766,1594769602
2812.320897,2811.766000,-0.554897,00:46:51.766,1595870111
2813.335850,2812.766000,-0.569850,00:46:52.766,1596904906
2814.351676,2813.799000,-0.552676,00:46:53.799,1598032011
2815.358506,2814.799000,-0.559506,00:46:54.799,1599144918
2816.374796,2815.799000,-0.575796,00:46:55.799,1600312758
2817.379166,2816.799000,-0.580166,00:46:56.799,1601400065
2818.383269,2817.833000,-0.550269,00:46:57.833,1602474970
2819.384595,2818.833000,-0.551595,00:46:58.833,1603540735
2820.388617,2819.833000,-0.555617,00:46:59.833,1604518283
2821.390608,2820.833000,-0.557608,00:47:00.833,1605545907
2822.397011,2821.833000,-0.564011,00:47:01.833,1606595107
2823.399751,2822.833000,-0.566751,00:47:02.833,1607666798
2824.405652,2823.833000,-0.572652,00:47:03.833,1608773072
2825.409899,2824.833000,-0.576899,00:47:04.833,1609749721
2826.419888,2825.866000,-0.553888,00:47:05.866,1610735445
2827.424975,2826.866000,-0.558975,00:47:06.866,1611703498
2828.432546,2827.866000,-0.566546,00:47:07.866,1612645093
2829.439211,2828.866000,-0.573211,00:47:08.866,1613457746
2830.446862,2829.899000,-0.547862,00:47:09.899,1614132385
2831.455876,2830.899000,-0.556876,00:47:10.899,1614786610
2832.462489,2831.899000,-0.563489,00:47:11.899,1615452905
2833.468059,2832.899000,-0.569059,00:47:12.899,1616053651
2834.474199,2833.899000,-0.575199,00:47:13.899,1616666428
2835.478752,2834.899000,-0.579752,00:47:14.899,1617281696
2836.487690,2835.933000,-0.554690,00:47:15.933,1617932447
2837.491461,2836.933000,-0.558461,00:47:16.933,1618575818
2838.494973,2837.933000,-0.561973,00:47:17.933,1619228910
2839.501080,2838.933000,-0.568080,00:47:18.933,1619882027
2840.506780,2839.933000,-0.573780,00:47:19.933,1620537908
2841.510998,2840.933000,-0.577998,00:47:20.933,1621219671
2842.517707,2841.966000,-0.551707,00:47:21.966,1621902437
2843.523369,2842.966000,-0.557369,00:47:22.966,1622545412
2844.530904,2843.966000,-0.564904,00:47:23.966,1623160178
2845.539002,2844.966000,-0.573002,00:47:24.966,1623756116
2846.540977,2845.966000,-0.574977,00:47:25.966,1624373728
2847.547991,2846.966000,-0.581991,00:47:26.966,1624966828
2848.555236,2847.999000,-0.556236,00:47:27.999,1625721732
2849.560616,2848.999000,-0.561616,00:47:28.999,1626510378
2850.564953,2849.999000,-0.565953,00:47:29.999,1627318659
2851.569826,2850.999000,-0.570826,00:47:30.999,1628108103
2852.574805,2851.999000,-0.575805,00:47:31.999,1628888270
2853.577849,2852.999000,-0.578849,00:47:32.999,1629533175
2854.591904,2854.033000,-0.558904,00:47:34.033,1630111096
2855.596146,2855.033000,-0.563146,00:47:35.033,1630720915
2856.600004,2856.033000,-0.567004,00:47:36.033,1631376403
2857.602500,2857.033000,-0.569500,00:47:37.033,1632115732
2858.607896,2858.033000,-0.574896,00:47:38.033,1632918495
2859.617809,2859.066000,-0.551809,00:47:39.066,1633697941
2860.620656,2860.066000,-0.554656,00:47:40.066,1634430240
2861.622317,2861.066000,-0.556317,00:47:41.066,1635123485
2862.635099,2862.066000,-0.569099,00:47:42.066,1635724630
2863.649684,2863.099000,-0.550684,00:47:43.099,1636340971
2864.652052,2864.099000,-0.553052,00:47:44.099,1637001503
2865.656798,2865.099000,-0.557798,00:47:45.099,1637729978
2866.661230,2866.099000,-0.562230,00:47:46.099,1638475020
2867.666154,2867.099000,-0.567154,00:47:47.099,1639042084
2868.680495,2868.099000,-0.581495,00:47:48.099,1639631572
2869.696735,2869.133000,-0.563735,00:47:49.133,1640281796
2870.711688,2870.133000,-0.578688,00:47:50.133,1640917509
2871.714134,2871.133000,-0.581134,00:47:51.133,1641521825
2872.718045,2872.166000,-0.552045,00:47:52.166,1642169077
2873.733602,2873.166000,-0.567602,00:47:53.166,1642831275
2874.745891,2874.166000,-0.579891,00:47:54.166,1643530490
2875.753380,2875.199000,-0.554380,00:47:55.199,1644170549
2876.769483,2876.199000,-0.570483,00:47:56.199,1644868179
2877.783645,2877.233000,-0.550645,00:47:57.233,1645648495
2878.799215,2878.233000,-0.566215,00:47:58.233,1646424483
2879.815002,2879.266000,-0.549002,00:47:59.266,1647220817
2880.821447,2880.266000,-0.555447,00:48:00.266,1648001872
2881.837754,2881.266000,-0.571754,00:48:01.266,1648827969
2882.842542,2882.266000,-0.576542,00:48:02.266,1649631119
2883.847926,2883.299000,-0.548926,00:48:03.299,1650424355
2884.853370,2884.299000,-0.554370,00:48:04.299,1651165047
2885.859691,2885.299000,-0.560691,00:48:05.299,1651783887
2886.864580,2886.299000,-0.565580,00:48:06.299,1652371001
2887.872890,2887.299000,-0.573890,00:48:07.299,1652988104
2888.877967,2888.333000,-0.544967,00:48:08.333,1653731441
2889.883192,2889.333000,-0.550192,00:48:09.333,1654482913
2890.892750,2890.333000,-0.559750,00:48:10.333,1655217000
2891.897931,2891.333000,-0.564931,00:48:11.333,1655811238
2892.903107,2892.333000,-0.570107,00:48:12.333,1656390752
2893.908507,2893.333000,-0.575507,00:48:13.333,1656981121
2894.916738,2894.366000,-0.550738,00:48:14.366,1657605082
2895.924729,2895.366000,-0.558729,00:48:15.366,1658241853
2896.941409,2896.366000,-0.575409,00:48:16.366,1658924368
2897.945848,2897.399000,-0.546848,00:48:17.399,1659667473
2898.949783,2898.399000,-0.550783,00:48:18.399,1660347482
2899.956875,2899.399000,-0.557875,00:48:19.399,1660996805
2900.962582,2900.399000,-0.563582,00:48:20.399,1661620277
2901.967953,2901.399000,-0.568953,00:48:21.399,1662279825
2902.974956,2902.399000,-0.575956,00:48:22.399,1662998412
2903.981600,2903.433000,-0.548600,00:48:23.433,1663799561
2904.983475,2904.433000,-0.550475,00:48:24.433,1664606985
2905.995849,2905.433000,-0.562849,00:48:25.433,1665432049
2906.997926,2906.433000,-0.564926,00:48:26.433,1666221679
2908.014525,2907.466000,-0.548525,00:48:27.466,1667057029
2909.023380,2908.466000,-0.557380,00:48:28.466,1667853735
2910.026847,2909.466000,-0.560847,00:48:29.466,1668637793
2911.035080,2910.466000,-0.569080,00:48:30.466,1669450591
2912.042146,2911.466000,-0.576146,00:48:31.466,1670321284
2913.045088,2912.466000,-0.579088,00:48:32.466,1671224200
2914.046707,2913.466000,-0.580707,00:48:33.466,1672120929
2915.048114,2914.466000,-0.582114,00:48:34.466,1672986126
2916.060962,2915.499000,-0.561962,00:48:35.499,1673886606
2917.068164,2916.499000,-0.569164,00:48:36.499,1674625913
2918.073362,2917.499000,-0.574362,00:48:37.499,1675394190
2919.088688,2918.533000,-0.555688,00:48:38.533,1676209725
2920.093479,2919.533000,-0.560479,00:48:39.533,1676974101
2921.108668,2920.533000,-0.575668,00:48:40.533,1677636509
2922.123307,2921.566000,-0.557307,00:48:41.566,1678382499
2923.138999,2922.566000,-0.572999,00:48:42.566,1679202516
2924.155037,2923.599000,-0.556037,00:48:43.599,1680074254
2925.170039,2924.599000,-0.571039,00:48:44.599,1680859118
2926.183035,2925.633000,-0.550035,00:48:45.633,1681555968
2927.184520,2926.633000,-0.551520,00:48:46.633,1682323456
2928.191393,2927.633000,-0.558393,00:48:47.633,1683125758
2929.195673,2928.633000,-0.562673,00:48:48.633,1683863071
2930.207676,2929.633000,-0.574676,00:48:49.633,1684704271
2931.209221,2930.633000,-0.576221,00:48:50.633,1685579996
2932.211681,2931.633000,-0.578681,00:48:51.633,1686526919
2933.214985,2932.633000,-0.581985,00:48:52.633,1687491760
2934.220638,2933.666000,-0.554638,00:48:53.666,1688387502
2935.221803,2934.666000,-0.555803,00:48:54.666,1689224571
2936.227632,2935.666000,-0.561632,00:48:55.666,1690064864
2937.243142,2936.666000,-0.577142,00:48:56.666,1690898660
2938.244719,2937.699000,-0.545719,00:48:57.699,1691591657
2939.246618,2938.699000,-0.547618,00:48:58.699,1692171363
2940.253200,2939.699000,-0.554200,00:48:59.699,1692783928
2941.256069,2940.699000,-0.557069,00:49:00.699,1693583590
2942.269992,2941.699000,-0.570992,00:49:01.699,1694390769
2943.271680,2942.699000,-0.572680,00:49:02.699,1694986320
2944.274546,2943.699000,-0.575546,00:49:03.699,1695524668
2945.288052,2944.733000,-0.555052,00:49:04.733,1696052185
2946.289326,2945.733000,-0.556326,00:49:05.733,1696553757
2947.291615,2946.733000,-0.558615,00:49:06.733,1697054375
2948.307153,2947.733000,-0.574153,00:49:07.733,1697557603
2949.311489,2948.733000,-0.578489,00:49:08.733,1698083657
2950.314716,2949.733000,-0.581716,00:49:09.733,1698589564
2951.331298,2950.766000,-0.565298,00:49:10.766,1699114820
2952.333542,2951.766000,-0.567542,00:49:11.766,1699665879
2953.339000,2952.766000,-0.573000,00:49:12.766,1700237057
2954.353396,2953.799000,-0.554396,00:49:13.799,1700814624
2955.355685,2954.799000,-0.556685,00:49:14.799,1701386410
2956.356893,2955.799000,-0.557893,00:49:15.799,1701980797
2957.358826,2956.799000,-0.559826,00:49:16.799,1702576537
2958.360462,2957.799000,-0.561462,00:49:17.799,1703224317
2959.363187,2958.799000,-0.564187,00:49:18.799,1703893789
2960.366065,2959.799000,-0.567065,00:49:19.799,1704594636
2961.369175,2960.799000,-0.570175,00:49:20.799,1705323743
2962.372744,2961.799000,-0.573744,00:49:21.799,1705992059
2963.389003,2962.833000,-0.556003,00:49:22.833,1706621583
2964.391212,2963.833000,-0.558212,00:49:23.833,1707265330
2965.407185,2964.833000,-0.574185,00:49:24.833,1707869264
2966.420756,2965.866000,-0.554756,00:49:25.866,1708546859
2967.436083,2966.866000,-0.570083,00:49:26.866,1709175326
2968.439193,2967.866000,-0.573193,00:49:27.866,1709847552
2969.453518,2968.899000,-0.554518,00:49:28.899,1710559474
2970.467150,2969.899000,-0.568150,00:49:29.899,1711257341
2971.481208,2970.933000,-0.548208,00:49:30.933,1711918394
2972.496988,2971.933000,-0.563988,00:49:31.933,1712463732
2973.501484,2972.933000,-0.568484,00:49:32.933,1713143979
2974.503675,2973.933000,-0.570675,00:49:33.933,1713888959
2975.506712,2974.933000,-0.573712,00:49:34.933,1714574337
2976.508979,2975.933000,-0.575979,00:49:35.933,1715262960
2977.511225,2976.933000,-0.578225,00:49:36.933,1715834440
2978.526796,2977.966000,-0.560796,00:49:37.966,1716391317
2979.541533,2978.966000,-0.575533,00:49:38.966,1716988066
2980.555651,2979.999000,-0.556651,00:49:39.999,1717618175
2981.570482,2980.999000,-0.571482,00:49:40.999,1718284747
2982.586705,2982.033000,-0.553705,00:49:42.033,1719024197
2983.598752,2983.033000,-0.565752,00:49:43.033,1719641403
2984.613358,2984.033000,-0.580358,00:49:44.033,1720256707
2985.628084,2985.066000,-0.562084,00:49:45.066,1720850489
2986.642095,2986.066000,-0.576095,00:49:46.066,1721389101
2987.658023,2987.099000,-0.559023,00:49:47.099,1721995273
2988.675135,2988.099000,-0.576135,00:49:48.099,1722664921
2989.691453,2989.133000,-0.558453,00:49:49.133,1723281062
2990.706950,2990.133000,-0.573950,00:49:50.133,1723759624
2991.710630,2991.133000,-0.577630,00:49:51.133,1724222722
2992.726137,2992.166000,-0.560137,00:49:52.166,1724703331
2993.740253,2993.166000,-0.574253,00:49:53.166,1725244456
2994.754701,2994.199000,-0.555701,00:49:54.199,1725956476
2995.770601,2995.199000,-0.571601,00:49:55.199,1726565444
2996.783282,2996.233000,-0.550282,00:49:56.233,1727046031
2997.798959,2997.233000,-0.565959,00:49:57.233,1727521145
2998.814684,2998.233000,-0.581684,00:49:58.233,1727938537
2999.828046,2999.266000,-0.562046,00:49:59.266,1728465908
3000.843770,3000.266000,-0.577770,00:50:00.266,1729093571
3001.858036,3001.299000,-0.559036,00:50:01.299,1729765943
3002.862049,3002.299000,-0.563049,00:50:02.299,1730351988
3003.866091,3003.299000,-0.567091,00:50:03.299,1731021443
3004.880467,3004.299000,-0.581467,00:50:04.299,1731693650
3005.895008,3005.333000,-0.562008,00:50:05.333,1732285022
3006.897835,3006.333000,-0.564835,00:50:06.333,1732673159
3007.901988,3007.333000,-0.568988,00:50:07.333,1733105834
3008.915098,3008.333000,-0.582098,00:50:08.333,1733551280
3009.918156,3009.366000,-0.552156,00:50:09.366,1734086374
3010.920812,3010.366000,-0.554812,00:50:10.366,1734741189
3011.922624,3011.366000,-0.556624,00:50:11.366,1735410294
3012.924647,3012.366000,-0.558647,00:50:12.366,1736113420
3013.925723,3013.366000,-0.559723,00:50:13.366,1736828809
3014.930440,3014.366000,-0.564440,00:50:14.366,1737469841
3015.938717,3015.366000,-0.572717,00:50:15.366,1738015706
3016.944900,3016.366000,-0.578900,00:50:16.366,1738521034
3017.950448,3017.399000,-0.551448,00:50:17.399,1739096585
3018.966614,3018.399000,-0.567614,00:50:18.399,1739667675
3019.981509,3019.399000,-0.582509,00:50:19.399,1740208314
3020.987908,3020.433000,-0.554908,00:50:20.433,1740806425
3022.000448,3021.433000,-0.567448,00:50:21.433,1741362034
3023.014856,3022.433000,-0.581856,00:50:22.433,1741990939
3024.027809,3023.466000,-0.561809,00:50:23.466,1742788156
3025.042611,3024.466000,-0.576611,00:50:24.466,1743546487
3026.045724,3025.466000,-0.579724,00:50:25.466,1744192719
3027.061226,3026.499000,-0.562226,00:50:26.499,1744842931
3028.066905,3027.499000,-0.567905,00:50:27.499,1745550568
3029.079529,3028.533000,-0.546529,00:50:28.533,1746307801
3030.093589,3029.533000,-0.560589,00:50:29.533,1746953048
3031.108486,3030.533000,-0.575486,00:50:30.533,1747511580
3032.113300,3031.566000,-0.547300,00:50:31.566,1748221458
3033.114800,3032.566000,-0.548800,00:50:32.566,1749051169
3034.129580,3033.566000,-0.563580,00:50:33.566,1749845813
3035.130664,3034.566000,-0.564664,00:50:34.566,1750590477
3036.144859,3035.566000,-0.578859,00:50:35.566,1751300318
3037.158233,3036.599000,-0.559233,00:50:36.599,1751862533
3038.173374,3037.599000,-0.574374,00:50:37.599,1752395541
3039.184941,3038.633000,-0.551941,00:50:38.633,1752995818
3040.197617,3039.633000,-0.564617,00:50:39.633,1753623498
3041.209243,3040.633000,-0.576243,00:50:40.633,1754273889
3042.223466,3041.666000,-0.557466,00:50:41.666,1755007550
3043.239376,3042.666000,-0.573376,00:50:42.666,1755737536
3044.253169,3043.699000,-0.554169,00:50:43.699,1756473898
3045.267847,3044.699000,-0.568847,00:50:44.699,1757271865
3046.283033,3045.733000,-0.550033,00:50:45.733,1758083423
3047.284794,3046.733000,-0.551794,00:50:46.733,1758751628
3048.301185,3047.733000,-0.568185,00:50:47.733,1759382347
3049.315980,3048.766000,-0.549980,00:50:48.766,1760110166
3050.329892,3049.766000,-0.563892,00:50:49.766,1760805532
3051.344803,3050.766000,-0.578803,00:50:50.766,1761519574
3052.358825,3051.799000,-0.559825,00:50:51.799,1762266430
3053.374847,3052.799000,-0.575847,00:50:52.799,1762902862
3054.389049,3053.833000,-0.556049,00:50:53.833,1763572380
3055.402238,3054.833000,-0.569238,00:50:54.833,1764215761
3056.417724,3055.866000,-0.551724,00:50:55.866,1764966280
3057.428665,3056.866000,-0.562665,00:50:56.866,1765674656
3058.442704,3057.866000,-0.576704,00:50:57.866,1766342024
3059.457262,3058.899000,-0.558262,00:50:58.899,1767006210
3060.468656,3059.899000,-0.569656,00:50:59.899,1767616758
3061.470009,3060.899000,-0.571009,00:51:00.899,1768230183
3062.484996,3061.933000,-0.551996,00:51:01.933,1768833317
3063.487201,3062.933000,-0.554201,00:51:02.933,1769413571
3064.488550,3063.933000,-0.555550,00:51:03.933,1770001918
3065.504800,3064.933000,-0.571800,00:51:04.933,1770641477
3066.519414,3065.966000,-0.553414,00:51:05.966,1771428756
3067.535896,3066.966000,-0.569896,00:51:06.966,1772182366
3068.549452,3067.999000,-0.550452,00:51:07.999,1772916099
3069.562929,3068.999000,-0.563929,00:51:08.999,1773629296
3070.567835,3069.999000,-0.568835,00:51:09.999,1774386662
3071.572588,3070.999000,-0.573588,00:51:10.999,1775105865
3072.576164,3071.999000,-0.577164,00:51:11.999,1775714111
3073.590483,3073.033000,-0.557483,00:51:13.033,1776257161
3074.597526,3074.033000,-0.564526,00:51:14.033,1776880581
3075.599641,3075.033000,-0.566641,00:51:15.033,1777451006
3076.603014,3076.033000,-0.570014,00:51:16.033,1778065440
3077.606020,3077.033000,-0.573020,00:51:17.033,1778791221
3078.610877,3078.033000,-0.577877,00:51:18.033,1779489144
3079.617703,3079.066000,-0.551703,00:51:19.066,1780053584
3080.625915,3080.066000,-0.559915,00:51:20.066,1780530970
3081.628811,3081.066000,-0.562811,00:51:21.066,1781049965
3082.632161,3082.066000,-0.566161,00:51:22.066,1781796828
3083.648517,3083.099000,-0.549517,00:51:23.099,1782455684
3084.664790,3084.099000,-0.565790,00:51:24.099,1782928668
3085.670644,3085.099000,-0.571644,00:51:25.099,1783457889
3086.676753,3086.099000,-0.577753,00:51:26.099,1784091552
3087.692230,3087.133000,-0.559230,00:51:27.133,1784737398
3088.701534,3088.133000,-0.568534,00:51:28.133,1785243949
3089.708464,3089.133000,-0.575464,00:51:29.133,1785841827
3090.714803,3090.166000,-0.548803,00:51:30.166,1786566243
3091.716793,3091.166000,-0.550793,00:51:31.166,1787266405
3092.725659,3092.166000,-0.559659,00:51:32.166,1787833129
3093.730357,3093.166000,-0.564357,00:51:33.166,1788489262
3094.737074,3094.166000,-0.571074,00:51:34.166,1789097252
3095.743491,3095.166000,-0.577491,00:51:35.166,1789548990
3096.752508,3096.199000,-0.553508,00:51:36.199,1790152679
3097.760613,3097.199000,-0.561613,00:51:37.199,1790905767
3098.766970,3098.199000,-0.567970,00:51:38.199,1791624687
3099.774738,3099.199000,-0.575738,00:51:39.199,1792310974
3100.779350,3100.199000,-0.580350,00:51:40.199,1792807554
3101.782396,3101.233000,-0.549396,00:51:41.233,1793504209
3102.787164,3102.233000,-0.554164,00:51:42.233,1794291453
3103.801401,3103.233000,-0.568401,00:51:43.233,1795233091
3104.804897,3104.233000,-0.571897,00:51:44.233,1796215267
3105.809337,3105.233000,-0.576337,00:51:45.233,1797130899
3106.815241,3106.233000,-0.582241,00:51:46.233,1798045940
3107.820227,3107.266000,-0.554227,00:51:47.266,1798992516
3108.823152,3108.266000,-0.557152,00:51:48.266,1799840798
3109.824644,3109.266000,-0.558644,00:51:49.266,1800629535
3110.828259,3110.266000,-0.562259,00:51:50.266,1801325995
3111.842396,3111.266000,-0.576396,00:51:51.266,1801951032
3112.858019,3112.299000,-0.559019,00:51:52.299,1802599413
3113.872936,3113.299000,-0.573936,00:51:53.299,1803194844
3114.876732,3114.299000,-0.577732,00:51:54.299,1803764405
3115.878315,3115.299000,-0.579315,00:51:55.299,1804400104
3116.880437,3116.299000,-0.581437,00:51:56.299,1805041934
3117.895176,3117.333000,-0.562176,00:51:57.333,1805672813
3118.906608,3118.333000,-0.573608,00:51:58.333,1806284380
3119.921226,3119.366000,-0.555226,00:51:59.366,1806904339
3120.934721,3120.366000,-0.568721,00:52:00.366,1807528460
3121.947846,3121.399000,-0.548846,00:52:01.399,1808188213
3122.952244,3122.399000,-0.553244,00:52:02.399,1808937544
3123.964738,3123.399000,-0.565738,00:52:03.399,1809714581
3124.975906,3124.399000,-0.576906,00:52:04.399,1810612148
3125.987893,3125.433000,-0.554893,00:52:05.433,1811574079
3127.001649,3126.433000,-0.568649,00:52:06.433,1812499407
3128.015144,3127.466000,-0.549144,00:52:07.466,1813417558
3129.029341,3128.466000,-0.563341,00:52:08.466,1814342107
3130.044843,3129.466000,-0.578843,00:52:09.466,1815241608
3131.059965,3130.499000,-0.560965,00:52:10.499,1816073647
3132.074979,3131.499000,-0.575979,00:52:11.499,1816725876
3133.090647,3132.533000,-0.557647,00:52:12.533,1817422211
3134.106501,3133.533000,-0.573501,00:52:13.533,1818129633
3135.110662,3134.533000,-0.577662,00:52:14.533,1818852876
3136.111894,3135.566000,-0.545894,00:52:15.566,1819535228
3137.127668,3136.566000,-0.561668,00:52:16.566,1820190474
3138.130456,3137.566000,-0.564456,00:52:17.566,1820864154
3139.144676,3138.566000,-0.578676,00:52:18.566,1821488025
3140.148775,3139.599000,-0.549775,00:52:19.599,1822011483
3141.149985,3140.599000,-0.550985,00:52:20.599,1822559309
3142.152364,3141.599000,-0.553364,00:52:21.599,1823083855
3143.153861,3142.599000,-0.554861,00:52:22.599,1823599180
3144.168430,3143.599000,-0.569430,00:52:23.599,1824126053
3145.182233,3144.633000,-0.549233,00:52:24.633,1824688686
3146.185777,3145.633000,-0.552777,00:52:25.633,1825341442
3147.199329,3146.633000,-0.566329,00:52:26.633,1826042308
3148.204029,3147.633000,-0.571029,00:52:27.633,1826674343
3149.207591,3148.633000,-0.574591,00:52:28.633,1827269628
3150.213037,3149.666000,-0.547037,00:52:29.666,1827893120
3151.220581,3150.666000,-0.554581,00:52:30.666,1828445700
3152.228274,3151.666000,-0.562274,00:52:31.666,1829032687
3153.236178,3152.666000,-0.570178,00:52:32.666,1829628589
3154.242797,3153.699000,-0.543797,00:52:33.699,1830183708
3155.250408,3154.699000,-0.551408,00:52:34.699,1830761840
3156.256107,3155.699000,-0.557107,00:52:35.699,1831448327
3157.263202,3156.699000,-0.564202,00:52:36.699,1832155316
3158.278430,3157.699000,-0.579430,00:52:37.699,1832782376
3159.286543,3158.733000,-0.553543,00:52:38.733,1833351059
3160.294862,3159.733000,-0.561862,00:52:39.733,1833920459
3161.301212,3160.733000,-0.568212,00:52:40.733,1834490943
3162.310598,3161.733000,-0.577598,00:52:41.733,1835063064
3163.323132,3162.766000,-0.557132,00:52:42.766,1835619325
3164.329146,3163.766000,-0.563146,00:52:43.766,1836132787
3165.333407,3164.766000,-0.567407,00:52:44.766,1836674879
3166.340492,3165.766000,-0.574492,00:52:45.766,1837331564
3167.345800,3166.766000,-0.579800,00:52:46.766,1838038036
3168.353194,3167.799000,-0.554194,00:52:47.799,1838783807
3169.360546,3168.799000,-0.561546,00:52:48.799,1839483894
3170.367142,3169.799000,-0.568142,00:52:49.799,1840181402
3171.374929,3170.799000,-0.575929,00:52:50.799,1840898926
3172.377556,3171.833000,-0.544556,00:52:51.833,1841596395
3173.380667,3172.833000,-0.547667,00:52:52.833,1842267988
3174.387016,3173.833000,-0.554016,00:52:53.833,1842959482
3175.393608,3174.833000,-0.560608,00:52:54.833,1843612097
3176.395044,3175.833000,-0.562044,00:52:55.833,1844218625
3177.397273,3176.833000,-0.564273,00:52:56.833,1844792482
3178.400424,3177.833000,-0.567424,00:52:57.833,1845353323
3179.416686,3178.866000,-0.550686,00:52:58.866,1845919861
3180.417653,3179.866000,-0.551653,00:52:59.866,1846495059
3181.420036,3180.866000,-0.554036,00:53:00.866,1847080503
3182.423272,3181.866000,-0.557272,00:53:01.866,1847730146
3183.437417,3182.866000,-0.571417,00:53:02.866,1848285873
3184.442143,3183.866000,-0.576143,00:53:03.866,1848831891
3185.443441,3184.866000,-0.577441,00:53:04.866,1849365623
3186.446785,3185.866000,-0.580785,00:53:05.866,1849911309
3187.450230,3186.899000,-0.551230,00:53:06.899,1850494152
3188.454520,3187.899000,-0.555520,00:53:07.899,1851080910
3189.467003,3188.899000,-0.568003,00:53:08.899,1851674919
3190.469533,3189.899000,-0.570533,00:53:09.899,1852304252
3191.485711,3190.933000,-0.552711,00:53:10.933,1853000081
3192.487354,3191.933000,-0.554354,00:53:11.933,1853718520
3193.502147,3192.933000,-0.569147,00:53:12.933,1854456057
3194.516985,3193.966000,-0.550985,00:53:13.966,1855208912
3195.520632,3194.966000,-0.554632,00:53:14.966,1855951957
3196.536099,3195.966000,-0.570099,00:53:15.966,1856641623
3197.540983,3196.966000,-0.574983,00:53:16.966,1857317404
3198.544553,3197.966000,-0.578553,00:53:17.966,1857963325
3199.560210,3198.999000,-0.561210,00:53:18.999,1858575647
3200.562114,3199.999000,-0.563114,00:53:19.999,1859116799
3201.565884,3200.999000,-0.566884,00:53:20.999,1859635370
3202.581385,3201.999000,-0.582385,00:53:21.999,1860174611
3203.597999,3203.033000,-0.564999,00:53:23.033,1860707479
3204.600667,3204.033000,-0.567667,00:53:24.033,1861162057
3205.616528,3205.066000,-0.550528,00:53:25.066,1861639562
3206.622440,3206.066000,-0.556440,00:53:26.066,1862141009
3207.628600,3207.066000,-0.562600,00:53:27.066,1862690669
3208.633081,3208.066000,-0.567081,00:53:28.066,1863201455
3209.648564,3209.099000,-0.549564,00:53:29.099,1863733751
3210.652290,3210.099000,-0.553290,00:53:30.099,1864189690
3211.654898,3211.099000,-0.555898,00:53:31.099,1864640669
3212.659374,3212.099000,-0.560374,00:53:32.099,1865065755
3213.664730,3213.099000,-0.565730,00:53:33.099,1865455786
3214.668146,3214.099000,-0.569146,00:53:34.099,1865854557
3215.676549,3215.099000,-0.577549,00:53:35.099,1866240996
3216.680228,3216.099000,-0.581228,00:53:36.099,1866659096
3217.683852,3217.133000,-0.550852,00:53:37.133,1867049504
3218.686459,3218.133000,-0.553459,00:53:38.133,1867410221
3219.692132,3219.133000,-0.559132,00:53:39.133,1867783005
3220.697957,3220.133000,-0.564957,00:53:40.133,1868158887
3221.699895,3221.133000,-0.566895,00:53:41.133,1868537400
3222.707334,3222.133000,-0.574334,00:53:42.133,1868941579
3223.711831,3223.133000,-0.578831,00:53:43.133,1869358280
3224.719583,3224.166000,-0.553583,00:53:44.166,1869820008
3225.727415,3225.166000,-0.561415,00:53:45.166,1870220060
3226.735049,3226.166000,-0.569049,00:53:46.166,1870637258
3227.741992,3227.166000,-0.575992,00:53:47.166,1871046402
3228.757900,3228.199000,-0.558900,00:53:48.199,1871448478
3229.764871,3229.199000,-0.565871,00:53:49.199,1871861754
3230.772560,3230.199000,-0.573560,00:53:50.199,1872284399
3231.780177,3231.199000,-0.581177,00:53:51.199,1872719032
3232.790318,3232.233000,-0.557318,00:53:52.233,1873207366
3233.799452,3233.233000,-0.566452,00:53:53.233,1873649431
3234.810150,3234.233000,-0.577150,00:53:54.233,1874102059
3235.820111,3235.266000,-0.554111,00:53:55.266,1874579024
3236.824530,3236.266000,-0.558530,00:53:56.266,1875032153
3237.832881,3237.266000,-0.566881,00:53:57.266,1875493856
3238.836230,3238.266000,-0.570230,00:53:58.266,1875966667
3239.846384,3239.266000,-0.580384,00:53:59.266,1876427799
3240.856532,3240.299000,-0.557532,00:54:00.299,1876918615
3241.864011,3241.299000,-0.565011,00:54:01.299,1877359869
3242.869267,3242.299000,-0.570267,00:54:02.299,1877790839
3243.876540,3243.299000,-0.577540,00:54:03.299,1878231856
3244.880370,3244.299000,-0.581370,00:54:04.299,1878668926
3245.885930,3245.333000,-0.552930,00:54:05.333,1879086800
3246.893793,3246.333000,-0.560793,00:54:06.333,1879520678
3247.900205,3247.333000,-0.567205,00:54:07.333,1879956722
3248.906345,3248.333000,-0.573345,00:54:08.333,1880390862
3249.912776,3249.333000,-0.579776,00:54:09.333,1880848199
3250.920567,3250.366000,-0.554567,00:54:10.366,1881284942
3251.928017,3251.366000,-0.562017,00:54:11.366,1881699098
3252.937047,3252.366000,-0.571047,00:54:12.366,1882096994
3253.939986,3253.366000,-0.573986,00:54:13.366,1882509170
3254.943293,3254.366000,-0.577293,00:54:14.366,1882931108
3255.949093,3255.399000,-0.550093,00:54:15.399,1883349566
3256.958334,3256.399000,-0.559334,00:54:16.399,1883751927
3257.968357,3257.399000,-0.569357,00:54:17.399,1884199454
3258.973653,3258.399000,-0.574653,00:54:18.399,1884627011
3259.979080,3259.399000,-0.580080,00:54:19.399,1885049056
3260.983705,3260.433000,-0.550705,00:54:20.433,1885461770
3261.988168,3261.433000,-0.555168,00:54:21.433,1885849855
3262.992023,3262.433000,-0.559023,00:54:22.433,1886247389
3263.999165,3263.433000,-0.566165,00:54:23.433,1886654750
3265.002411,3264.433000,-0.569411,00:54:24.433,1887070671
3266.008338,3265.433000,-0.575338,00:54:25.433,1887531244
3267.011903,3266.466000,-0.545903,00:54:26.466,1887977481
3268.017046,3267.466000,-0.551046,00:54:27.466,1888399747
3269.020937,3268.466000,-0.554937,00:54:28.466,1888814581
3270.025719,3269.466000,-0.559719,00:54:29.466,1889214460
3271.031821,3270.466000,-0.565821,00:54:30.466,1889603566
3272.040620,3271.466000,-0.574620,00:54:31.466,1889989090
3273.047702,3272.499000,-0.548702,00:54:32.499,1890395162
3274.051423,3273.499000,-0.552423,00:54:33.499,1890826313
3275.056668,3274.499000,-0.557668,00:54:34.499,1891255780
3276.067704,3275.499000,-0.568704,00:54:35.499,1891673882
3277.072636,3276.499000,-0.573636,00:54:36.499,1892081398
3278.077228,3277.499000,-0.578228,00:54:37.499,1892496445
3279.085219,3278.533000,-0.552219,00:54:38.533,1892946603
3280.090559,3279.533000,-0.557559,00:54:39.533,1893379749
3281.102289,3280.533000,-0.569289,00:54:40.533,1893813187
3282.109043,3281.533000,-0.576043,00:54:41.533,1894261423
3283.115146,3282.566000,-0.549146,00:54:42.566,1894760500
3284.125645,3283.566000,-0.559645,00:54:43.566,1895208284
3285.128682,3284.566000,-0.562682,00:54:44.566,1895682472
3286.135807,3285.566000,-0.569807,00:54:45.566,1896141061
3287.138355,3286.566000,-0.572355,00:54:46.566,1896561942
3288.143896,3287.566000,-0.577896,00:54:47.566,1896976904
3289.148173,3288.566000,-0.582173,00:54:48.566,1897417212
3290.156759,3289.599000,-0.557759,00:54:49.599,1897874622
3291.161863,3290.599000,-0.562863,00:54:50.599,1898335841
3292.168630,3291.599000,-0.569630,00:54:51.599,1898766656
3293.174803,3292.599000,-0.575803,00:54:52.599,1899189722
3294.183167,3293.633000,-0.550167,00:54:53.633,1899621471
3295.188327,3294.633000,-0.555327,00:54:54.633,1900042545
3296.195006,3295.633000,-0.562006,00:54:55.633,1900455198
3297.198536,3296.633000,-0.565536,00:54:56.633,1900862674
3298.204654,3297.633000,-0.571654,00:54:57.633,1901256671
3299.214973,3298.633000,-0.581973,00:54:58.633,1901688723
3300.226343,3299.666000,-0.560343,00:54:59.666,1902096257
3301.230577,3300.666000,-0.564577,00:55:00.666,1902508094
3302.235859,3301.666000,-0.569859,00:55:01.666,1902928390
3303.239878,3302.666000,-0.573878,00:55:02.666,1903352783
3304.246804,3303.666000,-0.580804,00:55:03.666,1903770403
3305.253018,3304.699000,-0.554018,00:55:04.699,1904206810
3306.260440,3305.699000,-0.561440,00:55:05.699,1904632177
3307.264561,3306.699000,-0.565561,00:55:06.699,1905055720
3308.269250,3307.699000,-0.570250,00:55:07.699,1905508550
3309.272213,3308.699000,-0.573213,00:55:08.699,1905918857
3310.278550,3309.699000,-0.579550,00:55:09.699,1906317946
3311.281045,3310.733000,-0.548045,00:55:10.733,1906726167
3312.286231,3311.733000,-0.553231,00:55:11.733,1907113046
3313.294797,3312.733000,-0.561797,00:55:12.733,1907503084
3314.311231,3313.733000,-0.578231,00:55:13.733,1907900124
3315.314113,3314.766000,-0.548113,00:55:14.766,1908316932
3316.330304,3315.766000,-0.564304,00:55:15.766,1908759599
3317.334558,3316.766000,-0.568558,00:55:16.766,1909147086
3318.346973,3317.766000,-0.580973,00:55:17.766,1909539689
3319.361068,3318.799000,-0.562068,00:55:18.799,1909950602
3320.376341,3319.799000,-0.577341,00:55:19.799,1910352692
3321.377968,3320.799000,-0.578968,00:55:20.799,1910757960
3322.381955,3321.833000,-0.548955,00:55:21.833,1911165129
3323.397539,3322.833000,-0.564539,00:55:22.833,1911564810
3324.398899,3323.833000,-0.565899,00:55:23.833,1912002820
3325.401907,3324.833000,-0.568907,00:55:24.833,1912393181
3326.407769,3325.833000,-0.574769,00:55:25.833,1912782795
3327.415146,3326.833000,-0.582146,00:55:26.833,1913166996
3328.430693,3327.866000,-0.564693,00:55:27.866,1913577490
3329.445551,3328.866000,-0.579551,00:55:28.866,1913996504
3330.459041,3329.899000,-0.560041,00:55:29.899,1914415184
3331.475054,3330.899000,-0.576054,00:55:30.899,1914810721
3332.489719,3331.933000,-0.556719,00:55:31.933,1915268068
3333.504734,3332.933000,-0.571734,00:55:32.933,1915696511
3334.509755,3333.966000,-0.543755,00:55:33.966,1916145052
3335.526031,3334.966000,-0.560031,00:55:34.966,1916545488
3336.539833,3335.966000,-0.573833,00:55:35.966,1916942516
3337.541989,3336.966000,-0.575989,00:55:36.966,1917340316
3338.544868,3337.966000,-0.578868,00:55:37.966,1917750462
3339.551650,3338.999000,-0.552650,00:55:38.999,1918163082
3340.553861,3339.999000,-0.554861,00:55:39.999,1918556896
3341.556540,3340.999000,-0.557540,00:55:40.999,1918990211
3342.568740,3341.999000,-0.569740,00:55:41.999,1919389844
3343.583690,3343.033000,-0.550690,00:55:43.033,1919812531
3344.597449,3344.033000,-0.564449,00:55:44.033,1920233544
3345.611544,3345.033000,-0.578544,00:55:45.033,1920663095
3346.624929,3346.066000,-0.558929,00:55:46.066,1921106803
3347.629543,3347.066000,-0.563543,00:55:47.066,1921530713
3348.632442,3348.066000,-0.566442,00:55:48.066,1921963424
3349.636892,3349.066000,-0.570892,00:55:49.066,1922412350
3350.640453,3350.066000,-0.574453,00:55:50.066,1922828492
3351.641999,3351.066000,-0.575999,00:55:51.066,1923253238
3352.646808,3352.099000,-0.547808,00:55:52.099,1923695910
3353.659949,3353.099000,-0.560949,00:55:53.099,1924110791
3354.661656,3354.099000,-0.562656,00:55:54.099,1924529692
3355.667409,3355.099000,-0.568409,00:55:55.099,1924944469
3356.682191,3356.133000,-0.549191,00:55:56.133,1925355823
3357.695926,3357.133000,-0.562926,00:55:57.133,1925793932
3358.701706,3358.133000,-0.568706,00:55:58.133,1926205299
3359.704806,3359.133000,-0.571806,00:55:59.133,1926620002
3360.710097,3360.133000,-0.577097,00:56:00.133,1927039728
3361.726069,3361.166000,-0.560069,00:56:01.166,1927457459
3362.741726,3362.166000,-0.575726,00:56:02.166,1927884420
3363.743071,3363.166000,-0.577071,00:56:03.166,1928314115
3364.748268,3364.166000,-0.582268,00:56:04.166,1928727330
3365.750702,3365.199000,-0.551702,00:56:05.199,1929165836
3366.752579,3366.199000,-0.553579,00:56:06.199,1929571796
3367.768290,3367.199000,-0.569290,00:56:07.199,1929975518
3368.771074,3368.199000,-0.572074,00:56:08.199,1930392569
3369.784990,3369.233000,-0.551990,00:56:09.233,1930816834
3370.787831,3370.233000,-0.554831,00:56:10.233,1931239372
3371.789923,3371.233000,-0.556923,00:56:11.233,1931647428
3372.791658,3372.233000,-0.558658,00:56:12.233,1932046207
3373.792999,3373.233000,-0.559999,00:56:13.233,1932441459
3374.796606,3374.233000,-0.563606,00:56:14.233,1932898518
3375.801867,3375.233000,-0.568867,00:56:15.233,1933317447
3376.810869,3376.233000,-0.577869,00:56:16.233,1933734323
3377.815879,3377.266000,-0.549879,00:56:17.266,1934158166
3378.817851,3378.266000,-0.551851,00:56:18.266,1934568970
3379.820589,3379.266000,-0.554589,00:56:19.266,1934969557
3380.825116,3380.266000,-0.559116,00:56:20.266,1935356167
3381.840838,3381.266000,-0.574838,00:56:21.266,1935742358
3382.855215,3382.299000,-0.556215,00:56:22.299,1936190756
3383.858943,3383.299000,-0.559943,00:56:23.299,1936593543
3384.866025,3384.299000,-0.567025,00:56:24.299,1936997411
3385.868517,3385.299000,-0.569517,00:56:25.299,1937389560
3386.880882,3386.299000,-0.581882,00:56:26.299,1937783429
3387.885705,3387.333000,-0.552705,00:56:27.333,1938206052
3388.888898,3388.333000,-0.555898,00:56:28.333,1938624334
3389.905594,3389.333000,-0.572594,00:56:29.333,1939032191
3390.912503,3390.333000,-0.579503,00:56:30.333,1939460599
3391.927116,3391.366000,-0.561116,00:56:31.366,1939886604
3392.942924,3392.366000,-0.576924,00:56:32.366,1940305280
3393.954970,3393.399000,-0.555970,00:56:33.399,1940708976
3394.956873,3394.399000,-0.557873,00:56:34.399,1941099510
3395.970006,3395.399000,-0.571006,00:56:35.399,1941500061
3396.972590,3396.399000,-0.573590,00:56:36.399,1941907010
3397.974871,3397.399000,-0.575871,00:56:37.399,1942314557
3398.990927,3398.433000,-0.557927,00:56:38.433,1942755191
3400.006505,3399.433000,-0.573505,00:56:39.433,1943236742
3401.019580,3400.466000,-0.553580,00:56:40.466,1943684125
3402.021809,3401.466000,-0.555809,00:56:41.466,1944085356
3403.037224,3402.466000,-0.571224,00:56:42.466,1944499045
3404.052782,3403.499000,-0.553782,00:56:43.499,1944921891
3405.054822,3404.499000,-0.555822,00:56:44.499,1945323627
3406.068866,3405.499000,-0.569866,00:56:45.499,1945725684
3407.070942,3406.499000,-0.571942,00:56:46.499,1946136865
3408.072477,3407.499000,-0.573477,00:56:47.499,1946577892
3409.075078,3408.499000,-0.576078,00:56:48.499,1946981175
3410.088611,3409.533000,-0.555611,00:56:49.533,1947398390
3411.096364,3410.533000,-0.563364,00:56:50.533,1947795158
3412.099786,3411.533000,-0.566786,00:56:51.533,1948197968
3413.113753,3412.533000,-0.580753,00:56:52.533,1948620760
3414.118724,3413.566000,-0.552724,00:56:53.566,1949071613
3415.135488,3414.566000,-0.569488,00:56:54.566,1949495897
3416.151160,3415.599000,-0.552160,00:56:55.599,1949959563
3417.153573,3416.599000,-0.554573,00:56:56.599,1950392637
3418.155010,3417.599000,-0.556010,00:56:57.599,1950818426
3419.159665,3418.599000,-0.560665,00:56:58.599,1951236896
3420.165298,3419.599000,-0.566298,00:56:59.599,1951646423
3421.173610,3420.599000,-0.574610,00:57:00.599,1952066587
3422.187595,3421.633000,-0.554595,00:57:01.633,1952505523
3423.188925,3422.633000,-0.555925,00:57:02.633,1952923208
3424.195853,3423.633000,-0.562853,00:57:03.633,1953356699
3425.210733,3424.633000,-0.577733,00:57:04.633,1953769093
3426.214129,3425.633000,-0.581129,00:57:05.633,1954171286
3427.228874,3426.666000,-0.562874,00:57:06.666,1954595241
3428.234851,3427.666000,-0.568851,00:57:07.666,1955007041
3429.240224,3428.666000,-0.574224,00:57:08.666,1955414717
3430.243359,3429.666000,-0.577359,00:57:09.666,1955811048
3431.250736,3430.699000,-0.551736,00:57:10.699,1956216107
3432.254831,3431.699000,-0.555831,00:57:11.699,1956615448
3433.265275,3432.699000,-0.566275,00:57:12.699,1957063588
3434.280840,3433.699000,-0.581840,00:57:13.699,1957483917
3435.286626,3434.733000,-0.553626,00:57:14.733,1957910138
3436.288035,3435.733000,-0.555035,00:57:15.733,1958315305
3437.294788,3436.733000,-0.561788,00:57:16.733,1958719295
3438.298982,3437.733000,-0.565982,00:57:17.733,1959130802
3439.304946,3438.733000,-0.571946,00:57:18.733,1959548483
3440.311995,3439.733000,-0.578995,00:57:19.733,1959957550
3441.320704,3440.766000,-0.554704,00:57:20.766,1960399805
3442.328892,3441.766000,-0.562892,00:57:21.766,1960792463
3443.331960,3442.766000,-0.565960,00:57:22.766,1961174221
3444.337657,3443.766000,-0.571657,00:57:23.766,1961567470
3445.339999,3444.766000,-0.573999,00:57:24.766,1961961158
3446.355503,3445.799000,-0.556503,00:57:25.799,1962383992
3447.363631,3446.799000,-0.564631,00:57:26.799,1962796143
3448.370881,3447.799000,-0.571881,00:57:27.799,1963207080
3449.375794,3448.799000,-0.576794,00:57:28.799,1963644430
3450.383086,3449.833000,-0.550086,00:57:29.833,1964052144
3451.384051,3450.833000,-0.551051,00:57:30.833,1964443149
3452.385808,3451.833000,-0.552808,00:57:31.833,1964833509
3453.391702,3452.833000,-0.558702,00:57:32.833,1965219731
3454.401795,3453.833000,-0.568795,00:57:33.833,1965615452
3455.406151,3454.833000,-0.573151,00:57:34.833,1966010710
3456.409000,3455.833000,-0.576000,00:57:35.833,1966406002
3457.414952,3456.866000,-0.548952,00:57:36.866,1966832286
3458.428490,3457.866000,-0.562490,00:57:37.866,1967202396
3459.430133,3458.866000,-0.564133,00:57:38.866,1967568831
3460.431588,3459.866000,-0.565588,00:57:39.866,1967944676
3461.437164,3460.866000,-0.571164,00:57:40.866,1968340317
3462.438885,3461.866000,-0.572885,00:57:41.866,1968727619
3463.442904,3462.866000,-0.576904,00:57:42.866,1969108343
3464.449955,3463.899000,-0.550955,00:57:43.899,1969504842
3465.455988,3464.899000,-0.556988,00:57:44.899,1969903485
3466.461118,3465.899000,-0.562118,00:57:45.899,1970343940
3467.463630,3466.899000,-0.564630,00:57:46.899,1970733308
3468.466830,3467.899000,-0.567830,00:57:47.899,1971125744
3469.469981,3468.899000,-0.570981,00:57:48.899,1971510409
3470.485333,3469.933000,-0.552333,00:57:49.933,1971915182
3471.489825,3470.933000,-0.556825,00:57:50.933,1972306037
3472.491699,3471.933000,-0.558699,00:57:51.933,1972688220
3473.494989,3472.933000,-0.561989,00:57:52.933,1973070608
3474.496688,3473.933000,-0.563688,00:57:53.933,1973501820
3475.505649,3474.933000,-0.572649,00:57:54.933,1973905033
3476.512722,3475.933000,-0.579722,00:57:55.933,1974312471
3477.516620,3476.966000,-0.550620,00:57:56.966,1974743090
3478.526920,3477.966000,-0.560920,00:57:57.966,1975159391
3479.534737,3478.966000,-0.568737,00:57:58.966,1975557497
3480.536554,3479.966000,-0.570554,00:57:59.966,1975953162
3481.540631,3480.966000,-0.574631,00:58:00.966,1976348184
3482.548195,3481.966000,-0.582195,00:58:01.966,1976778725
3483.554999,3482.999000,-0.555999,00:58:02.999,1977215243
3484.558971,3483.999000,-0.559971,00:58:03.999,1977629664
3485.562763,3484.999000,-0.563763,00:58:04.999,1978040222
3486.567818,3485.999000,-0.568818,00:58:05.999,1978448194
3487.571727,3486.999000,-0.572727,00:58:06.999,1978864058
3488.577890,3487.999000,-0.578890,00:58:07.999,1979279127
3489.582446,3489.033000,-0.549446,00:58:09.033,1979700668
3490.588739,3490.033000,-0.555739,00:58:10.033,1980101592
3491.593777,3491.033000,-0.560777,00:58:11.033,1980555855
3492.602616,3492.033000,-0.569616,00:58:12.033,1980978366
3493.610344,3493.033000,-0.577344,00:58:13.033,1981407465
3494.617861,3494.066000,-0.551861,00:58:14.066,1981835011
3495.622249,3495.066000,-0.556249,00:58:15.066,1982258976
3496.633296,3496.066000,-0.567296,00:58:16.066,1982677498
3497.642596,3497.066000,-0.576596,00:58:17.066,1983078650
3498.647667,3498.099000,-0.548667,00:58:18.099,1983495008
3499.652395,3499.099000,-0.553395,00:58:19.099,1983926399
3500.662636,3500.099000,-0.563636,00:58:20.099,1984327357
3501.670965,3501.099000,-0.571965,00:58:21.099,1984741918
3502.675964,3502.099000,-0.576964,00:58:22.099,1985164127
3503.678606,3503.099000,-0.579606,00:58:23.099,1985577176
3504.684349,3504.133000,-0.551349,00:58:24.133,1985991043
3505.690764,3505.133000,-0.557764,00:58:25.133,1986387704
3506.697002,3506.133000,-0.564002,00:58:26.133,1986782713
3507.702478,3507.133000,-0.569478,00:58:27.133,1987212544
3508.708072,3508.133000,-0.575072,00:58:28.133,1987618227
3509.713027,3509.133000,-0.580027,00:58:29.133,1988017367
3510.720653,3510.166000,-0.554653,00:58:30.166,1988438109
3511.727905,3511.166000,-0.561905,00:58:31.166,1988843432
3512.732343,3512.166000,-0.566343,00:58:32.166,1989247440
3513.737940,3513.166000,-0.571940,00:58:33.166,1989658303
3514.743384,3514.166000,-0.577384,00:58:34.166,1990076013
3515.749063,3515.199000,-0.550063,00:58:35.199,1990548329
3516.752945,3516.199000,-0.553945,00:58:36.199,1990975857
3517.755050,3517.199000,-0.556050,00:58:37.199,1991383447
3518.761966,3518.199000,-0.562966,00:58:38.199,1991799066
3519.768052,3519.199000,-0.569052,00:58:39.199,1992214946
3520.773212,3520.199000,-0.574212,00:58:40.199,1992639044
3521.774786,3521.199000,-0.575786,00:58:41.199,1993057284
3522.790632,3522.233000,-0.557632,00:58:42.233,1993490000
3523.800028,3523.233000,-0.567028,00:58:43.233,1993900262
3524.805643,3524.233000,-0.572643,00:58:44.233,1994357965
3525.812258,3525.233000,-0.579258,00:58:45.233,1994778771
3526.816578,3526.266000,-0.550578,00:58:46.266,1995194423
3527.819094,3527.266000,-0.553094,00:58:47.266,1995597548
3528.827894,3528.266000,-0.561894,00:58:48.266,1995998923
3529.844786,3529.266000,-0.578786,00:58:49.266,1996407946
3530.847257,3530.266000,-0.581257,00:58:50.266,1996838100
3531.862622,3531.299000,-0.563622,00:58:51.299,1997285715
3532.866993,3532.299000,-0.567993,00:58:52.299,1997767508
3533.872215,3533.299000,-0.573215,00:58:53.299,1998212473
3534.886893,3534.333000,-0.553893,00:58:54.333,1998657636
3535.893399,3535.333000,-0.560399,00:58:55.333,1999090257
3536.899710,3536.333000,-0.566710,00:58:56.333,1999509567
3537.907764,3537.333000,-0.574764,00:58:57.333,1999925189
3538.912283,3538.333000,-0.579283,00:58:58.333,2000354116
3539.924612,3539.366000,-0.558612,00:58:59.366,2000791886
3540.926608,3540.366000,-0.560608,00:59:00.366,2001239637
3541.929918,3541.366000,-0.563918,00:59:01.366,2001658226
3542.932254,3542.366000,-0.566254,00:59:02.366,2002077165
3543.937829,3543.366000,-0.571829,00:59:03.366,2002490893
3544.942998,3544.366000,-0.576998,00:59:04.366,2002893741
3545.948549,3545.399000,-0.549549,00:59:05.399,2003313845
3546.951429,3546.399000,-0.552429,00:59:06.399,2003728556
3547.953040,3547.399000,-0.554040,00:59:07.399,2004126882
3548.957023,3548.399000,-0.558023,00:59:08.399,2004528308
3549.972293,3549.399000,-0.573293,00:59:09.399,2004970523
3550.978318,3550.433000,-0.545318,00:59:10.433,2005400192
3551.987205,3551.433000,-0.554205,00:59:11.433,2005801857
3552.989038,3552.433000,-0.556038,00:59:12.433,2006209620
3554.004645,3553.433000,-0.571645,00:59:13.433,2006622640
3555.008624,3554.433000,-0.575624,00:59:14.433,2007039178
3556.012415,3555.433000,-0.579415,00:59:15.433,2007455609
3557.018812,3556.466000,-0.552812,00:59:16.466,2007888045
3558.026724,3557.466000,-0.560724,00:59:17.466,2008341950
3559.041427,3558.466000,-0.575427,00:59:18.466,2008764435
3560.044958,3559.499000,-0.545958,00:59:19.499,2009187725
3561.053983,3560.499000,-0.554983,00:59:20.499,2009596486
3562.062094,3561.499000,-0.563094,00:59:21.499,2010008712
3563.070340,3562.499000,-0.571340,00:59:22.499,2010410355
3564.075966,3563.499000,-0.576966,00:59:23.499,2010808708
3565.083431,3564.533000,-0.550431,00:59:24.533,2011218509
3566.087017,3565.533000,-0.554017,00:59:25.533,2011659075
3567.093648,3566.533000,-0.560648,00:59:26.533,2012067758
3568.102227,3567.533000,-0.569227,00:59:27.533,2012471806
3569.108979,3568.533000,-0.575979,00:59:28.533,2012866368
3570.116626,3569.566000,-0.550626,00:59:29.566,2013279659
3571.122469,3570.566000,-0.556469,00:59:30.566,2013678624
3572.128000,3571.566000,-0.562000,00:59:31.566,2014069276
3573.132322,3572.566000,-0.566322,00:59:32.566,2014460640
3574.136981,3573.566000,-0.570981,00:59:33.566,2014876693
3575.151370,3574.599000,-0.552370,00:59:34.599,2015285226
3576.162302,3575.599000,-0.563302,00:59:35.599,2015673628
3577.166887,3576.599000,-0.567887,00:59:36.599,2016055779
3578.174792,3577.599000,-0.575792,00:59:37.599,2016442914
3579.176838,3578.599000,-0.577838,00:59:38.599,2016837892
3580.192113,3579.633000,-0.559113,00:59:39.633,2017253589
3581.207625,3580.633000,-0.574625,00:59:40.633,2017650322
3582.212524,3581.666000,-0.546524,00:59:41.666,2018061460
3583.216842,3582.666000,-0.550842,00:59:42.666,2018475933
3584.232270,3583.666000,-0.566270,00:59:43.666,2018856291
3585.238026,3584.666000,-0.572026,00:59:44.666,2019246426
3586.255089,3585.699000,-0.556089,00:59:45.699,2019653445
3587.260893,3586.699000,-0.561893,00:59:46.699,2020051931
3588.265055,3587.699000,-0.566055,00:59:47.699,2020452073
3589.275439,3588.699000,-0.576439,00:59:48.699,2020849523
3590.289712,3589.733000,-0.556712,00:59:49.733,2021242187
3591.296968,3590.733000,-0.563968,00:59:50.733,2021654093
3592.301125,3591.733000,-0.568125,00:59:51.733,2022038823
3593.306475,3592.733000,-0.573475,00:59:52.733,2022436348
3594.309764,3593.733000,-0.576764,00:59:53.733,2022835938
3595.311222,3594.766000,-0.545222,00:59:54.766,2023243931
3596.322391,3595.766000,-0.556391,00:59:55.766,2023633289
3597.324527,3596.766000,-0.558527,00:59:56.766,2024030873
3598.328152,3597.766000,-0.562152,00:59:57.766,2024447361
3599.341118,3598.766000,-0.575118,00:59:58.766,2024887623
3600.356653,3599.799000,-0.557653,00:59:59.799,2025302787
3601.357894,3600.799000,-0.558894,01:00:00.799,2025693996
3602.374737,3601.799000,-0.575737,01:00:01.799,2026085771
3603.387542,3602.833000,-0.554542,01:00:02.833,2026503472
3604.401996,3603.833000,-0.568996,01:00:03.833,2026892690
3605.405643,3604.833000,-0.572643,01:00:04.833,2027274751
3606.407807,3605.833000,-0.574807,01:00:05.833,2027661673
3607.422017,3606.866000,-0.556017,01:00:06.866,2028102092
3608.436339,3607.866000,-0.570339,01:00:07.866,2028533344
3609.451882,3608.899000,-0.552882,01:00:08.899,2028967139
3610.457659,3609.899000,-0.558659,01:00:09.899,2029403429
3611.459958,3610.899000,-0.560958,01:00:10.899,2029824780
3612.461160,3611.899000,-0.562160,01:00:11.899,2030236536
3613.474596,3612.899000,-0.575596,01:00:12.899,2030643038
3614.488891,3613.933000,-0.555891,01:00:13.933,2031055021
3615.489888,3614.933000,-0.556888,01:00:14.933,2031435266
3616.491022,3615.933000,-0.558022,01:00:15.933,2031870412
3617.504644,3616.933000,-0.571644,01:00:16.933,2032274380
3618.520685,3617.966000,-0.554685,01:00:17.966,2032682975
3619.532175,3618.966000,-0.566175,01:00:18.966,2033073228
3620.534790,3619.966000,-0.568790,01:00:19.966,2033473568
3621.548965,3620.999000,-0.549965,01:00:20.999,2033888576
3622.562693,3621.999000,-0.563693,01:00:21.999,2034282277
3623.568656,3622.999000,-0.569656,01:00:22.999,2034685750
3624.572555,3623.999000,-0.573555,01:00:23.999,2035127488
3625.584631,3625.033000,-0.551631,01:00:25.033,2035555727
3626.585893,3626.033000,-0.552893,01:00:26.033,2035953498
3627.602518,3627.033000,-0.569518,01:00:27.033,2036363080
3628.615865,3628.066000,-0.549865,01:00:28.066,2036791992
3629.617048,3629.066000,-0.551048,01:00:29.066,2037199281
3630.620409,3630.066000,-0.554409,01:00:30.066,2037592725
3631.631433,3631.066000,-0.565433,01:00:31.066,2037995190
3632.632953,3632.066000,-0.566953,01:00:32.066,2038427486
3633.647904,3633.099000,-0.548904,01:00:33.099,2038840836
3634.662171,3634.099000,-0.563171,01:00:34.099,2039242395
3635.663351,3635.099000,-0.564351,01:00:35.099,2039643822
3636.676830,3636.099000,-0.577830,01:00:36.099,2040055431
3637.691096,3637.133000,-0.558096,01:00:37.133,2040485939
3638.704887,3638.133000,-0.571887,01:00:38.133,2040886390
3639.706544,3639.133000,-0.573544,01:00:39.133,2041289065
3640.707686,3640.133000,-0.574686,01:00:40.133,2041674845
3641.724865,3641.166000,-0.558865,01:00:41.166,2042110372
3642.733179,3642.166000,-0.567179,01:00:42.166,2042497403
3643.737196,3643.166000,-0.571196,01:00:43.166,2042896780
3644.740150,3644.166000,-0.574150,01:00:44.166,2043296374
3645.745688,3645.166000,-0.579688,01:00:45.166,2043701293
3646.761414,3646.199000,-0.562414,01:00:46.199,2044144704
3647.763398,3647.199000,-0.564398,01:00:47.199,2044561477
3648.764842,3648.199000,-0.565842,01:00:48.199,2044971918
3649.775804,3649.199000,-0.576804,01:00:49.199,2045407246
3650.788693,3650.233000,-0.555693,01:00:50.233,2045822699
3651.792998,3651.233000,-0.559998,01:00:51.233,2046209804
3652.807957,3652.233000,-0.574957,01:00:52.233,2046589927
3653.823267,3653.266000,-0.557267,01:00:53.266,2046974715
3654.824759,3654.266000,-0.558759,01:00:54.266,2047355838
3655.838918,3655.266000,-0.572918,01:00:55.266,2047732017
3656.840350,3656.266000,-0.574350,01:00:56.266,2048116934
3657.845042,3657.266000,-0.579042,01:00:57.266,2048533341
3658.847776,3658.266000,-0.581776,01:00:58.266,2048924331
3659.862384,3659.299000,-0.563384,01:00:59.299,2049328021
3660.876592,3660.299000,-0.577592,01:01:00.299,2049710631
3661.890095,3661.333000,-0.557095,01:01:01.333,2050107506
3662.900918,3662.333000,-0.567918,01:01:02.333,2050503228
3663.916619,3663.366000,-0.550619,01:01:03.366,2050918548
3664.933276,3664.366000,-0.567276,01:01:04.366,2051324812
3665.947552,3665.399000,-0.548552,01:01:05.399,2051773189
3666.961573,3666.399000,-0.562573,01:01:06.399,2052164822
3667.976760,3667.399000,-0.577760,01:01:07.399,2052549117
3668.990806,3668.433000,-0.557806,01:01:08.433,2052943770
3669.992055,3669.433000,-0.559055,01:01:09.433,2053323647
3671.006808,3670.433000,-0.573808,01:01:10.433,2053711803
3672.020095,3671.466000,-0.554095,01:01:11.466,2054116702
3673.031073,3672.466000,-0.565073,01:01:12.466,2054496541
3674.045061,3673.466000,-0.579061,01:01:13.466,2054888516
3675.058679,3674.499000,-0.559679,01:01:14.499,2055342725
3676.072381,3675.499000,-0.573381,01:01:15.499,2055744640
3677.085493,3676.533000,-0.552493,01:01:16.533,2056148804
3678.101687,3677.533000,-0.568687,01:01:17.533,2056543488
3679.112678,3678.533000,-0.579678,01:01:18.533,2056928153
3680.113894,3679.566000,-0.547894,01:01:19.566,2057331557
3681.128608,3680.566000,-0.562608,01:01:20.566,2057702444
3682.144067,3681.566000,-0.578067,01:01:21.566,2058085921
3683.147965,3682.566000,-0.581965,01:01:22.566,2058515594
3684.163725,3683.599000,-0.564725,01:01:23.599,2058912566
3685.167583,3684.599000,-0.568583,01:01:24.599,2059293641
3686.170532,3685.599000,-0.571532,01:01:25.599,2059681223
3687.174631,3686.599000,-0.575631,01:01:26.599,2060076280
3688.189885,3687.633000,-0.556885,01:01:27.633,2060490664
3689.204708,3688.633000,-0.571708,01:01:28.633,2060878933
3690.219594,3689.666000,-0.553594,01:01:29.666,2061276038
3691.221519,3690.666000,-0.555519,01:01:30.666,2061688917
3692.236157,3691.666000,-0.570157,01:01:31.666,2062078080
3693.252236,3692.699000,-0.553236,01:01:32.699,2062470486
3694.254879,3693.699000,-0.555879,01:01:33.699,2062857364
3695.269902,3694.699000,-0.570902,01:01:34.699,2063236624
3696.272487,3695.699000,-0.573487,01:01:35.699,2063615045
3697.273755,3696.699000,-0.574755,01:01:36.699,2063992082
3698.288346,3697.733000,-0.555346,01:01:37.733,2064393370
3699.303550,3698.733000,-0.570550,01:01:38.733,2064814235
3700.318003,3699.766000,-0.552003,01:01:39.766,2065212343
3701.319480,3700.766000,-0.553480,01:01:40.766,2065596724
3702.335964,3701.766000,-0.569964,01:01:41.766,2065978679
3703.351050,3702.799000,-0.552050,01:01:42.799,2066377931
3704.367076,3703.799000,-0.568076,01:01:43.799,2066770494
3705.383165,3704.833000,-0.550165,01:01:44.833,2067178185
3706.397724,3705.833000,-0.564724,01:01:45.833,2067573256
3707.402573,3706.833000,-0.569573,01:01:46.833,2067989820
3708.419071,3707.866000,-0.553071,01:01:47.866,2068402326
3709.423259,3708.866000,-0.557259,01:01:48.866,2068791673
3710.437091,3709.866000,-0.571091,01:01:49.866,2069178277
3711.453328,3710.899000,-0.554328,01:01:50.899,2069589737
3712.454869,3711.899000,-0.555869,01:01:51.899,2069988918
3713.471374,3712.899000,-0.572374,01:01:52.899,2070397496
3714.473090,3713.899000,-0.574090,01:01:53.899,2070800534
3715.486939,3714.933000,-0.553939,01:01:54.933,2071193419
3716.489419,3715.933000,-0.556419,01:01:55.933,2071602782
3717.503768,3716.933000,-0.570768,01:01:56.933,2071980762
3718.515839,3717.966000,-0.549839,01:01:57.966,2072378742
3719.532166,3718.966000,-0.566166,01:01:58.966,2072763816
3720.547882,3719.966000,-0.581882,01:01:59.966,2073143285
3721.562337,3720.999000,-0.563337,01:02:00.999,2073540577
3722.576964,3721.999000,-0.577964,01:02:01.999,2073916478
3723.589307,3723.033000,-0.556307,01:02:03.033,2074298821
3724.601558,3724.033000,-0.568558,01:02:04.033,2074710576
3725.615947,3725.066000,-0.549947,01:02:05.066,2075114296
3726.631205,3726.066000,-0.565205,01:02:06.066,2075506952
3727.645954,3727.066000,-0.579954,01:02:07.066,2075891176
3728.657655,3728.099000,-0.558655,01:02:08.099,2076281276
3729.670056,3729.099000,-0.571056,01:02:09.099,2076670142
3730.686407,3730.133000,-0.553407,01:02:10.133,2077090067
3731.698932,3731.133000,-0.565932,01:02:11.133,2077497092
3732.713067,3732.133000,-0.580067,01:02:12.133,2077927782
3733.725010,3733.166000,-0.559010,01:02:13.166,2078318667
3734.737750,3734.166000,-0.571750,01:02:14.166,2078696977
3735.753101,3735.199000,-0.554101,01:02:15.199,2079100623
3736.766185,3736.199000,-0.567185,01:02:16.199,2079485541
3737.778839,3737.199000,-0.579839,01:02:17.199,2079869987
3738.794617,3738.233000,-0.561617,01:02:18.233,2080270366
3739.804795,3739.233000,-0.571795,01:02:19.233,2080673619
3740.817896,3740.266000,-0.551896,01:02:20.266,2081135406
3741.831252,3741.266000,-0.565252,01:02:21.266,2081562149
3742.844600,3742.266000,-0.578600,01:02:22.266,2081997091
3743.858917,3743.299000,-0.559917,01:02:23.299,2082436286
3744.864928,3744.299000,-0.565928,01:02:24.299,2082845544
3745.878038,3745.299000,-0.579038,01:02:25.299,2083248926
3746.892009,3746.333000,-0.559009,01:02:26.333,2083649551
3747.906807,3747.333000,-0.573807,01:02:27.333,2084041908
3748.923529,3748.366000,-0.557529,01:02:28.366,2084433850
3749.938509,3749.366000,-0.572509,01:02:29.366,2084854794
3750.940942,3750.366000,-0.574942,01:02:30.366,2085238883
3751.946456,3751.366000,-0.580456,01:02:31.366,2085622959
3752.960388,3752.399000,-0.561388,01:02:32.399,2086018911
3753.976544,3753.399000,-0.577544,01:02:33.399,2086397793
3754.992280,3754.433000,-0.559280,01:02:34.433,2086791751
3755.994912,3755.433000,-0.561912,01:02:35.433,2087176795
3757.010817,3756.433000,-0.577817,01:02:36.433,2087568890
3758.017336,3757.466000,-0.551336,01:02:37.466,2088013080
3759.033489,3758.466000,-0.567489,01:02:38.466,2088401174
3760.050312,3759.499000,-0.551312,01:02:39.499,2088801233
3761.052339,3760.499000,-0.553339,01:02:40.499,2089187053
3762.057754,3761.499000,-0.558754,01:02:41.499,2089573436
3763.060163,3762.499000,-0.561163,01:02:42.499,2089954804
3764.062328,3763.499000,-0.563328,01:02:43.499,2090344720
3765.068548,3764.499000,-0.569548,01:02:44.499,2090746558
3766.072228,3765.499000,-0.573228,01:02:45.499,2091184809
3767.077816,3766.499000,-0.578816,01:02:46.499,2091590091
3768.083414,3767.533000,-0.550414,01:02:47.533,2092011760
3769.090009,3768.533000,-0.557009,01:02:48.533,2092422924
3770.093069,3769.533000,-0.560069,01:02:49.533,2092825700
3771.095903,3770.533000,-0.562903,01:02:50.533,2093222103
3772.101346,3771.533000,-0.568346,01:02:51.533,2093622149
3773.106065,3772.533000,-0.573065,01:02:52.533,2094019666
3774.113937,3773.533000,-0.580937,01:02:53.533,2094431747
3775.121697,3774.566000,-0.555697,01:02:54.566,2094844884
3776.123617,3775.566000,-0.557617,01:02:55.566,2095238071
3777.129266,3776.566000,-0.563266,01:02:56.566,2095622179
3778.134745,3777.566000,-0.568745,01:02:57.566,2095994615
3779.141193,3778.566000,-0.575193,01:02:58.566,2096361400
3780.148330,3779.599000,-0.549330,01:02:59.599,2096749016
3781.157031,3780.599000,-0.558031,01:03:00.599,2097117440
3782.164632,3781.599000,-0.565632,01:03:01.599,2097496106
3783.168379,3782.599000,-0.569379,01:03:02.599,2097905019
3784.180009,3783.599000,-0.581009,01:03:03.599,2098282077
3785.182286,3784.633000,-0.549286,01:03:04.633,2098668678
3786.185680,3785.633000,-0.552680,01:03:05.633,2099047942
3787.188556,3786.633000,-0.555556,01:03:06.633,2099420337
3788.203218,3787.633000,-0.570218,01:03:07.633,2099785700
3789.204844,3788.633000,-0.571844,01:03:08.633,2100151340
3790.210152,3789.666000,-0.544152,01:03:09.666,2100532143
3791.225612,3790.666000,-0.559612,01:03:10.666,2100930033
3792.230587,3791.666000,-0.564587,01:03:11.666,2101294860
3793.232336,3792.666000,-0.566336,01:03:12.666,2101659388
3794.248219,3793.699000,-0.549219,01:03:13.699,2102043294
3795.250173,3794.699000,-0.551173,01:03:14.699,2102421664
3796.253125,3795.699000,-0.554125,01:03:15.699,2102798501
3797.264733,3796.699000,-0.565733,01:03:16.699,2103183106
3798.281161,3797.699000,-0.582161,01:03:17.699,2103563165
3799.296756,3798.733000,-0.563756,01:03:18.733,2103989953
3800.302291,3799.733000,-0.569291,01:03:19.733,2104374976
3801.313291,3800.733000,-0.580291,01:03:20.733,2104759288
3802.327736,3801.766000,-0.561736,01:03:21.766,2105146563
3803.342107,3802.766000,-0.576107,01:03:22.766,2105534134
3804.354088,3803.799000,-0.555088,01:03:23.799,2105932596
3805.365961,3804.799000,-0.566961,01:03:24.799,2106317490
3806.368142,3805.799000,-0.569142,01:03:25.799,2106701348
3807.381031,3806.799000,-0.582031,01:03:26.799,2107090901
3808.383495,3807.833000,-0.550495,01:03:27.833,2107537762
3809.395714,3808.833000,-0.562714,01:03:28.833,2107929425
3810.409071,3809.833000,-0.576071,01:03:29.833,2108304227
3811.415650,3810.866000,-0.549650,01:03:30.866,2108702604
3812.431357,3811.866000,-0.565357,01:03:31.866,2109088937
3813.442968,3812.899000,-0.543968,01:03:32.899,2109485636
3814.456916,3813.899000,-0.557916,01:03:33.899,2109873016
3815.465900,3814.899000,-0.566900,01:03:34.899,2110258811
3816.467853,3815.899000,-0.568853,01:03:35.899,2110676409
3817.471171,3816.899000,-0.572171,01:03:36.899,2111054503
3818.484740,3817.933000,-0.551740,01:03:37.933,2111447536
3819.498164,3818.933000,-0.565164,01:03:38.933,2111837836
3820.500692,3819.933000,-0.567692,01:03:39.933,2112224886
3821.515766,3820.966000,-0.549766,01:03:40.966,2112631122
3822.519557,3821.966000,-0.553557,01:03:41.966,2113022688
3823.536070,3822.966000,-0.570070,01:03:42.966,2113411617
3824.537543,3823.966000,-0.571543,01:03:43.966,2113832565
3825.553440,3824.999000,-0.554440,01:03:44.999,2114234193
3826.560304,3825.999000,-0.561304,01:03:45.999,2114624713
3827.563398,3826.999000,-0.564398,01:03:46.999,2115005732
3828.565452,3827.999000,-0.566452,01:03:47.999,2115389545
3829.570174,3828.999000,-0.571174,01:03:48.999,2115765736
3830.571494,3829.999000,-0.572494,01:03:49.999,2116146213
3831.575059,3830.999000,-0.576059,01:03:50.999,2116545030
3832.578476,3831.999000,-0.579476,01:03:51.999,2116972553
3833.582037,3833.033000,-0.549037,01:03:53.033,2117393333
3834.584640,3834.033000,-0.551640,01:03:54.033,2117798175
3835.585923,3835.033000,-0.552923,01:03:55.033,2118206475
3836.588513,3836.033000,-0.555513,01:03:56.033,2118615771
3837.590058,3837.033000,-0.557058,01:03:57.033,2119016877
3838.595752,3838.033000,-0.562752,01:03:58.033,2119416712
3839.602043,3839.033000,-0.569043,01:03:59.033,2119800916
3840.618480,3840.066000,-0.552480,01:04:00.066,2120197470
3841.629426,3841.066000,-0.563426,01:04:01.066,2120607766
3842.630671,3842.066000,-0.564671,01:04:02.066,2120990945
3843.637634,3843.066000,-0.571634,01:04:03.066,2121376010
3844.642922,3844.066000,-0.576922,01:04:04.066,2121761417
3845.647497,3845.066000,-0.581497,01:04:05.066,2122151911
3846.652267,3846.099000,-0.553267,01:04:06.099,2122563541
3847.665010,3847.099000,-0.566010,01:04:07.099,2122954147
3848.668573,3848.099000,-0.569573,01:04:08.099,2123347681
3849.675630,3849.099000,-0.576630,01:04:09.099,2123776606
3850.684839,3850.133000,-0.551839,01:04:10.133,2124193798
3851.689372,3851.133000,-0.556372,01:04:11.133,2124594882
3852.694501,3852.133000,-0.561501,01:04:12.133,2124997247
3853.700125,3853.133000,-0.567125,01:04:13.133,2125393954
3854.707216,3854.133000,-0.574216,01:04:14.133,2125781400
3855.709209,3855.133000,-0.576209,01:04:15.133,2126168170
3856.714481,3856.133000,-0.581481,01:04:16.133,2126556862
3857.720211,3857.166000,-0.554211,01:04:17.166,2127007574
3858.725908,3858.166000,-0.559908,01:04:18.166,2127408264
3859.737126,3859.166000,-0.571126,01:04:19.166,2127803789
3860.740134,3860.166000,-0.574134,01:04:20.166,2128190994
3861.741346,3861.166000,-0.575346,01:04:21.166,2128593944
3862.745835,3862.199000,-0.546835,01:04:22.199,2129001275
3863.748215,3863.199000,-0.549215,01:04:23.199,2129386809
3864.751450,3864.199000,-0.552450,01:04:24.199,2129778644
3865.767224,3865.199000,-0.568224,01:04:25.199,2130212169
3866.770948,3866.199000,-0.571948,01:04:26.199,2130626292
3867.774745,3867.199000,-0.575745,01:04:27.199,2131020509
3868.777865,3868.199000,-0.578865,01:04:28.199,2131432833
3869.793295,3869.233000,-0.560295,01:04:29.233,2131863284
3870.808112,3870.233000,-0.575112,01:04:30.233,2132283164
3871.814906,3871.266000,-0.548906,01:04:31.266,2132712550
3872.816671,3872.266000,-0.550671,01:04:32.266,2133136354
3873.820693,3873.266000,-0.554693,01:04:33.266,2133560622
3874.834554,3874.266000,-0.568554,01:04:34.266,2134010914
3875.850454,3875.299000,-0.551454,01:04:35.299,2134451480
3876.856032,3876.299000,-0.557032,01:04:36.299,2134872064
3877.868200,3877.299000,-0.569200,01:04:37.299,2135284469
3878.882550,3878.333000,-0.549550,01:04:38.333,2135691231
3879.896643,3879.333000,-0.563643,01:04:39.333,2136081907
3880.910291,3880.333000,-0.577291,01:04:40.333,2136467746
3881.922297,3881.366000,-0.556297,01:04:41.366,2136860385
3882.924740,3882.366000,-0.558740,01:04:42.366,2137273321
3883.938047,3883.366000,-0.572047,01:04:43.366,2137651875
3884.949027,3884.399000,-0.550027,01:04:44.399,2138048107
3885.950969,3885.399000,-0.551969,01:04:45.399,2138438622
3886.954935,3886.399000,-0.555935,01:04:46.399,2138828483
3887.969136,3887.399000,-0.570136,01:04:47.399,2139213673
3888.982583,3888.433000,-0.549583,01:04:48.433,2139618061
3889.998236,3889.433000,-0.565236,01:04:49.433,2140009868
3891.001948,3890.433000,-0.568948,01:04:50.433,2140424319
3892.005592,3891.433000,-0.572592,01:04:51.433,2140815479
3893.013185,3892.433000,-0.580185,01:04:52.433,2141196236
3894.017533,3893.466000,-0.551533,01:04:53.466,2141597749
3895.023651,3894.466000,-0.557651,01:04:54.466,2141987586
3896.025622,3895.466000,-0.559622,01:04:55.466,2142371564
3897.040344,3896.466000,-0.574344,01:04:56.466,2142750101
3898.042935,3897.466000,-0.576935,01:04:57.466,2143133342
3899.052314,3898.499000,-0.553314,01:04:58.499,2143549897
3900.068292,3899.499000,-0.569292,01:04:59.499,2143958475
3901.070443,3900.499000,-0.571443,01:05:00.499,2144357914
3902.079443,3901.499000,-0.580443,01:05:01.499,2144749742
3903.082240,3902.533000,-0.549240,01:05:02.533,2145146377
3904.087940,3903.533000,-0.554940,01:05:03.533,2145529090
3905.101139,3904.533000,-0.568139,01:05:04.533,2145923650
3906.110942,3905.533000,-0.577942,01:05:05.533,2146310235
3907.125881,3906.566000,-0.559881,01:05:06.566,2146712056
3908.132461,3907.566000,-0.566461,01:05:07.566,2147132486
3909.139498,3908.566000,-0.573498,01:05:08.566,2147506734
3910.150210,3909.599000,-0.551210,01:05:09.599,2147884513
3911.160645,3910.599000,-0.561645,01:05:10.599,2148251324
3912.164883,3911.599000,-0.565883,01:05:11.599,2148621910
3913.175073,3912.599000,-0.576073,01:05:12.599,2149001091
3914.189311,3913.633000,-0.556311,01:05:13.633,2149391314
3915.202155,3914.633000,-0.569155,01:05:14.633,2149765873
3916.217678,3915.666000,-0.551678,01:05:15.666,2150198092
3917.226288,3916.666000,-0.560288,01:05:16.666,2150587226
3918.237476,3917.666000,-0.571476,01:05:17.666,2150984106
3919.247170,3918.666000,-0.581170,01:05:18.666,2151377124
3920.260184,3919.699000,-0.561184,01:05:19.699,2151777798
3921.270234,3920.699000,-0.571234,01:05:20.699,2152165377
3922.277341,3921.699000,-0.578341,01:05:21.699,2152568243
3923.284592,3922.733000,-0.551592,01:05:22.733,2152971973
3924.292077,3923.733000,-0.559077,01:05:23.733,2153392113
3925.296903,3924.733000,-0.563903,01:05:24.733,2153788829
3926.304949,3925.733000,-0.571949,01:05:25.733,2154188059
3927.314587,3926.733000,-0.581587,01:05:26.733,2154597504
3928.327277,3927.766000,-0.561277,01:05:27.766,2155041372
3929.334699,3928.766000,-0.568699,01:05:28.766,2155483617
3930.346136,3929.766000,-0.580136,01:05:29.766,2155925876
3931.352242,3930.799000,-0.553242,01:05:30.799,2156372246
3932.363014,3931.799000,-0.564014,01:05:31.799,2156792701
3933.366238,3932.799000,-0.567238,01:05:32.799,2157234754
3934.371143,3933.799000,-0.572143,01:05:33.799,2157628023
3935.379326,3934.799000,-0.580326,01:05:34.799,2158034380
3936.385999,3935.833000,-0.552999,01:05:35.833,2158461556
3937.395731,3936.833000,-0.562731,01:05:36.833,2158859905
3938.401719,3937.833000,-0.568719,01:05:37.833,2159262684
3939.408377,3938.833000,-0.575377,01:05:38.833,2159660745
3940.411239,3939.833000,-0.578239,01:05:39.833,2160047935
3941.415700,3940.866000,-0.549700,01:05:40.866,2160505996
3942.419020,3941.866000,-0.553020,01:05:41.866,2160916286
3943.422509,3942.866000,-0.556509,01:05:42.866,2161336689
3944.426971,3943.866000,-0.560971,01:05:43.866,2161755675
3945.430251,3944.866000,-0.564251,01:05:44.866,2162159330
3946.445900,3945.866000,-0.579900,01:05:45.866,2162564654
3947.447019,3946.866000,-0.581019,01:05:46.866,2162975370
3948.449767,3947.899000,-0.550767,01:05:47.899,2163407371
3949.451576,3948.899000,-0.552576,01:05:48.899,2163855259
3950.455611,3949.899000,-0.556611,01:05:49.899,2164261779
3951.460964,3950.899000,-0.561964,01:05:50.899,2164687317
3952.462410,3951.899000,-0.563410,01:05:51.899,2165108299
3953.463744,3952.899000,-0.564744,01:05:52.899,2165518316
3954.465689,3953.899000,-0.566689,01:05:53.899,2165936538
3955.470129,3954.899000,-0.571129,01:05:54.899,2166341170
3956.471272,3955.899000,-0.572272,01:05:55.899,2166762084
3957.485717,3956.933000,-0.552717,01:05:56.933,2167221859
3958.490303,3957.933000,-0.557303,01:05:57.933,2167634541
3959.495719,3958.933000,-0.562719,01:05:58.933,2168029149
3960.503704,3959.933000,-0.570704,01:05:59.933,2168421206
3961.507140,3960.933000,-0.574140,01:06:00.933,2168820126
3962.510576,3961.933000,-0.577576,01:06:01.933,2169220289
3963.525043,3962.966000,-0.559043,01:06:02.966,2169643649
3964.533229,3963.966000,-0.567229,01:06:03.966,2170047700
3965.539599,3964.966000,-0.573599,01:06:04.966,2170452194
3966.540948,3965.966000,-0.574948,01:06:05.966,2170896139
3967.543549,3966.966000,-0.577549,01:06:06.966,2171304370
3968.545655,3967.966000,-0.579655,01:06:07.966,2171710573
3969.548362,3968.999000,-0.549362,01:06:08.999,2172136911
3970.554425,3969.999000,-0.555425,01:06:09.999,2172542177
3971.565607,3970.999000,-0.566607,01:06:10.999,2172960294
3972.571794,3971.999000,-0.572794,01:06:11.999,2173369771
3973.580550,3972.999000,-0.581550,01:06:12.999,2173773139
3974.582170,3974.033000,-0.549170,01:06:14.033,2174209832
3975.587100,3975.033000,-0.554100,01:06:15.033,2174609425
3976.603200,3976.033000,-0.570200,01:06:16.033,2175001246
3977.607273,3977.033000,-0.574273,01:06:17.033,2175387963
3978.613193,3978.033000,-0.580193,01:06:18.033,2175801760
3979.616324,3979.066000,-0.550324,01:06:19.066,2176219719
3980.621999,3980.066000,-0.555999,01:06:20.066,2176614881
3981.630084,3981.066000,-0.564084,01:06:21.066,2177007322
3982.642008,3982.066000,-0.576008,01:06:22.066,2177444267
3983.650532,3983.099000,-0.551532,01:06:23.099,2177875699
3984.665452,3984.099000,-0.566452,01:06:24.099,2178289718
3985.672100,3985.099000,-0.573100,01:06:25.099,2178679070
3986.684411,3986.133000,-0.551411,01:06:26.133,2179090826
3987.696307,3987.133000,-0.563307,01:06:27.133,2179481359
3988.703490,3988.133000,-0.570490,01:06:28.133,2179874742
3989.714726,3989.133000,-0.581726,01:06:29.133,2180278869
3990.720611,3990.166000,-0.554611,01:06:30.166,2180736614
3991.723677,3991.166000,-0.557677,01:06:31.166,2181160520
3992.726390,3992.166000,-0.560390,01:06:32.166,2181572459
3993.734779,3993.166000,-0.568779,01:06:33.166,2181966837
3994.743444,3994.166000,-0.577444,01:06:34.166,2182385926
3995.752279,3995.199000,-0.553279,01:06:35.199,2182813275
3996.767191,3996.199000,-0.568191,01:06:36.199,2183233110
3997.769886,3997.199000,-0.570886,01:06:37.199,2183647721
3998.777164,3998.199000,-0.578164,01:06:38.199,2184038728
3999.789166,3999.233000,-0.556166,01:06:39.233,2184485132
4000.799967,4000.233000,-0.566967,01:06:40.233,2184894227
4001.806084,4001.233000,-0.573084,01:06:41.233,2185294483
4002.813204,4002.233000,-0.580204,01:06:42.233,2185676781
4003.815004,4003.233000,-0.582004,01:06:43.233,2186063569
4004.817570,4004.266000,-0.551570,01:06:44.266,2186475293
4005.824473,4005.266000,-0.558473,01:06:45.266,2186872282
4006.826998,4006.266000,-0.560998,01:06:46.266,2187279609
4007.831697,4007.266000,-0.565697,01:06:47.266,2187707341
4008.836197,4008.266000,-0.570197,01:06:48.266,2188124232
4009.852124,4009.299000,-0.553124,01:06:49.299,2188552722
4010.867201,4010.299000,-0.568201,01:06:50.299,2188963943
4011.868993,4011.299000,-0.569993,01:06:51.299,2189374330
4012.871503,4012.299000,-0.572503,01:06:52.299,2189779817
4013.880718,4013.299000,-0.581718,01:06:53.299,2190188229
4014.883682,4014.333000,-0.550682,01:06:54.333,2190594925
4015.884796,4015.333000,-0.551796,01:06:55.333,2191018338
4016.899619,4016.333000,-0.566619,01:06:56.333,2191417803
4017.916014,4017.366000,-0.550014,01:06:57.366,2191834694
4018.918086,4018.366000,-0.552086,01:06:58.366,2192234575
4019.919831,4019.366000,-0.553831,01:06:59.366,2192641865
4020.921970,4020.366000,-0.555970,01:07:00.366,2193056410
4021.935767,4021.366000,-0.569767,01:07:01.366,2193478570
4022.950789,4022.399000,-0.551789,01:07:02.399,2193923564
4023.954485,4023.399000,-0.555485,01:07:03.399,2194345739
4024.959494,4024.399000,-0.560494,01:07:04.399,2194801761
4025.974584,4025.399000,-0.575584,01:07:05.399,2195213112
4026.979243,4026.399000,-0.580243,01:07:06.399,2195617229
4027.983396,4027.433000,-0.550396,01:07:07.433,2196030820
4028.986856,4028.433000,-0.553856,01:07:08.433,2196433706
4030.002433,4029.433000,-0.569433,01:07:09.433,2196832111
4031.018559,4030.466000,-0.552559,01:07:10.466,2197252137
4032.034669,4031.466000,-0.568669,01:07:11.466,2197678572
4033.050256,4032.499000,-0.551256,01:07:12.499,2198159157
4034.051214,4033.499000,-0.552214,01:07:13.499,2198573331
4035.066375,4034.499000,-0.567375,01:07:14.499,2198974484
4036.068756,4035.499000,-0.569756,01:07:15.499,2199376087
4037.071622,4036.499000,-0.572622,01:07:16.499,2199784033
4038.073605,4037.499000,-0.574605,01:07:17.499,2200189755
4039.076370,4038.499000,-0.577370,01:07:18.499,2200592261
4040.082952,4039.533000,-0.549952,01:07:19.533,2201006655
4041.084561,4040.533000,-0.551561,01:07:20.533,2201430906
4042.085837,4041.533000,-0.552837,01:07:21.533,2201827426
4043.099524,4042.533000,-0.566524,01:07:22.533,2202210712
4044.102641,4043.533000,-0.569641,01:07:23.533,2202584428
4045.114097,4044.533000,-0.581097,01:07:24.533,2202969734
4046.115549,4045.533000,-0.582549,01:07:25.533,2203357478
4047.122530,4046.566000,-0.556530,01:07:26.566,2203764375
4048.126344,4047.566000,-0.560344,01:07:27.566,2204152755
4049.128723,4048.566000,-0.562723,01:07:28.566,2204578370
4050.131710,4049.566000,-0.565710,01:07:29.566,2204991911
4051.132843,4050.566000,-0.566843,01:07:30.566,2205391528
4052.140600,4051.566000,-0.574600,01:07:31.566,2205784942
4053.154805,4052.599000,-0.555805,01:07:32.599,2206187000
4054.159186,4053.599000,-0.560186,01:07:33.599,2206571138
4055.160397,4054.599000,-0.561397,01:07:34.599,2206965433
4056.161761,4055.599000,-0.562761,01:07:35.599,2207359827
4057.163411,4056.599000,-0.564411,01:07:36.599,2207740319
4058.169826,4057.599000,-0.570826,01:07:37.599,2208144884
4059.185910,4058.633000,-0.552910,01:07:38.633,2208540345
4060.199533,4059.633000,-0.566533,01:07:39.633,2208942123
4061.205394,4060.633000,-0.572394,01:07:40.633,2209340586
4062.208707,4061.633000,-0.575707,01:07:41.633,2209753591
4063.213971,4062.666000,-0.547971,01:07:42.666,2210161829
4064.229446,4063.666000,-0.563446,01:07:43.666,2210560495
4065.232863,4064.666000,-0.566863,01:07:44.666,2210949679
4066.234295,4065.666000,-0.568295,01:07:45.666,2211379296
4067.250795,4066.699000,-0.551795,01:07:46.699,2211793229
4068.262525,4067.699000,-0.563525,01:07:47.699,2212199016
4069.276835,4068.699000,-0.577835,01:07:48.699,2212619386
4070.277814,4069.699000,-0.578814,01:07:49.699,2213036073
4071.289319,4070.733000,-0.556319,01:07:50.733,2213469175
4072.301997,4071.733000,-0.568997,01:07:51.733,2213881540
4073.313922,4072.733000,-0.580922,01:07:52.733,2214265913
4074.329549,4073.766000,-0.563549,01:07:53.766,2214690861
4075.340679,4074.766000,-0.574679,01:07:54.766,2214753559
4076.341558,4075.766000,-0.575558,01:07:55.766,2215020748
4077.347313,4076.766000,-0.581313,01:07:56.766,2215441460
