session_time_s,obs_duration_s,difference_s,output_timecode,output_bytes
0.002765,0.000000,-0.002765,00:00:00.000,2215736593
1.013328,0.466000,-0.547328,00:00:00.466,2215875739
2.017647,1.466000,-0.551647,00:00:01.466,2215979000
3.022560,2.466000,-0.556560,00:00:02.466,2216065871
4.025490,3.466000,-0.559490,00:00:03.466,2216347069
5.036536,4.466000,-0.570536,00:00:04.466,2216448924
6.045471,5.499000,-0.546471,00:00:05.499,2216537092
7.052156,6.499000,-0.553156,00:00:06.499,2216617783
8.061984,7.499000,-0.562984,00:00:07.499,2216773065
9.070588,8.499000,-0.571588,00:00:08.499,2217254852
10.079718,9.533000,-0.546718,00:00:09.533,2217866650
11.088739,10.533000,-0.555739,00:00:10.533,2218474379
12.094637,11.533000,-0.561637,00:00:11.533,2219146533
13.098908,12.533000,-0.565908,00:00:12.533,2219769717
14.102076,13.533000,-0.569076,00:00:13.533,2220410290
15.113431,14.566000,-0.547431,00:00:14.566,2221067013
16.118697,15.566000,-0.552697,00:00:15.566,2221715627
17.123547,16.566000,-0.557547,00:00:16.566,2222360909
18.127796,17.566000,-0.561796,00:00:17.566,2223018082
19.132988,18.566000,-0.566988,00:00:18.566,2223672773
20.137780,19.566000,-0.571780,00:00:19.566,2224322507
21.144779,20.599000,-0.545779,00:00:20.599,2225046841
22.151060,21.599000,-0.552060,00:00:21.599,2225694525
23.157870,22.599000,-0.558870,00:00:22.599,2226335853
24.165588,23.599000,-0.566588,00:00:23.599,2226980561
25.173024,24.633000,-0.540024,00:00:24.633,2227659316
26.178818,25.633000,-0.545818,00:00:25.633,2228317383
27.183202,26.633000,-0.550202,00:00:26.633,2228969707
28.188761,27.633000,-0.555761,00:00:27.633,2229604049
29.192387,28.633000,-0.559387,00:00:28.633,2230299078
30.196483,29.633000,-0.563483,00:00:29.633,2230941630
31.200592,30.633000,-0.567592,00:00:30.633,2231596713
32.203043,31.633000,-0.570043,00:00:31.633,2232243590
33.207690,32.633000,-0.574690,00:00:32.633,2232865278
34.210793,33.666000,-0.544793,00:00:33.666,2233520133
35.214968,34.666000,-0.548968,00:00:34.666,2234167308
36.218515,35.666000,-0.552515,00:00:35.666,2234817396
37.222200,36.666000,-0.556200,00:00:36.666,2235497800
38.229681,37.666000,-0.563681,00:00:37.666,2236141841
39.237583,38.666000,-0.571583,00:00:38.666,2236790983
40.238546,39.666000,-0.572546,00:00:39.666,2237434924
41.244382,40.699000,-0.545382,00:00:40.699,2238114929
42.251972,41.699000,-0.552972,00:00:41.699,2238775031
43.255015,42.699000,-0.556015,00:00:42.699,2239437423
44.258618,43.699000,-0.559618,00:00:43.699,2240102988
45.262686,44.699000,-0.563686,00:00:44.699,2240761375
46.269422,45.699000,-0.570422,00:00:45.699,2241465143
47.270949,46.699000,-0.571949,00:00:46.699,2242116998
48.274785,47.699000,-0.575785,00:00:47.699,2242762604
49.278913,48.733000,-0.545913,00:00:48.733,2243426271
50.282820,49.733000,-0.549820,00:00:49.733,2244060445
51.286745,50.733000,-0.553745,00:00:50.733,2244698083
52.292719,51.733000,-0.559719,00:00:51.733,2245346677
53.300350,52.733000,-0.567350,00:00:52.733,2245993844
54.316916,53.766000,-0.550916,00:00:53.766,2246708124
55.322438,54.766000,-0.556438,00:00:54.766,2247356739
56.325951,55.766000,-0.559951,00:00:55.766,2247975916
57.331517,56.766000,-0.565517,00:00:56.766,2248631481
58.332895,57.766000,-0.566895,00:00:57.766,2249285254
59.335934,58.766000,-0.569934,00:00:58.766,2249942754
60.340584,59.766000,-0.574584,00:00:59.766,2250604412
61.344438,60.799000,-0.545438,00:01:00.799,2251275151
62.345484,61.799000,-0.546484,00:01:01.799,2251962479
63.361524,62.799000,-0.562524,00:01:02.799,2252587390
64.367032,63.799000,-0.568032,00:01:03.799,2253228075
65.378618,64.833000,-0.545618,00:01:04.833,2253887553
66.381521,65.833000,-0.548521,00:01:05.833,2254529169
67.397686,66.833000,-0.564686,00:01:06.833,2255179460
68.403007,67.833000,-0.570007,00:01:07.833,2255825792
69.406767,68.833000,-0.573767,00:01:08.833,2256465465
70.411468,69.866000,-0.545468,00:01:09.866,2257165870
71.413187,70.866000,-0.547187,00:01:10.866,2257817602
72.421592,71.866000,-0.555592,00:01:11.866,2258464664
73.430575,72.866000,-0.564575,00:01:12.866,2259106147
74.433037,73.866000,-0.567037,00:01:13.866,2259740022
75.441107,74.866000,-0.575107,00:01:14.866,2260367309
76.445527,75.899000,-0.546527,00:01:15.899,2261025598
77.452144,76.899000,-0.553144,00:01:16.899,2261661069
78.458379,77.899000,-0.559379,00:01:17.899,2262293030
79.463549,78.899000,-0.564549,00:01:18.899,2262971719
80.465753,79.899000,-0.566753,00:01:19.899,2263595318
81.472325,80.899000,-0.573325,00:01:20.899,2264237471
82.477013,81.933000,-0.544013,00:01:21.933,2264890582
83.484923,82.933000,-0.551923,00:01:22.933,2265525909
84.494822,83.933000,-0.561822,00:01:23.933,2266168781
85.498439,84.933000,-0.565439,00:01:24.933,2266815367
86.503185,85.933000,-0.570185,00:01:25.933,2267458450
87.507910,86.933000,-0.574910,00:01:26.933,2268149081
88.511641,87.966000,-0.545641,00:01:27.966,2268806183
89.522019,88.966000,-0.556019,00:01:28.966,2269445806
90.529121,89.966000,-0.563121,00:01:29.966,2270094724
91.531075,90.966000,-0.565075,00:01:30.966,2270739868
92.537651,91.966000,-0.571651,00:01:31.966,2271371705
93.544542,92.999000,-0.545542,00:01:32.999,2272032642
94.548870,93.999000,-0.549870,00:01:33.999,2272674840
95.554774,94.999000,-0.555774,00:01:34.999,2273364806
96.556790,95.999000,-0.557790,00:01:35.999,2274014633
97.562357,96.999000,-0.563357,00:01:36.999,2274657805
98.571861,97.999000,-0.572861,00:01:37.999,2275302289
99.575022,98.999000,-0.576022,00:01:38.999,2275932539
100.589563,100.033000,-0.556563,00:01:40.033,2276592223
101.591241,101.033000,-0.558241,00:01:41.033,2277228601
102.605189,102.033000,-0.572189,00:01:42.033,2277879330
103.606590,103.033000,-0.573590,00:01:43.033,2278536104
104.608789,104.033000,-0.575789,00:01:44.033,2279235221
105.614450,105.066000,-0.548450,00:01:45.066,2279916841
106.624819,106.066000,-0.558819,00:01:46.066,2280568086
107.626140,107.066000,-0.560140,00:01:47.066,2281215535
108.631081,108.066000,-0.565081,00:01:48.066,2281851928
109.633487,109.066000,-0.567487,00:01:49.066,2282492635
110.635847,110.066000,-0.569847,00:01:50.066,2283141591
111.648514,111.099000,-0.549514,00:01:51.099,2283814973
112.656774,112.099000,-0.557774,00:01:52.099,2284525441
113.672441,113.099000,-0.573441,00:01:53.099,2285158848
114.676063,114.133000,-0.543063,00:01:54.133,2285816005
115.689413,115.133000,-0.556413,00:01:55.133,2286473740
116.704556,116.133000,-0.571556,00:01:56.133,2287128491
117.717927,117.166000,-0.551927,00:01:57.166,2287799126
118.734773,118.166000,-0.568773,00:01:58.166,2288448908
119.747196,119.199000,-0.548196,00:01:59.199,2289120436
120.760743,120.199000,-0.561743,00:02:00.199,2289824135
121.775569,121.199000,-0.576569,00:02:01.199,2290478798
122.778447,122.233000,-0.545447,00:02:02.233,2291151759
123.784891,123.233000,-0.551891,00:02:03.233,2291799399
124.788733,124.233000,-0.555733,00:02:04.233,2292434387
125.790588,125.233000,-0.557588,00:02:05.233,2293072320
126.796693,126.233000,-0.563693,00:02:06.233,2293714326
127.811218,127.266000,-0.545218,00:02:07.266,2294382258
128.825062,128.266000,-0.559062,00:02:08.266,2295076028
129.841361,129.266000,-0.575361,00:02:09.266,2295720339
130.857406,130.299000,-0.558406,00:02:10.299,2296388649
131.872380,131.299000,-0.573380,00:02:11.299,2297048231
132.874873,132.299000,-0.575873,00:02:12.299,2297700357
133.876891,133.333000,-0.543891,00:02:13.333,2298368253
134.880190,134.333000,-0.547190,00:02:14.333,2299028476
135.881787,135.333000,-0.548787,00:02:15.333,2299691604
136.885063,136.333000,-0.552063,00:02:16.333,2300347231
137.887789,137.333000,-0.554789,00:02:17.333,2301048494
138.903349,138.333000,-0.570349,00:02:18.333,2301694186
139.918676,139.366000,-0.552676,00:02:19.366,2302362420
140.932881,140.366000,-0.566881,00:02:20.366,2302998001
141.945404,141.399000,-0.546404,00:02:21.399,2303658463
142.951360,142.399000,-0.552360,00:02:22.399,2304297264
143.958197,143.399000,-0.559197,00:02:23.399,2304949104
144.972403,144.399000,-0.573403,00:02:24.399,2305607180
145.989041,145.433000,-0.556041,00:02:25.433,2306337671
146.991405,146.433000,-0.558405,00:02:26.433,2306980260
147.993428,147.433000,-0.560428,00:02:27.433,2307617292
148.994610,148.433000,-0.561610,00:02:28.433,2308237965
150.004890,149.433000,-0.571890,00:02:29.433,2308892656
151.019956,150.466000,-0.553956,00:02:30.466,2309569222
152.034880,151.466000,-0.568880,00:02:31.466,2310228181
153.049956,152.499000,-0.550956,00:02:32.499,2310904978
154.064999,153.499000,-0.565999,00:02:33.499,2311601255
155.068038,154.499000,-0.569038,00:02:34.499,2312243920
156.082414,155.533000,-0.549414,00:02:35.533,2312900396
157.096888,156.533000,-0.563888,00:02:36.533,2313529449
158.110166,157.566000,-0.544166,00:02:37.566,2314190073
159.124552,158.566000,-0.558552,00:02:38.566,2314837463
160.136613,159.566000,-0.570613,00:02:39.566,2315483142
161.150277,160.599000,-0.551277,00:02:40.599,2316151916
162.164850,161.599000,-0.565850,00:02:41.599,2316840009
163.177899,162.633000,-0.544899,00:02:42.633,2317523454
164.192103,163.633000,-0.559103,00:02:43.633,2318180767
165.207871,164.633000,-0.574871,00:02:44.633,2318824051
166.220798,165.666000,-0.554798,00:02:45.666,2319492437
167.225715,166.666000,-0.559715,00:02:46.666,2320136755
168.238764,167.666000,-0.572764,00:02:47.666,2320764487
169.252094,168.699000,-0.553094,00:02:48.699,2321430357
170.255822,169.699000,-0.556822,00:02:49.699,2322057324
171.267480,170.699000,-0.568480,00:02:50.699,2322740395
172.281117,171.733000,-0.548117,00:02:51.733,2323406242
173.295837,172.733000,-0.562837,00:02:52.733,2324044780
174.309530,173.766000,-0.543530,00:02:53.766,2324710785
175.323369,174.766000,-0.557369,00:02:54.766,2325362786
176.336921,175.766000,-0.570921,00:02:55.766,2326017513
177.351711,176.799000,-0.552711,00:02:56.799,2326690262
178.365144,177.799000,-0.566144,00:02:57.799,2327348204
179.366647,178.799000,-0.567647,00:02:58.799,2328057794
180.381988,179.833000,-0.548988,00:02:59.833,2328740568
181.385726,180.833000,-0.552726,00:03:00.833,2329413618
182.400474,181.833000,-0.567474,00:03:01.833,2330080154
183.403635,182.833000,-0.570635,00:03:02.833,2330738864
184.416887,183.866000,-0.550887,00:03:03.866,2331423527
185.428497,184.866000,-0.562497,00:03:04.866,2332081931
186.432139,185.866000,-0.566139,00:03:05.866,2332731058
187.448383,186.899000,-0.549383,00:03:06.899,2333445055
188.460042,187.899000,-0.561042,00:03:07.899,2334084059
189.475394,188.933000,-0.542394,00:03:08.933,2334749728
190.490356,189.933000,-0.557356,00:03:09.933,2335390113
191.493324,190.933000,-0.560324,00:03:10.933,2336023787
192.507719,191.933000,-0.574719,00:03:11.933,2336661988
193.514814,192.966000,-0.548814,00:03:12.966,2337328242
194.528699,193.966000,-0.562699,00:03:13.966,2337973137
195.533098,194.966000,-0.567098,00:03:14.966,2338656410
196.539430,195.966000,-0.573430,00:03:15.966,2339300529
197.555570,196.999000,-0.556570,00:03:16.999,2339959994
198.562310,197.999000,-0.563310,00:03:17.999,2340605580
199.567832,198.999000,-0.568832,00:03:18.999,2341250259
200.573734,199.999000,-0.574734,00:03:19.999,2341902098
201.575505,201.033000,-0.542505,00:03:21.033,2342568120
202.592230,202.033000,-0.559230,00:03:22.033,2343209565
203.608057,203.033000,-0.575057,00:03:23.033,2343847151
204.611175,204.066000,-0.545175,00:03:24.066,2344555781
205.626856,205.066000,-0.560856,00:03:25.066,2345187572
206.629345,206.066000,-0.563345,00:03:26.066,2345814123
207.645637,207.099000,-0.546637,00:03:27.099,2346464875
208.647705,208.099000,-0.548705,00:03:28.099,2347099755
209.650528,209.099000,-0.551528,00:03:29.099,2347739049
210.664693,210.099000,-0.565693,00:03:30.099,2348376728
211.680444,211.133000,-0.547444,00:03:31.133,2349039527
212.695906,212.133000,-0.562906,00:03:32.133,2349738878
213.711388,213.166000,-0.545388,00:03:33.166,2350407975
214.712863,214.166000,-0.546863,00:03:34.166,2351046960
215.729425,215.166000,-0.563425,00:03:35.166,2351685429
216.743001,216.199000,-0.544001,00:03:36.199,2352353328
217.744827,217.199000,-0.545827,00:03:37.199,2353014235
218.746398,218.199000,-0.547398,00:03:38.199,2353666948
219.757608,219.199000,-0.558608,00:03:39.199,2354324077
220.759319,220.199000,-0.560319,00:03:40.199,2355014992
221.760533,221.199000,-0.561533,00:03:41.199,2355651261
222.775681,222.199000,-0.576681,00:03:42.199,2356296882
223.787689,223.233000,-0.554689,00:03:43.233,2356957350
224.801986,224.233000,-0.568986,00:03:44.233,2357585733
225.816798,225.266000,-0.550798,00:03:45.266,2358239569
226.830067,226.266000,-0.564067,00:03:46.266,2358877098
227.844453,227.299000,-0.545453,00:03:47.299,2359550301
228.855852,228.299000,-0.556852,00:03:48.299,2360241556
229.868868,229.299000,-0.569868,00:03:49.299,2360901634
230.881416,230.333000,-0.548416,00:03:50.333,2361567001
231.882520,231.333000,-0.549520,00:03:51.333,2362203248
232.894882,232.333000,-0.561882,00:03:52.333,2362843992
233.907636,233.333000,-0.574636,00:03:53.333,2363481111
234.919035,234.366000,-0.553035,00:03:54.366,2364148715
235.932892,235.366000,-0.566892,00:03:55.366,2364805374
236.949055,236.399000,-0.550055,00:03:56.399,2365482542
237.962375,237.399000,-0.563375,00:03:57.399,2366180545
238.965781,238.399000,-0.566781,00:03:58.399,2366830715
239.980327,239.433000,-0.547327,00:03:59.433,2367498231
240.992006,240.433000,-0.559006,00:04:00.433,2368134360
242.005657,241.433000,-0.572657,00:04:01.433,2368771781
243.006931,242.433000,-0.573931,00:04:02.433,2369412855
244.008870,243.466000,-0.542870,00:04:03.466,2370081122
245.024734,244.466000,-0.558734,00:04:04.466,2370721323
246.038897,245.466000,-0.572897,00:04:05.466,2371414361
247.052698,246.499000,-0.553698,00:04:06.499,2372082627
248.056622,247.499000,-0.557622,00:04:07.499,2372736357
249.070997,248.499000,-0.571997,00:04:08.499,2373390103
250.081383,249.533000,-0.548383,00:04:09.533,2374064104
251.084751,250.533000,-0.551751,00:04:10.533,2374716308
252.098686,251.533000,-0.565686,00:04:11.533,2375374311
253.112171,252.566000,-0.546171,00:04:12.566,2376055929
254.126931,253.566000,-0.560931,00:04:13.566,2376763949
255.138445,254.566000,-0.572445,00:04:14.566,2377420220
256.141368,255.566000,-0.575368,00:04:15.566,2378074271
257.145392,256.599000,-0.546392,00:04:16.599,2378746114
258.147486,257.599000,-0.548486,00:04:17.599,2379392788
259.159299,258.599000,-0.560299,00:04:18.599,2380042765
260.162338,259.599000,-0.563338,00:04:19.599,2380680451
261.178637,260.633000,-0.545637,00:04:20.633,2381337064
262.183201,261.633000,-0.550201,00:04:21.633,2382015323
263.188335,262.633000,-0.555335,00:04:22.633,2382654378
264.204537,263.633000,-0.571537,00:04:23.633,2383298665
265.217552,264.666000,-0.551552,00:04:24.666,2383957894
266.221864,265.666000,-0.555864,00:04:25.666,2384597662
267.224800,266.666000,-0.558800,00:04:26.666,2385237029
268.228644,267.666000,-0.562644,00:04:27.666,2385876068
269.233649,268.666000,-0.567649,00:04:28.666,2386506355
270.236519,269.666000,-0.570519,00:04:29.666,2387136038
271.253084,270.699000,-0.554084,00:04:30.699,2387837629
272.255992,271.699000,-0.556992,00:04:31.699,2388469995
273.260278,272.699000,-0.561278,00:04:32.699,2389098840
274.266655,273.699000,-0.567655,00:04:33.699,2389725315
275.270210,274.699000,-0.571210,00:04:34.699,2390352841
276.274369,275.699000,-0.575369,00:04:35.699,2390989404
277.279219,276.733000,-0.546219,00:04:36.733,2391651280
278.290392,277.733000,-0.557392,00:04:37.733,2392290931
279.294304,278.733000,-0.561304,00:04:38.733,2392975415
280.301380,279.733000,-0.568380,00:04:39.733,2393601690
281.305740,280.733000,-0.572740,00:04:40.733,2394232514
282.320195,281.766000,-0.554195,00:04:41.766,2394886092
283.325591,282.766000,-0.559591,00:04:42.766,2395523534
284.330331,283.766000,-0.564331,00:04:43.766,2396166674
285.338420,284.766000,-0.572420,00:04:44.766,2396798927
286.341315,285.766000,-0.575315,00:04:45.766,2397446363
287.350512,286.799000,-0.551512,00:04:46.799,2398147477
288.356646,287.799000,-0.557646,00:04:47.799,2398788395
289.372346,288.799000,-0.573346,00:04:48.799,2399416027
290.375985,289.833000,-0.542985,00:04:49.833,2400075403
291.378290,290.833000,-0.545290,00:04:50.833,2400718179
292.380121,291.833000,-0.547121,00:04:51.833,2401356069
293.382248,292.833000,-0.549248,00:04:52.833,2401990241
294.397724,293.833000,-0.564724,00:04:53.833,2402638071
295.402276,294.833000,-0.569276,00:04:54.833,2403303795
296.406790,295.833000,-0.573790,00:04:55.833,2404003951
297.411014,296.866000,-0.545014,00:04:56.866,2404667417
298.414583,297.866000,-0.548583,00:04:57.866,2405310017
299.421117,298.866000,-0.555117,00:04:58.866,2405951911
300.438035,299.866000,-0.572035,00:04:59.866,2406582482
301.444749,300.899000,-0.545749,00:05:00.899,2407244873
302.447810,301.899000,-0.548810,00:05:01.899,2407892436
303.461598,302.899000,-0.562598,00:05:02.899,2408537978
304.463079,303.899000,-0.564079,00:05:03.899,2409223263
305.464588,304.899000,-0.565588,00:05:04.899,2409865089
306.469561,305.899000,-0.570561,00:05:05.899,2410502204
307.470666,306.899000,-0.571666,00:05:06.899,2411148656
308.484493,307.933000,-0.551493,00:05:07.933,2411810617
309.500351,308.933000,-0.567351,00:05:08.933,2412453442
310.516940,309.966000,-0.550940,00:05:09.966,2413120376
311.528177,310.966000,-0.562177,00:05:10.966,2413752123
312.530253,311.966000,-0.564253,00:05:11.966,2414428995
313.540930,312.966000,-0.574930,00:05:12.966,2415056960
314.543451,313.999000,-0.544451,00:05:13.999,2415680971
315.554704,314.999000,-0.555704,00:05:14.999,2416310972
316.565716,315.999000,-0.566716,00:05:15.999,2416931709
317.578606,317.033000,-0.545606,00:05:17.033,2417583956
318.594702,318.033000,-0.561702,00:05:18.033,2418210666
319.607779,319.033000,-0.574779,00:05:19.033,2418843408
320.611167,320.066000,-0.545167,00:05:20.066,2419540822
321.625415,321.066000,-0.559415,00:05:21.066,2420177915
322.637372,322.066000,-0.571372,00:05:22.066,2420806379
323.639307,323.066000,-0.573307,00:05:23.066,2421437200
324.653294,324.099000,-0.554294,00:05:24.099,2422091338
325.659112,325.099000,-0.560112,00:05:25.099,2422718680
326.672111,326.099000,-0.573111,00:05:26.099,2423351035
327.685836,327.133000,-0.552836,00:05:27.133,2423993771
328.687570,328.133000,-0.554570,00:05:28.133,2424614445
329.689348,329.133000,-0.556348,00:05:29.133,2425283629
330.690882,330.133000,-0.557882,00:05:30.133,2425903343
331.693447,331.133000,-0.560447,00:05:31.133,2426535432
332.698121,332.133000,-0.565121,00:05:32.133,2427166566
333.700277,333.133000,-0.567277,00:05:33.133,2427797597
334.712333,334.166000,-0.546333,00:05:34.166,2428444361
335.715250,335.166000,-0.549250,00:05:35.166,2429080674
336.727389,336.166000,-0.561389,00:05:36.166,2429722269
337.734835,337.166000,-0.568835,00:05:37.166,2430403782
338.736112,338.166000,-0.570112,00:05:38.166,2431043717
339.740490,339.166000,-0.574490,00:05:39.166,2431683694
340.744770,340.199000,-0.545770,00:05:40.199,2432350966
341.747282,341.199000,-0.548282,00:05:41.199,2432982842
342.755588,342.199000,-0.556588,00:05:42.199,2433610562
343.759861,343.199000,-0.560861,00:05:43.199,2434244128
344.764002,344.199000,-0.565002,00:05:44.199,2434885123
345.770977,345.199000,-0.571977,00:05:45.199,2435578469
346.778753,346.233000,-0.545753,00:05:46.233,2436245142
347.780219,347.233000,-0.547219,00:05:47.233,2436880038
348.788149,348.233000,-0.555149,00:05:48.233,2437519127
349.805421,349.233000,-0.572421,00:05:49.233,2438160868
350.825270,350.266000,-0.559270,00:05:50.266,2438828810
351.831277,351.266000,-0.565277,00:05:51.266,2439472484
352.838960,352.266000,-0.572960,00:05:52.266,2440110904
353.845070,353.299000,-0.546070,00:05:53.299,2440811694
354.852750,354.299000,-0.553750,00:05:54.299,2441459830
355.857225,355.299000,-0.558225,00:05:55.299,2442074440
356.861405,356.299000,-0.562405,00:05:56.299,2442684804
357.867351,357.299000,-0.568351,00:05:57.299,2443318266
358.871232,358.299000,-0.572232,00:05:58.299,2443967987
359.879409,359.333000,-0.546409,00:05:59.333,2444636265
360.887252,360.333000,-0.554252,00:06:00.333,2445277939
361.891235,361.333000,-0.558235,00:06:01.333,2445926032
362.893501,362.333000,-0.560501,00:06:02.333,2446607271
363.906987,363.333000,-0.573987,00:06:03.333,2447250180
364.908367,364.366000,-0.542367,00:06:04.366,2447912748
365.923204,365.366000,-0.557204,00:06:05.366,2448556192
366.931157,366.366000,-0.565157,00:06:06.366,2449194620
367.935888,367.366000,-0.569888,00:06:07.366,2449840549
368.938241,368.366000,-0.572241,00:06:08.366,2450466486
369.940177,369.366000,-0.574177,00:06:09.366,2451102898
370.952229,370.399000,-0.553229,00:06:10.399,2451811493
371.967834,371.399000,-0.568834,00:06:11.399,2452429602
372.984711,372.433000,-0.551711,00:06:12.433,2453085436
373.987270,373.433000,-0.554270,00:06:13.433,2453715571
374.994804,374.433000,-0.561804,00:06:14.433,2454344310
376.011176,375.466000,-0.545176,00:06:15.466,2455004220
377.027837,376.466000,-0.561837,00:06:16.466,2455636322
378.031020,377.466000,-0.565020,00:06:17.466,2456269665
379.033109,378.466000,-0.567109,00:06:18.466,2456917022
380.034563,379.466000,-0.568563,00:06:19.466,2457561129
381.039765,380.466000,-0.573765,00:06:20.466,2458195213
382.041800,381.466000,-0.575800,00:06:21.466,2458814861
383.050086,382.499000,-0.551086,00:06:22.499,2459458081
384.054607,383.499000,-0.555607,00:06:23.499,2460089370
385.068912,384.499000,-0.569912,00:06:24.499,2460727480
386.071900,385.499000,-0.572900,00:06:25.499,2461365311
387.087211,386.533000,-0.554211,00:06:26.533,2462063522
388.097351,387.533000,-0.564351,00:06:27.533,2462709063
389.111040,388.566000,-0.545040,00:06:28.566,2463349203
390.124633,389.566000,-0.558633,00:06:29.566,2463958755
391.128704,390.566000,-0.562704,00:06:30.566,2464591312
392.132305,391.566000,-0.566305,00:06:31.566,2465237933
393.136277,392.566000,-0.570277,00:06:32.566,2465882465
394.138498,393.566000,-0.572498,00:06:33.566,2466521879
395.144617,394.599000,-0.545617,00:06:34.599,2467186782
396.146308,395.599000,-0.547308,00:06:35.599,2467863256
397.151717,396.599000,-0.552717,00:06:36.599,2468490990
398.153884,397.599000,-0.554884,00:06:37.599,2469121718
399.156492,398.599000,-0.557492,00:06:38.599,2469758438
400.163461,399.599000,-0.564461,00:06:39.599,2470394510
401.168367,400.599000,-0.569367,00:06:40.599,2471011579
402.176224,401.633000,-0.543224,00:06:41.633,2471667846
403.180233,402.633000,-0.547233,00:06:42.633,2472306872
404.186287,403.633000,-0.553287,00:06:43.633,2472997048
405.192285,404.633000,-0.559285,00:06:44.633,2473636885
406.197256,405.633000,-0.564256,00:06:45.633,2474273473
407.204864,406.633000,-0.571864,00:06:46.633,2474910563
408.219228,407.666000,-0.553228,00:06:47.666,2475568661
409.226141,408.666000,-0.560141,00:06:48.666,2476207160
410.236398,409.666000,-0.570398,00:06:49.666,2476842345
411.248241,410.699000,-0.549241,00:06:50.699,2477494231
412.260061,411.699000,-0.561061,00:06:51.699,2478170260
413.267135,412.699000,-0.568135,00:06:52.699,2478807363
414.274856,413.699000,-0.575856,00:06:53.699,2479448721
415.289131,414.733000,-0.556131,00:06:54.733,2480116445
416.298091,415.733000,-0.565091,00:06:55.733,2480762028
417.312080,416.766000,-0.546080,00:06:56.766,2481427278
418.323268,417.766000,-0.557268,00:06:57.766,2482067933
419.333549,418.766000,-0.567549,00:06:58.766,2482708639
420.340276,419.766000,-0.574276,00:06:59.766,2483354813
421.356097,420.799000,-0.557097,00:07:00.799,2484064428
422.372195,421.799000,-0.573195,00:07:01.799,2484708145
423.376188,422.833000,-0.543188,00:07:02.833,2485367313
424.386148,423.833000,-0.553148,00:07:03.833,2486003659
425.397346,424.833000,-0.564346,00:07:04.833,2486647290
426.402310,425.833000,-0.569310,00:07:05.833,2487294409
427.410074,426.866000,-0.544074,00:07:06.866,2487966561
428.413490,427.866000,-0.547490,00:07:07.866,2488604626
429.424556,428.866000,-0.558556,00:07:08.866,2489282025
430.431448,429.866000,-0.565448,00:07:09.866,2489940951
431.439022,430.866000,-0.573022,00:07:10.866,2490594453
432.446227,431.899000,-0.547227,00:07:11.899,2491265750
433.453018,432.899000,-0.554018,00:07:12.899,2491914020
434.461979,433.899000,-0.562979,00:07:13.899,2492560521
435.471448,434.899000,-0.572448,00:07:14.899,2493211742
436.479782,435.933000,-0.546782,00:07:15.933,2493882167
437.484382,436.933000,-0.551382,00:07:16.933,2494586578
438.488032,437.933000,-0.555032,00:07:17.933,2495238818
439.492017,438.933000,-0.559017,00:07:18.933,2495894169
440.499653,439.933000,-0.566653,00:07:19.933,2496556051
441.502411,440.933000,-0.569411,00:07:20.933,2497222169
442.507292,441.933000,-0.574292,00:07:21.933,2497888726
443.521027,442.966000,-0.555027,00:07:22.966,2498560938
444.527110,443.966000,-0.561110,00:07:23.966,2499206093
445.532871,444.966000,-0.566871,00:07:24.966,2499884904
446.538905,445.966000,-0.572905,00:07:25.966,2500522997
447.554890,446.999000,-0.555890,00:07:26.999,2501177746
448.571128,447.999000,-0.572128,00:07:27.999,2501811869
449.586852,449.033000,-0.553852,00:07:29.033,2502469795
450.602773,450.033000,-0.569773,00:07:30.033,2503114108
451.605783,451.033000,-0.572783,00:07:31.033,2503758921
452.608922,452.066000,-0.542922,00:07:32.066,2504428617
453.616781,453.066000,-0.550781,00:07:33.066,2505081546
454.624919,454.066000,-0.558919,00:07:34.066,2505781848
455.641022,455.066000,-0.575022,00:07:35.066,2506436672
456.646187,456.099000,-0.547187,00:07:36.099,2507101043
457.651403,457.099000,-0.552403,00:07:37.099,2507749157
458.654488,458.099000,-0.555488,00:07:38.099,2508392268
459.662291,459.099000,-0.563291,00:07:39.099,2509031027
460.666059,460.099000,-0.567059,00:07:40.099,2509672054
461.668924,461.099000,-0.569924,00:07:41.099,2510303085
462.672165,462.099000,-0.573165,00:07:42.099,2510994449
463.676214,463.133000,-0.543214,00:07:43.133,2511666786
464.683544,464.133000,-0.550544,00:07:44.133,2512309923
465.686915,465.133000,-0.553915,00:07:45.133,2512951318
466.689763,466.133000,-0.556763,00:07:46.133,2513593671
467.703373,467.133000,-0.570373,00:07:47.133,2514242206
468.719640,468.166000,-0.553640,00:07:48.166,2514912002
469.722862,469.166000,-0.556862,00:07:49.166,2515568051
470.738070,470.166000,-0.572070,00:07:50.166,2516275613
471.739350,471.166000,-0.573350,00:07:51.166,2516926168
472.743216,472.199000,-0.544216,00:07:52.199,2517600588
473.749646,473.199000,-0.550646,00:07:53.199,2518264078
474.756532,474.199000,-0.557532,00:07:54.199,2518905358
475.760303,475.199000,-0.561303,00:07:55.199,2519550996
476.764721,476.199000,-0.565721,00:07:56.199,2520200252
477.766063,477.199000,-0.567063,00:07:57.199,2520850637
478.771650,478.199000,-0.572650,00:07:58.199,2521524410
479.774975,479.199000,-0.575975,00:07:59.199,2522177415
480.780335,480.233000,-0.547335,00:08:00.233,2522846804
481.782983,481.233000,-0.549983,00:08:01.233,2523497889
482.783908,482.233000,-0.550908,00:08:02.233,2524146307
483.786389,483.233000,-0.553389,00:08:03.233,2524782096
484.792678,484.233000,-0.559678,00:08:04.233,2525432913
485.804486,485.233000,-0.571486,00:08:05.233,2526071558
486.812215,486.266000,-0.546215,00:08:06.266,2526733853
487.824541,487.266000,-0.558541,00:08:07.266,2527421420
488.834774,488.266000,-0.568774,00:08:08.266,2528049471
489.839386,489.266000,-0.573386,00:08:09.266,2528676277
490.844938,490.299000,-0.545938,00:08:10.299,2529333857
491.853242,491.299000,-0.554242,00:08:11.299,2529966568
492.858366,492.299000,-0.559366,00:08:12.299,2530613167
493.862923,493.299000,-0.563923,00:08:13.299,2531260261
494.871177,494.299000,-0.572177,00:08:14.299,2531912658
495.883212,495.333000,-0.550212,00:08:15.333,2532624979
496.891744,496.333000,-0.558744,00:08:16.333,2533262885
497.901032,497.333000,-0.568032,00:08:17.333,2533899824
498.908044,498.333000,-0.575044,00:08:18.333,2534542793
499.910002,499.366000,-0.544002,00:08:19.366,2535214157
500.913859,500.366000,-0.547859,00:08:20.366,2535844221
501.919018,501.366000,-0.553018,00:08:21.366,2536479828
502.924508,502.366000,-0.558508,00:08:22.366,2537119080
503.929957,503.366000,-0.563957,00:08:23.366,2537808600
504.944802,504.399000,-0.545802,00:08:24.399,2538480944
505.948861,505.399000,-0.549861,00:08:25.399,2539116680
506.956046,506.399000,-0.557046,00:08:26.399,2539743379
507.971055,507.399000,-0.572055,00:08:27.399,2540384814
508.973859,508.399000,-0.574859,00:08:28.399,2541032310
509.978991,509.433000,-0.545991,00:08:29.433,2541707110
510.982854,510.433000,-0.549854,00:08:30.433,2542344332
511.984299,511.433000,-0.551299,00:08:31.433,2542989116
512.986068,512.433000,-0.553068,00:08:32.433,2543662316
514.002087,513.433000,-0.569087,00:08:33.433,2544309314
515.007866,514.433000,-0.574866,00:08:34.433,2544949603
516.011813,515.466000,-0.545813,00:08:35.466,2545611882
517.017218,516.466000,-0.551218,00:08:36.466,2546262480
518.020457,517.466000,-0.554457,00:08:37.466,2546911449
519.029942,518.466000,-0.563942,00:08:38.466,2547558719
520.036424,519.466000,-0.570424,00:08:39.466,2548210205
521.038789,520.466000,-0.572789,00:08:40.466,2548915630
522.045911,521.499000,-0.546911,00:08:41.499,2549588094
523.048848,522.499000,-0.549848,00:08:42.499,2550232908
524.062948,523.499000,-0.563948,00:08:43.499,2550875696
525.077177,524.533000,-0.544177,00:08:44.533,2551535617
526.085794,525.533000,-0.552794,00:08:45.533,2552177761
527.088206,526.533000,-0.555206,00:08:46.533,2552821730
528.100710,527.533000,-0.567710,00:08:47.533,2553476719
529.116676,528.566000,-0.550676,00:08:48.566,2554208926
530.130604,529.566000,-0.564604,00:08:49.566,2554868311
531.144278,530.599000,-0.545278,00:08:50.599,2555542714
532.146159,531.599000,-0.547159,00:08:51.599,2556201403
533.148244,532.599000,-0.549244,00:08:52.599,2556859541
534.150690,533.599000,-0.551690,00:08:53.599,2557516918
535.155535,534.599000,-0.556535,00:08:54.599,2558170447
536.168624,535.599000,-0.569624,00:08:55.599,2558813984
537.182546,536.633000,-0.549546,00:08:56.633,2559529582
538.186880,537.633000,-0.553880,00:08:57.633,2560179015
539.189880,538.633000,-0.556880,00:08:58.633,2560815174
540.192525,539.633000,-0.559525,00:08:59.633,2561453756
541.196903,540.633000,-0.563903,00:09:00.633,2562097123
542.198998,541.633000,-0.565998,00:09:01.633,2562736206
543.201353,542.633000,-0.568353,00:09:02.633,2563364459
544.216488,543.666000,-0.550488,00:09:03.666,2564020944
545.232406,544.666000,-0.566406,00:09:04.666,2564659092
546.246717,545.699000,-0.547717,00:09:05.699,2565370173
547.260275,546.699000,-0.561275,00:09:06.699,2566010667
548.261805,547.699000,-0.562805,00:09:07.699,2566659907
549.277266,548.733000,-0.544266,00:09:08.733,2567332785
550.291294,549.733000,-0.558294,00:09:09.733,2567958781
551.294542,550.733000,-0.561542,00:09:10.733,2568607402
552.308354,551.766000,-0.542354,00:09:11.766,2569275052
553.310893,552.766000,-0.544893,00:09:12.766,2569916917
554.322439,553.766000,-0.556439,00:09:13.766,2570613482
555.336419,554.766000,-0.570419,00:09:14.766,2571268422
556.338129,555.766000,-0.572129,00:09:15.766,2571918033
557.342823,556.799000,-0.543823,00:09:16.799,2572595635
558.358455,557.799000,-0.559455,00:09:17.799,2573252312
559.361478,558.799000,-0.562478,00:09:18.799,2573901073
560.372495,559.799000,-0.573495,00:09:19.799,2574532348
561.374170,560.799000,-0.575170,00:09:20.799,2575172206
562.390671,561.833000,-0.557671,00:09:21.833,2575897509
563.405660,562.833000,-0.572660,00:09:22.833,2576538564
564.420411,563.866000,-0.554411,00:09:23.866,2577214408
565.434942,564.866000,-0.568942,00:09:24.866,2577864123
566.450499,565.899000,-0.551499,00:09:25.899,2578539930
567.464058,566.899000,-0.565058,00:09:26.899,2579203745
568.466461,567.899000,-0.567461,00:09:27.899,2579858866
569.482257,568.933000,-0.549257,00:09:28.933,2580539700
570.495547,569.933000,-0.562547,00:09:29.933,2581235393
571.510714,570.966000,-0.544714,00:09:30.966,2581909415
572.524189,571.966000,-0.558189,00:09:31.966,2582579111
573.526827,572.966000,-0.560827,00:09:32.966,2583226769
574.535150,573.966000,-0.569150,00:09:33.966,2583896642
575.539521,574.966000,-0.573521,00:09:34.966,2584562521
576.554463,575.999000,-0.555463,00:09:35.999,2585237626
577.567375,576.999000,-0.568375,00:09:36.999,2585897556
578.581261,578.033000,-0.548261,00:09:38.033,2586570174
579.587089,579.033000,-0.554089,00:09:39.033,2587267134
580.603710,580.033000,-0.570710,00:09:40.033,2587901273
581.605636,581.033000,-0.572636,00:09:41.033,2588556557
582.617986,582.066000,-0.551986,00:09:42.066,2589241657
583.619745,583.066000,-0.553745,00:09:43.066,2589912548
584.635330,584.066000,-0.569330,00:09:44.066,2590580346
585.650568,585.099000,-0.551568,00:09:45.099,2591263286
586.658370,586.099000,-0.559370,00:09:46.099,2591923247
587.659587,587.099000,-0.560587,00:09:47.099,2592614483
588.673672,588.099000,-0.574672,00:09:48.099,2593278680
589.684582,589.133000,-0.551582,00:09:49.133,2593941998
590.699348,590.133000,-0.566348,00:09:50.133,2594594971
591.713901,591.166000,-0.547901,00:09:51.166,2595271942
592.724842,592.166000,-0.558842,00:09:52.166,2595922710
593.726344,593.166000,-0.560344,00:09:53.166,2596534272
594.730547,594.166000,-0.564547,00:09:54.166,2597165386
595.733625,595.166000,-0.567625,00:09:55.166,2597866740
596.740496,596.166000,-0.574496,00:09:56.166,2598524755
597.745391,597.199000,-0.546391,00:09:57.199,2599196867
598.758759,598.199000,-0.559759,00:09:58.199,2599846188
599.762065,599.199000,-0.563065,00:09:59.199,2600493481
600.766477,600.199000,-0.567477,00:10:00.199,2601127602
601.771931,601.199000,-0.572931,00:10:01.199,2601770831
602.773121,602.199000,-0.574121,00:10:02.199,2602417904
603.789537,603.233000,-0.556537,00:10:03.233,2603123274
604.802112,604.233000,-0.569112,00:10:04.233,2603760543
605.803282,605.233000,-0.570282,00:10:05.233,2604411740
606.817712,606.266000,-0.551712,00:10:06.266,2605061899
607.821551,607.266000,-0.555551,00:10:07.266,2605704554
608.824972,608.266000,-0.558972,00:10:08.266,2606344456
609.828694,609.266000,-0.562694,00:10:09.266,2606960895
610.836612,610.266000,-0.570612,00:10:10.266,2607599197
611.853079,611.299000,-0.554079,00:10:11.299,2608265459
612.856007,612.299000,-0.557007,00:10:12.299,2608952495
613.857380,613.299000,-0.558380,00:10:13.299,2609608673
614.870828,614.299000,-0.571828,00:10:14.299,2610268677
615.875093,615.333000,-0.542093,00:10:15.333,2610952502
616.875958,616.333000,-0.542958,00:10:16.333,2611593940
617.878728,617.333000,-0.545728,00:10:17.333,2612243483
618.885614,618.333000,-0.552614,00:10:18.333,2612888955
619.890626,619.333000,-0.557626,00:10:19.333,2613539847
620.904510,620.333000,-0.571510,00:10:20.333,2614235853
621.918548,621.366000,-0.552548,00:10:21.366,2614897308
622.923402,622.366000,-0.557402,00:10:22.366,2615525582
623.938787,623.366000,-0.572787,00:10:23.366,2616157272
624.940305,624.366000,-0.574305,00:10:24.366,2616821615
625.943129,625.399000,-0.544129,00:10:25.399,2617466922
626.957774,626.399000,-0.558774,00:10:26.399,2618117227
627.972213,627.399000,-0.573213,00:10:27.399,2618772342
628.980017,628.433000,-0.547017,00:10:28.433,2619477131
629.981432,629.433000,-0.548432,00:10:29.433,2620091589
630.994531,630.433000,-0.561531,00:10:30.433,2620724910
632.001823,631.433000,-0.568823,00:10:31.433,2621333916
633.004817,632.433000,-0.571817,00:10:32.433,2621953598
634.008725,633.466000,-0.542725,00:10:33.466,2622619395
635.023907,634.466000,-0.557907,00:10:34.466,2623271989
636.028504,635.466000,-0.562504,00:10:35.466,2623896226
637.031869,636.466000,-0.565869,00:10:36.466,2624530785
638.035832,637.466000,-0.569832,00:10:37.466,2625235531
639.040763,638.499000,-0.541763,00:10:38.499,2625872373
640.055594,639.499000,-0.556594,00:10:39.499,2626499335
641.061259,640.499000,-0.562259,00:10:40.499,2627116901
642.068594,641.499000,-0.569594,00:10:41.499,2627708412
643.071100,642.499000,-0.572100,00:10:42.499,2628356849
644.074613,643.499000,-0.575613,00:10:43.499,2629036907
645.078558,644.533000,-0.545558,00:10:44.533,2629697905
646.079912,645.533000,-0.546912,00:10:45.533,2630333076
647.082869,646.533000,-0.549869,00:10:46.533,2630946282
648.086488,647.533000,-0.553488,00:10:47.533,2631564795
649.089793,648.533000,-0.556793,00:10:48.533,2632169752
650.093058,649.533000,-0.560058,00:10:49.533,2632816083
651.096477,650.533000,-0.563477,00:10:50.533,2633426419
652.111590,651.566000,-0.545590,00:10:51.566,2634089382
653.126933,652.566000,-0.560933,00:10:52.566,2634711387
654.128789,653.566000,-0.562789,00:10:53.566,2635384712
655.143805,654.599000,-0.544805,00:10:54.599,2636068667
656.157233,655.599000,-0.558233,00:10:55.599,2636614182
657.160763,656.599000,-0.561763,00:10:56.599,2637209460
658.172735,657.599000,-0.573735,00:10:57.599,2637724578
659.177786,658.633000,-0.544786,00:10:58.633,2638333064
660.179682,659.633000,-0.546682,00:10:59.633,2638932481
661.186935,660.633000,-0.553935,00:11:00.633,2639566072
662.193468,661.633000,-0.560468,00:11:01.633,2640207805
663.202277,662.633000,-0.569277,00:11:02.633,2640840665
664.215884,663.666000,-0.549884,00:11:03.666,2641430848
665.218572,664.666000,-0.552572,00:11:04.666,2642023347
666.233533,665.666000,-0.567533,00:11:05.666,2642604642
667.236068,666.666000,-0.570068,00:11:06.666,2643211449
668.238010,667.666000,-0.572010,00:11:07.666,2643796257
669.245781,668.699000,-0.546781,00:11:08.699,2644381707
670.247699,669.699000,-0.548699,00:11:09.699,2644945972
671.264625,670.699000,-0.565625,00:11:10.699,2645501157
672.275750,671.733000,-0.542750,00:11:11.733,2646060952
673.282353,672.733000,-0.549353,00:11:12.733,2646614111
674.286525,673.733000,-0.553525,00:11:13.733,2647156121
675.293316,674.733000,-0.560316,00:11:14.733,2647704644
676.295599,675.733000,-0.562599,00:11:15.733,2648274964
677.302399,676.733000,-0.569399,00:11:16.733,2648810173
678.304663,677.733000,-0.571663,00:11:17.733,2649358827
679.306674,678.733000,-0.573674,00:11:18.733,2649941797
680.309795,679.766000,-0.543795,00:11:19.766,2650533675
681.315902,680.766000,-0.549902,00:11:20.766,2651077038
682.318341,681.766000,-0.552341,00:11:21.766,2651661717
683.325039,682.766000,-0.559039,00:11:22.766,2652212503
684.330713,683.766000,-0.564713,00:11:23.766,2652750756
685.336200,684.766000,-0.570200,00:11:24.766,2653339475
686.340388,685.766000,-0.574388,00:11:25.766,2653913800
687.342340,686.799000,-0.543340,00:11:26.799,2654550813
688.345357,687.799000,-0.546357,00:11:27.799,2655110078
689.350561,688.799000,-0.551561,00:11:28.799,2655692191
690.354659,689.799000,-0.555659,00:11:29.799,2656254669
691.359176,690.799000,-0.560176,00:11:30.799,2656856598
692.364652,691.799000,-0.565652,00:11:31.799,2657419261
693.370435,692.799000,-0.571435,00:11:32.799,2657973358
694.377514,693.833000,-0.544514,00:11:33.833,2658567753
695.383264,694.833000,-0.550264,00:11:34.833,2659128221
696.390649,695.833000,-0.557649,00:11:35.833,2659753605
697.393159,696.833000,-0.560159,00:11:36.833,2660324121
698.394554,697.833000,-0.561554,00:11:37.833,2660931599
699.397437,698.833000,-0.564437,00:11:38.833,2661463779
700.403860,699.833000,-0.570860,00:11:39.833,2662054486
701.406014,700.833000,-0.573014,00:11:40.833,2662658420
702.411972,701.866000,-0.545972,00:11:41.866,2663300604
703.414422,702.866000,-0.548422,00:11:42.866,2663867667
704.417910,703.866000,-0.551910,00:11:43.866,2664481332
705.421955,704.866000,-0.555955,00:11:44.866,2665050151
706.426851,705.866000,-0.560851,00:11:45.866,2665603901
707.433256,706.866000,-0.567256,00:11:46.866,2666192994
708.440601,707.866000,-0.574601,00:11:47.866,2666750012
709.444702,708.899000,-0.545702,00:11:48.899,2667341726
710.447611,709.899000,-0.548611,00:11:49.899,2667923189
711.452959,710.899000,-0.553959,00:11:50.899,2668492932
712.454765,711.899000,-0.555765,00:11:51.899,2669098707
713.458708,712.899000,-0.559708,00:11:52.899,2669667457
714.464763,713.899000,-0.565763,00:11:53.899,2670206474
715.467376,714.899000,-0.568376,00:11:54.899,2670757870
716.482074,715.933000,-0.549074,00:11:55.933,2671405838
717.484498,716.933000,-0.551498,00:11:56.933,2671990469
718.490106,717.933000,-0.557106,00:11:57.933,2672647617
719.493845,718.933000,-0.560845,00:11:58.933,2673291757
720.498728,719.933000,-0.565728,00:11:59.933,2673908817
721.500001,720.933000,-0.567001,00:12:00.933,2674510190
722.506627,721.933000,-0.573627,00:12:01.933,2675119595
723.510585,722.966000,-0.544585,00:12:02.966,2675722379
724.518429,723.966000,-0.552429,00:12:03.966,2676316322
725.534862,724.966000,-0.568862,00:12:04.966,2676954579
726.538384,725.966000,-0.572384,00:12:05.966,2677573008
727.544837,726.999000,-0.545837,00:12:06.999,2678240511
728.547069,727.999000,-0.548069,00:12:07.999,2678875460
729.551422,728.999000,-0.552422,00:12:08.999,2679549373
730.556753,729.999000,-0.557753,00:12:09.999,2680169686
731.559357,730.999000,-0.560357,00:12:10.999,2680771294
732.560667,731.999000,-0.561667,00:12:11.999,2681397201
733.564681,732.999000,-0.565681,00:12:12.999,2682079130
734.568393,733.999000,-0.569393,00:12:13.999,2682700836
735.576334,735.033000,-0.543334,00:12:15.033,2683365093
736.591668,736.033000,-0.558668,00:12:16.033,2683994157
737.594793,737.033000,-0.561793,00:12:17.033,2684702550
738.598512,738.033000,-0.565512,00:12:18.033,2685340718
739.604886,739.033000,-0.571886,00:12:19.033,2685976566
740.611954,740.066000,-0.545954,00:12:20.066,2686643913
741.627854,741.066000,-0.561854,00:12:21.066,2687320404
742.632531,742.066000,-0.566531,00:12:22.066,2687965536
743.634473,743.066000,-0.568473,00:12:23.066,2688626224
744.637729,744.066000,-0.571729,00:12:24.066,2689291071
745.643399,745.099000,-0.544399,00:12:25.099,2690008692
746.651239,746.099000,-0.552239,00:12:26.099,2690655670
747.652352,747.099000,-0.553352,00:12:27.099,2691300183
748.655557,748.099000,-0.556557,00:12:28.099,2691931047
749.665142,749.099000,-0.566142,00:12:29.099,2692579436
750.671083,750.099000,-0.572083,00:12:30.099,2693235122
751.676350,751.133000,-0.543350,00:12:31.133,2693914491
752.681278,752.133000,-0.548278,00:12:32.133,2694572178
753.687892,753.133000,-0.554892,00:12:33.133,2695230750
754.697396,754.133000,-0.564396,00:12:34.133,2695930091
755.706905,755.133000,-0.573905,00:12:35.133,2696562032
756.714606,756.166000,-0.548606,00:12:36.166,2697216408
757.721070,757.166000,-0.555070,00:12:37.166,2697841219
758.722380,758.166000,-0.556380,00:12:38.166,2698495762
759.737633,759.166000,-0.571633,00:12:39.166,2699152364
760.752430,760.199000,-0.553430,00:12:40.199,2699833144
761.757665,761.199000,-0.558665,00:12:41.199,2700485056
762.766602,762.199000,-0.567602,00:12:42.199,2701183436
763.772370,763.199000,-0.573370,00:12:43.199,2701849351
764.781247,764.233000,-0.548247,00:12:44.233,2702528135
765.784505,765.233000,-0.551505,00:12:45.233,2703164682
766.787683,766.233000,-0.554683,00:12:46.233,2703806420
767.791333,767.233000,-0.558333,00:12:47.233,2704467656
768.800865,768.233000,-0.567865,00:12:48.233,2705137722
769.815578,769.266000,-0.549578,00:12:49.266,2705823181
770.830970,770.266000,-0.564970,00:12:50.266,2706521317
771.836787,771.266000,-0.570787,00:12:51.266,2707186207
772.838787,772.266000,-0.572787,00:12:52.266,2707832758
773.840118,773.266000,-0.574118,00:12:53.266,2708498091
774.854912,774.299000,-0.555912,00:12:54.299,2709194563
775.871001,775.299000,-0.572001,00:12:55.299,2709860635
776.886639,776.333000,-0.553639,00:12:56.333,2710553790
777.888907,777.333000,-0.555907,00:12:57.333,2711226264
778.890119,778.333000,-0.557119,00:12:58.333,2711947269
779.894550,779.333000,-0.561550,00:12:59.333,2712615546
780.908362,780.366000,-0.542362,00:13:00.366,2713294110
781.913211,781.366000,-0.547211,00:13:01.366,2713964502
782.928352,782.366000,-0.562352,00:13:02.366,2714614692
783.931997,783.366000,-0.565997,00:13:03.366,2715262246
784.947838,784.399000,-0.548838,00:13:04.399,2715953337
785.963579,785.399000,-0.564579,00:13:05.399,2716620184
786.967470,786.399000,-0.568470,00:13:06.399,2717288665
787.980668,787.433000,-0.547668,00:13:07.433,2718020682
788.994918,788.433000,-0.561918,00:13:08.433,2718645179
790.010265,789.466000,-0.544265,00:13:09.466,2719332920
791.020768,790.466000,-0.554768,00:13:10.466,2719994237
792.036411,791.466000,-0.570411,00:13:11.466,2720641158
793.050450,792.499000,-0.551450,00:13:12.499,2721327727
794.063556,793.499000,-0.564556,00:13:13.499,2721985038
795.077267,794.533000,-0.544267,00:13:14.533,2722669934
796.088734,795.533000,-0.555734,00:13:15.533,2723382179
797.104868,796.533000,-0.571868,00:13:16.533,2724028795
798.118733,797.566000,-0.552733,00:13:17.566,2724696836
799.133739,798.566000,-0.567739,00:13:18.566,2725353731
800.135772,799.566000,-0.569772,00:13:19.566,2726013822
801.141628,800.599000,-0.542628,00:13:20.599,2726700522
802.143229,801.599000,-0.544229,00:13:21.599,2727374215
803.144562,802.599000,-0.545562,00:13:22.599,2728049269
804.151035,803.599000,-0.552035,00:13:23.599,2728764774
805.152625,804.599000,-0.553625,00:13:24.599,2729404151
806.166604,805.599000,-0.567604,00:13:25.599,2730073248
807.168728,806.599000,-0.569728,00:13:26.599,2730753959
808.172204,807.599000,-0.573204,00:13:27.599,2731431112
809.187459,808.633000,-0.554459,00:13:28.633,2732118271
810.203360,809.633000,-0.570360,00:13:29.633,2732786026
811.220496,810.666000,-0.554496,00:13:30.666,2733477030
812.233562,811.666000,-0.567562,00:13:31.666,2734155711
813.234991,812.666000,-0.568991,00:13:32.666,2734811687
814.250466,813.699000,-0.551466,00:13:33.699,2735513032
815.251852,814.699000,-0.552852,00:13:34.699,2736175734
816.266735,815.699000,-0.567735,00:13:35.699,2736853906
817.273532,816.699000,-0.574532,00:13:36.699,2737526426
818.274630,817.699000,-0.575630,00:13:37.699,2738187247
819.291225,818.733000,-0.558225,00:13:38.733,2738853009
820.294379,819.733000,-0.561379,00:13:39.733,2739514277
821.300505,820.733000,-0.567505,00:13:40.733,2740212617
822.303009,821.733000,-0.570009,00:13:41.733,2740873279
823.305742,822.733000,-0.572742,00:13:42.733,2741553143
824.310085,823.766000,-0.544085,00:13:43.766,2742253924
825.311255,824.766000,-0.545255,00:13:44.766,2742946596
826.325017,825.766000,-0.559017,00:13:45.766,2743614369
827.330063,826.766000,-0.564063,00:13:46.766,2744274917
828.344577,827.799000,-0.545577,00:13:47.799,2744985617
829.360021,828.799000,-0.561021,00:13:48.799,2745711704
830.362312,829.799000,-0.563312,00:13:49.799,2746404543
831.374348,830.799000,-0.575348,00:13:50.799,2747101512
832.385567,831.833000,-0.552567,00:13:51.833,2747803589
833.386611,832.833000,-0.553611,00:13:52.833,2748464509
834.396394,833.833000,-0.563394,00:13:53.833,2749152855
835.410229,834.866000,-0.544229,00:13:54.866,2749872856
836.426741,835.866000,-0.560741,00:13:55.866,2750570681
837.440421,836.899000,-0.541421,00:13:56.899,2751336202
838.454522,837.899000,-0.555522,00:13:57.899,2752028879
839.467561,838.899000,-0.568561,00:13:58.899,2752734432
840.483282,839.933000,-0.550282,00:13:59.933,2753460565
841.498831,840.933000,-0.565831,00:14:00.933,2754167815
842.512087,841.966000,-0.546087,00:14:01.966,2754891233
843.514736,842.966000,-0.548736,00:14:02.966,2755581784
844.527819,843.966000,-0.561819,00:14:03.966,2756261932
845.541462,844.966000,-0.575462,00:14:04.966,2756998292
846.552893,845.999000,-0.553893,00:14:05.999,2757717181
847.568491,846.999000,-0.569491,00:14:06.999,2758414796
848.584737,848.033000,-0.551737,00:14:08.033,2759136630
849.600986,849.033000,-0.567986,00:14:09.033,2759843005
850.614480,850.066000,-0.548480,00:14:10.066,2760580357
851.627530,851.066000,-0.561530,00:14:11.066,2761292224
852.641267,852.066000,-0.575267,00:14:12.066,2762006893
853.656787,853.099000,-0.557787,00:14:13.099,2762744357
854.672997,854.099000,-0.573997,00:14:14.099,2763501041
855.687960,855.133000,-0.554960,00:14:15.133,2764247158
856.689572,856.133000,-0.556572,00:14:16.133,2764962579
857.704468,857.133000,-0.571468,00:14:17.133,2765677598
858.717701,858.166000,-0.551701,00:14:18.166,2766417772
859.721409,859.166000,-0.555409,00:14:19.166,2767125839
860.722751,860.166000,-0.556751,00:14:20.166,2767836148
861.724757,861.166000,-0.558757,00:14:21.166,2768540512
862.727699,862.166000,-0.561699,00:14:22.166,2769279147
863.731242,863.166000,-0.565242,00:14:23.166,2769976509
864.746730,864.199000,-0.547730,00:14:24.199,2770705992
865.759554,865.199000,-0.560554,00:14:25.199,2771414206
866.763663,866.199000,-0.564663,00:14:26.199,2772120066
867.765398,867.199000,-0.566398,00:14:27.199,2772828117
868.780801,868.233000,-0.547801,00:14:28.233,2773552783
869.782134,869.233000,-0.549134,00:14:29.233,2774261243
870.795575,870.233000,-0.562575,00:14:30.233,2775016743
871.799406,871.233000,-0.566406,00:14:31.233,2775718133
872.801027,872.233000,-0.568027,00:14:32.233,2776419065
873.807694,873.233000,-0.574694,00:14:33.233,2777122437
874.823332,874.266000,-0.557332,00:14:34.266,2777849945
875.828223,875.266000,-0.562223,00:14:35.266,2778556992
876.833606,876.266000,-0.567606,00:14:36.266,2779280734
877.837136,877.266000,-0.571136,00:14:37.266,2780002027
878.841175,878.266000,-0.575175,00:14:38.266,2780750598
879.842972,879.299000,-0.543972,00:14:39.299,2781480270
880.847470,880.299000,-0.548470,00:14:40.299,2782180246
881.851455,881.299000,-0.552455,00:14:41.299,2782880689
882.859337,882.299000,-0.560337,00:14:42.299,2783578506
883.863294,883.299000,-0.564294,00:14:43.299,2784268664
884.878387,884.333000,-0.545387,00:14:44.333,2784988514
885.880008,885.333000,-0.547008,00:14:45.333,2785683344
886.882393,886.333000,-0.549393,00:14:46.333,2786385217
887.885798,887.333000,-0.552798,00:14:47.333,2787125661
888.886956,888.333000,-0.553956,00:14:48.333,2787822343
889.888956,889.333000,-0.555956,00:14:49.333,2788519461
890.901427,890.333000,-0.568427,00:14:50.333,2789216888
891.916595,891.366000,-0.550595,00:14:51.366,2789939332
892.921310,892.366000,-0.555310,00:14:52.366,2790637637
893.922932,893.366000,-0.556932,00:14:53.366,2791341538
894.924559,894.366000,-0.558559,00:14:54.366,2792048708
895.938839,895.366000,-0.572839,00:14:55.366,2792805141
896.954742,896.399000,-0.555742,00:14:56.399,2793531313
897.970165,897.399000,-0.571165,00:14:57.399,2794226952
898.974663,898.399000,-0.575663,00:14:58.399,2794927600
899.989042,899.433000,-0.556042,00:14:59.433,2795648011
900.990173,900.433000,-0.557173,00:15:00.433,2796352338
902.002422,901.433000,-0.569422,00:15:01.433,2797042333
903.016559,902.466000,-0.550559,00:15:02.466,2797777250
904.031254,903.466000,-0.565254,00:15:03.466,2798525106
905.042982,904.499000,-0.543982,00:15:04.499,2799248815
906.056792,905.499000,-0.557792,00:15:05.499,2799952523
907.070030,906.499000,-0.571030,00:15:06.499,2800664265
908.084286,907.533000,-0.551286,00:15:07.533,2801400638
909.097409,908.533000,-0.564409,00:15:08.533,2802112503
910.111718,909.566000,-0.545718,00:15:09.566,2802857377
911.125421,910.566000,-0.559421,00:15:10.566,2803568409
912.137302,911.566000,-0.571302,00:15:11.566,2804319196
913.149039,912.599000,-0.550039,00:15:12.599,2805041594
914.164969,913.599000,-0.565969,00:15:13.599,2805730626
915.178755,914.633000,-0.545755,00:15:14.633,2806447800
916.191152,915.633000,-0.558152,00:15:15.633,2807131947
917.206616,916.633000,-0.573616,00:15:16.633,2807840626
918.208646,917.666000,-0.542646,00:15:17.666,2808586424
919.219884,918.666000,-0.553884,00:15:18.666,2809297562
920.235367,919.666000,-0.569367,00:15:19.666,2810006111
921.248630,920.699000,-0.549630,00:15:20.699,2810775623
922.262744,921.699000,-0.563744,00:15:21.699,2811466899
923.275827,922.733000,-0.542827,00:15:22.733,2812179450
924.291876,923.733000,-0.558876,00:15:23.733,2812868077
925.305748,924.733000,-0.572748,00:15:24.733,2813555901
926.321019,925.766000,-0.555019,00:15:25.766,2814272218
927.328237,926.766000,-0.562237,00:15:26.766,2814963667
928.342702,927.799000,-0.543702,00:15:27.799,2815678735
929.347741,928.799000,-0.548741,00:15:28.799,2816425541
930.351133,929.799000,-0.552133,00:15:29.799,2817134615
931.354697,930.799000,-0.555697,00:15:30.799,2817843057
932.360551,931.799000,-0.561551,00:15:31.799,2818552149
933.374587,932.799000,-0.575587,00:15:32.799,2819259885
934.388480,933.833000,-0.555480,00:15:33.833,2819991138
935.390496,934.833000,-0.557496,00:15:34.833,2820703222
936.394491,935.833000,-0.561491,00:15:35.833,2821409813
937.408630,936.866000,-0.542630,00:15:36.866,2822203880
938.422154,937.866000,-0.556154,00:15:37.866,2822925238
939.433547,938.866000,-0.567547,00:15:38.866,2823644005
940.436611,939.866000,-0.570611,00:15:39.866,2824366155
941.437800,940.866000,-0.571800,00:15:40.866,2825086425
942.441367,941.866000,-0.575367,00:15:41.866,2825805852
943.445445,942.899000,-0.546445,00:15:42.899,2826547528
944.452043,943.899000,-0.553043,00:15:43.899,2827263950
945.454364,944.899000,-0.555364,00:15:44.899,2828024057
946.458055,945.899000,-0.559055,00:15:45.899,2828744894
947.461177,946.899000,-0.562177,00:15:46.899,2829466120
948.464787,947.899000,-0.565787,00:15:47.899,2830189429
949.472016,948.899000,-0.573016,00:15:48.899,2830906923
950.480211,949.933000,-0.547211,00:15:49.933,2831650570
951.489712,950.933000,-0.556712,00:15:50.933,2832365369
952.494730,951.933000,-0.561730,00:15:51.933,2833078675
953.498331,952.933000,-0.565331,00:15:52.933,2833781561
954.502508,953.933000,-0.569508,00:15:53.933,2834539972
955.505570,954.933000,-0.572570,00:15:54.933,2835259522
956.511070,955.966000,-0.545070,00:15:55.966,2836001222
957.514553,956.966000,-0.548553,00:15:56.966,2836716498
958.520476,957.966000,-0.554476,00:15:57.966,2837432244
959.530112,958.966000,-0.564112,00:15:58.966,2838147705
960.538155,959.966000,-0.572155,00:15:59.966,2838882757
961.545481,960.999000,-0.546481,00:16:00.999,2839620733
962.561268,961.999000,-0.562268,00:16:01.999,2840350566
963.568086,962.999000,-0.569086,00:16:02.999,2841051460
964.570221,963.999000,-0.571221,00:16:03.999,2841750605
965.586524,965.033000,-0.553524,00:16:05.033,2842452943
966.588138,966.033000,-0.555138,00:16:06.033,2843154690
967.590463,967.033000,-0.557463,00:16:07.033,2843839828
968.605692,968.033000,-0.572692,00:16:08.033,2844545359
969.609243,969.066000,-0.543243,00:16:09.066,2845142693
970.611024,970.066000,-0.545024,00:16:10.066,2845776367
971.616789,971.066000,-0.550789,00:16:11.066,2846416463
972.630262,972.066000,-0.564262,00:16:12.066,2846992663
973.642123,973.099000,-0.543123,00:16:13.099,2847662722
974.657682,974.099000,-0.558682,00:16:14.099,2848286919
975.660201,975.099000,-0.561201,00:16:15.099,2848965036
976.674646,976.099000,-0.575646,00:16:16.099,2849668015
977.691062,977.133000,-0.558062,00:16:17.133,2850374500
978.701870,978.133000,-0.568870,00:16:18.133,2851078163
979.716429,979.166000,-0.550429,00:16:19.166,2851853509
980.720069,980.166000,-0.554069,00:16:20.166,2852579266
981.734667,981.166000,-0.568667,00:16:21.166,2853306559
982.746673,982.199000,-0.547673,00:16:22.199,2854053882
983.748865,983.199000,-0.549865,00:16:23.199,2854775222
984.763354,984.199000,-0.564354,00:16:24.199,2855495578
985.774867,985.199000,-0.575867,00:16:25.199,2856216613
986.787617,986.233000,-0.554617,00:16:26.233,2856962791
987.801043,987.233000,-0.568043,00:16:27.233,2857729216
988.812490,988.266000,-0.546490,00:16:28.266,2858489398
989.826709,989.266000,-0.560709,00:16:29.266,2859228180
990.828469,990.266000,-0.562469,00:16:30.266,2859940441
991.843496,991.299000,-0.544496,00:16:31.299,2860734724
992.857687,992.299000,-0.558687,00:16:32.299,2861495202
993.873038,993.299000,-0.574038,00:16:33.299,2862270638
994.888237,994.333000,-0.555237,00:16:34.333,2863069900
995.903305,995.333000,-0.570305,00:16:35.333,2863890751
996.918249,996.366000,-0.552249,00:16:36.366,2864735068
997.923449,997.366000,-0.557449,00:16:37.366,2865498993
998.936366,998.366000,-0.570366,00:16:38.366,2866269890
999.938839,999.366000,-0.572839,00:16:39.366,2867024596
1000.940483,1000.366000,-0.574483,00:16:40.366,2867774421
1001.945854,1001.399000,-0.546854,00:16:41.399,2868530389
1002.951473,1002.399000,-0.552473,00:16:42.399,2869300086
1003.966913,1003.399000,-0.567913,00:16:43.399,2870157710
1004.972009,1004.399000,-0.573009,00:16:44.399,2870978402
1005.979092,1005.433000,-0.546092,00:16:45.433,2871774512
1006.982037,1006.433000,-0.549037,00:16:46.433,2872528166
1007.985373,1007.433000,-0.552373,00:16:47.433,2873281324
1008.988278,1008.433000,-0.555278,00:16:48.433,2873978388
1009.997310,1009.433000,-0.564310,00:16:49.433,2874747778
1011.002701,1010.433000,-0.569701,00:16:50.433,2875558305
1012.010421,1011.466000,-0.544421,00:16:51.466,2876484497
1013.013155,1012.466000,-0.547155,00:16:52.466,2877420498
1014.016375,1013.466000,-0.550375,00:16:53.466,2878297842
1015.023449,1014.466000,-0.557449,00:16:54.466,2879184061
1016.029226,1015.466000,-0.563226,00:16:55.466,2880021670
1017.030385,1016.466000,-0.564385,00:16:56.466,2880814010
1018.038354,1017.466000,-0.572354,00:16:57.466,2881603283
1019.047364,1018.499000,-0.548364,00:16:58.499,2882425018
1020.054320,1019.499000,-0.555320,00:16:59.499,2883254367
1021.064744,1020.499000,-0.565744,00:17:00.499,2884206630
1022.070914,1021.499000,-0.571914,00:17:01.499,2885032190
1023.079562,1022.533000,-0.546562,00:17:02.533,2885836771
1024.083782,1023.533000,-0.550782,00:17:03.533,2886613184
1025.092048,1024.533000,-0.559048,00:17:04.533,2887385267
1026.095625,1025.533000,-0.562625,00:17:05.533,2888141092
1027.104957,1026.533000,-0.571957,00:17:06.533,2888951257
1028.110255,1027.566000,-0.544255,00:17:07.566,2889863442
1029.119354,1028.566000,-0.553354,00:17:08.566,2890709665
1030.123111,1029.566000,-0.557111,00:17:09.566,2891450505
1031.129062,1030.566000,-0.563062,00:17:10.566,2892194788
1032.145418,1031.599000,-0.546418,00:17:11.599,2892984726
1033.146570,1032.599000,-0.547570,00:17:12.599,2893753406
1034.154345,1033.599000,-0.555345,00:17:13.599,2894531668
1035.159305,1034.599000,-0.560305,00:17:14.599,2895291863
1036.161357,1035.599000,-0.562357,00:17:15.599,2896049735
1037.167100,1036.599000,-0.568100,00:17:16.599,2896868689
1038.181177,1037.633000,-0.548177,00:17:17.633,2897661333
1039.187440,1038.633000,-0.554440,00:17:18.633,2898440584
1040.200016,1039.633000,-0.567016,00:17:19.633,2899223125
1041.215813,1040.666000,-0.549813,00:17:20.666,2900022169
1042.221383,1041.666000,-0.555383,00:17:21.666,2900820136
1043.230183,1042.666000,-0.564183,00:17:22.666,2901594138
1044.233525,1043.666000,-0.567525,00:17:23.666,2902320851
1045.248049,1044.699000,-0.549049,00:17:24.699,2903093505
1046.250030,1045.699000,-0.551030,00:17:25.699,2903898517
1047.255752,1046.699000,-0.556752,00:17:26.699,2904656276
1048.258416,1047.699000,-0.559416,00:17:27.699,2905438127
1049.261756,1048.699000,-0.562756,00:17:28.699,2906232165
1050.264760,1049.699000,-0.565760,00:17:29.699,2907030440
1051.267265,1050.699000,-0.568265,00:17:30.699,2907841371
1052.277874,1051.733000,-0.544874,00:17:31.733,2908714389
1053.279612,1052.733000,-0.546612,00:17:32.733,2909612966
1054.281070,1053.733000,-0.548070,00:17:33.733,2910529676
1055.285367,1054.733000,-0.552367,00:17:34.733,2911387695
1056.296966,1055.733000,-0.563966,00:17:35.733,2912178776
1057.312831,1056.766000,-0.546831,00:17:36.766,2912976924
1058.323528,1057.766000,-0.557528,00:17:37.766,2913764798
1059.326881,1058.766000,-0.560881,00:17:38.766,2914571968
1060.333437,1059.766000,-0.567437,00:17:39.766,2915335893
1061.336112,1060.766000,-0.570112,00:17:40.766,2916146942
1062.338370,1061.766000,-0.572370,00:17:41.766,2917005641
1063.340905,1062.766000,-0.574905,00:17:42.766,2917806173
1064.342031,1063.799000,-0.543031,00:17:43.799,2918651510
1065.350216,1064.799000,-0.551216,00:17:44.799,2919531416
1066.356358,1065.799000,-0.557358,00:17:45.799,2920422149
1067.357868,1066.799000,-0.558868,00:17:46.799,2921295415
1068.374601,1067.833000,-0.541601,00:17:47.833,2922138333
1069.376541,1068.833000,-0.543541,00:17:48.833,2922952233
1070.393382,1069.833000,-0.560382,00:17:49.833,2923792974
1071.400519,1070.833000,-0.567519,00:17:50.833,2924625103
1072.406402,1071.833000,-0.573402,00:17:51.833,2925451175
1073.413605,1072.866000,-0.547605,00:17:52.866,2926306498
1074.429441,1073.866000,-0.563441,00:17:53.866,2927167890
1075.440063,1074.866000,-0.574063,00:17:54.866,2928011459
1076.441987,1075.866000,-0.575987,00:17:55.866,2928820140
1077.448705,1076.899000,-0.549705,00:17:56.899,2929620880
1078.456324,1077.899000,-0.557324,00:17:57.899,2930407038
1079.466417,1078.899000,-0.567417,00:17:58.899,2931226084
1080.471869,1079.899000,-0.572869,00:17:59.899,2931977673
1081.484822,1080.933000,-0.551822,00:18:00.933,2932729695
1082.499250,1081.933000,-0.566250,00:18:01.933,2933460670
1083.507250,1082.933000,-0.574250,00:18:02.933,2934271261
1084.511982,1083.966000,-0.545982,00:18:03.966,2935097719
1085.527884,1084.966000,-0.561884,00:18:04.966,2935865330
1086.538018,1085.966000,-0.572018,00:18:05.966,2936628792
1087.550053,1086.999000,-0.551053,00:18:06.999,2937466738
1088.558506,1087.999000,-0.559506,00:18:07.999,2938297771
1089.571133,1088.999000,-0.572133,00:18:08.999,2939129160
1090.578032,1090.033000,-0.545032,00:18:10.033,2939977561
1091.592917,1091.033000,-0.559917,00:18:11.033,2940809589
1092.603883,1092.033000,-0.570883,00:18:12.033,2941591545
1093.614347,1093.066000,-0.548347,00:18:13.066,2942396574
1094.625945,1094.066000,-0.559945,00:18:14.066,2943215438
1095.637769,1095.066000,-0.571769,00:18:15.066,2944085994
1096.640735,1096.099000,-0.541735,00:18:16.099,2944914094
1097.653264,1097.099000,-0.554264,00:18:17.099,2945692963
1098.666361,1098.099000,-0.567361,00:18:18.099,2946504423
1099.673095,1099.099000,-0.574095,00:18:19.099,2947357737
1100.687043,1100.133000,-0.554043,00:18:20.133,2948249303
1101.693230,1101.133000,-0.560230,00:18:21.133,2949137451
1102.698091,1102.133000,-0.565091,00:18:22.133,2950048818
1103.704622,1103.133000,-0.571622,00:18:23.133,2950920481
1104.712893,1104.166000,-0.546893,00:18:24.166,2951748786
1105.729077,1105.166000,-0.563077,00:18:25.166,2952511901
1106.734766,1106.166000,-0.568766,00:18:26.166,2953340617
1107.744620,1107.199000,-0.545620,00:18:27.199,2954251225
1108.752820,1108.199000,-0.553820,00:18:28.199,2955130192
1109.755708,1109.199000,-0.556708,00:18:29.199,2956038770
1110.760150,1110.199000,-0.561150,00:18:30.199,2956957965
1111.763181,1111.199000,-0.564181,00:18:31.199,2957816063
1112.768899,1112.199000,-0.569899,00:18:32.199,2958725489
1113.774558,1113.199000,-0.575558,00:18:33.199,2959578114
1114.790268,1114.233000,-0.557268,00:18:34.233,2960439491
1115.803879,1115.233000,-0.570879,00:18:35.233,2961236023
1116.807878,1116.233000,-0.574878,00:18:36.233,2962034033
1117.812970,1117.266000,-0.546970,00:18:37.266,2962851665
1118.826422,1118.266000,-0.560422,00:18:38.266,2963627192
1119.829032,1119.266000,-0.563032,00:18:39.266,2964414219
1120.841626,1120.266000,-0.575626,00:18:40.266,2965248462
1121.844868,1121.299000,-0.545868,00:18:41.299,2966062701
1122.857983,1122.299000,-0.558983,00:18:42.299,2966900055
1123.861673,1123.299000,-0.562673,00:18:43.299,2967826577
1124.870344,1124.299000,-0.571344,00:18:44.299,2968763936
1125.873278,1125.299000,-0.574278,00:18:45.299,2969679788
1126.877297,1126.333000,-0.544297,00:18:46.333,2970643122
1127.878540,1127.333000,-0.545540,00:18:47.333,2971530192
1128.880256,1128.333000,-0.547256,00:18:48.333,2972460852
1129.881905,1129.333000,-0.548905,00:18:49.333,2973415530
1130.885806,1130.333000,-0.552806,00:18:50.333,2974413798
1131.886874,1131.333000,-0.553874,00:18:51.333,2975383787
1132.890048,1132.333000,-0.557048,00:18:52.333,2976351755
1133.906009,1133.333000,-0.573009,00:18:53.333,2977306216
1134.921640,1134.366000,-0.555640,00:18:54.366,2978287933
1135.925444,1135.366000,-0.559444,00:18:55.366,2979164094
1136.940230,1136.366000,-0.574230,00:18:56.366,2980023122
1137.946511,1137.399000,-0.547511,00:18:57.399,2980994985
1138.953395,1138.399000,-0.554395,00:18:58.399,2981895809
1139.960623,1139.399000,-0.561623,00:18:59.399,2982719749
1140.971413,1140.399000,-0.572413,00:19:00.399,2983531517
1141.972613,1141.399000,-0.573613,00:19:01.399,2984348095
1142.979684,1142.433000,-0.546684,00:19:02.433,2985212159
1143.986235,1143.433000,-0.553235,00:19:03.433,2986073614
1144.993332,1144.433000,-0.560332,00:19:04.433,2986940812
1146.004646,1145.433000,-0.571646,00:19:05.433,2987826890
1147.012064,1146.466000,-0.546064,00:19:06.466,2988681458
1148.020131,1147.466000,-0.554131,00:19:07.466,2989549968
1149.030047,1148.466000,-0.564047,00:19:08.466,2990492411
1150.033235,1149.466000,-0.567235,00:19:09.466,2991421058
1151.042319,1150.499000,-0.543319,00:19:10.499,2992336270
1152.054580,1151.499000,-0.555580,00:19:11.499,2993240883
1153.061577,1152.499000,-0.562577,00:19:12.499,2994123304
1154.072161,1153.499000,-0.573161,00:19:13.499,2995009804
1155.079995,1154.533000,-0.546995,00:19:14.533,2995892615
1156.090910,1155.533000,-0.557910,00:19:15.533,2996707795
1157.097674,1156.533000,-0.564674,00:19:16.533,2997547073
1158.104783,1157.533000,-0.571783,00:19:17.533,2998382564
1159.115035,1158.566000,-0.549035,00:19:18.566,2999200311
1160.123653,1159.566000,-0.557653,00:19:19.566,3000083778
1161.133904,1160.566000,-0.567904,00:19:20.566,3000989180
1162.141276,1161.566000,-0.575276,00:19:21.566,3001920149
1163.151995,1162.599000,-0.552995,00:19:22.599,3002856680
1164.161732,1163.599000,-0.562732,00:19:23.599,3003743047
1165.169801,1164.599000,-0.570801,00:19:24.599,3004612516
1166.175868,1165.633000,-0.542868,00:19:25.633,3005501474
1167.181329,1166.633000,-0.548329,00:19:26.633,3006342122
1168.188857,1167.633000,-0.555857,00:19:27.633,3007183485
1169.194912,1168.633000,-0.561912,00:19:28.633,3008034120
1170.200176,1169.633000,-0.567176,00:19:29.633,3008869657
1171.202229,1170.633000,-0.569229,00:19:30.633,3009734610
1172.208041,1171.633000,-0.575041,00:19:31.633,3010562463
1173.213260,1172.666000,-0.547260,00:19:32.666,3011371467
1174.214950,1173.666000,-0.548950,00:19:33.666,3012201254
1175.216450,1174.666000,-0.550450,00:19:34.666,3013063428
1176.219343,1175.666000,-0.553343,00:19:35.666,3013979165
1177.223599,1176.666000,-0.557599,00:19:36.666,3014844005
1178.226778,1177.666000,-0.560778,00:19:37.666,3015703482
1179.242953,1178.699000,-0.543953,00:19:38.699,3016640447
1180.257858,1179.699000,-0.558858,00:19:39.699,3017454328
1181.271983,1180.699000,-0.572983,00:19:40.699,3018227572
1182.273628,1181.699000,-0.574628,00:19:41.699,3019016540
1183.279426,1182.733000,-0.546426,00:19:42.733,3019910345
1184.281500,1183.733000,-0.548500,00:19:43.733,3020826915
1185.295883,1184.733000,-0.562883,00:19:44.733,3021697520
1186.297430,1185.733000,-0.564430,00:19:45.733,3022481905
1187.299679,1186.733000,-0.566679,00:19:46.733,3023314221
1188.314471,1187.766000,-0.548471,00:19:47.766,3024101055
1189.315906,1188.766000,-0.549906,00:19:48.766,3024893695
1190.329993,1189.766000,-0.563993,00:19:49.766,3025760185
1191.330886,1190.766000,-0.564886,00:19:50.766,3026633317
1192.332310,1191.766000,-0.566310,00:19:51.766,3027459079
1193.335848,1192.766000,-0.569848,00:19:52.766,3028216555
1194.351407,1193.799000,-0.552407,00:19:53.799,3028980544
1195.352795,1194.799000,-0.553795,00:19:54.799,3029736084
1196.354264,1195.799000,-0.555264,00:19:55.799,3030585095
1197.358688,1196.799000,-0.559688,00:19:56.799,3031472990
1198.360581,1197.799000,-0.561581,00:19:57.799,3032283940
1199.364158,1198.799000,-0.565158,00:19:58.799,3033198791
1200.379649,1199.833000,-0.546649,00:19:59.833,3034087341
1201.394526,1200.833000,-0.561526,00:20:00.833,3034848784
1202.407986,1201.833000,-0.574986,00:20:01.833,3035617465
1203.412682,1202.866000,-0.546682,00:20:02.866,3036409471
1204.426261,1203.866000,-0.560261,00:20:03.866,3037302805
1205.429907,1204.866000,-0.563907,00:20:04.866,3038169068
1206.445294,1205.899000,-0.546294,00:20:05.899,3039045728
1207.449542,1206.899000,-0.550542,00:20:06.899,3039829145
1208.452853,1207.899000,-0.553853,00:20:07.899,3040624022
1209.458004,1208.899000,-0.559004,00:20:08.899,3041430841
1210.472454,1209.899000,-0.573454,00:20:09.899,3042271563
1211.473983,1210.899000,-0.574983,00:20:10.899,3043157624
1212.475303,1211.899000,-0.576303,00:20:11.899,3044065809
1213.481522,1212.933000,-0.548522,00:20:12.933,3044842588
1214.487441,1213.933000,-0.554441,00:20:13.933,3045601769
1215.489514,1214.933000,-0.556514,00:20:14.933,3046443460
1216.497657,1215.933000,-0.564657,00:20:15.933,3047271433
1217.510670,1216.966000,-0.544670,00:20:16.966,3048113100
1218.514366,1217.966000,-0.548366,00:20:17.966,3048908215
1219.520486,1218.966000,-0.554486,00:20:18.966,3049698000
1220.534879,1219.966000,-0.568879,00:20:19.966,3050529907
1221.548837,1220.999000,-0.549837,00:20:20.999,3051323327
1222.562618,1221.999000,-0.563618,00:20:21.999,3052037276
1223.565623,1222.999000,-0.566623,00:20:22.999,3052781797
1224.580298,1224.033000,-0.547298,00:20:24.033,3053568418
1225.591378,1225.033000,-0.558378,00:20:25.033,3054344834
1226.607780,1226.033000,-0.574780,00:20:26.033,3055151755
1227.623132,1227.066000,-0.557132,00:20:27.066,3055994531
1228.625480,1228.066000,-0.559480,00:20:28.066,3056866806
1229.640523,1229.066000,-0.574523,00:20:29.066,3057776844
1230.642416,1230.099000,-0.543416,00:20:30.099,3058591124
1231.656152,1231.099000,-0.557152,00:20:31.099,3059372330
1232.670939,1232.099000,-0.571939,00:20:32.099,3060161211
1233.673895,1233.099000,-0.574895,00:20:33.099,3060984874
1234.686297,1234.133000,-0.553297,00:20:34.133,3061855957
1235.687713,1235.133000,-0.554713,00:20:35.133,3062699024
1236.692568,1236.133000,-0.559568,00:20:36.133,3063598199
1237.705523,1237.133000,-0.572523,00:20:37.133,3064541141
1238.713866,1238.166000,-0.547866,00:20:38.166,3065603717
1239.728622,1239.166000,-0.562622,00:20:39.166,3066684494
1240.730762,1240.166000,-0.564762,00:20:40.166,3067695710
1241.746651,1241.199000,-0.547651,00:20:41.199,3068718157
1242.758915,1242.199000,-0.559915,00:20:42.199,3069744111
1243.773643,1243.199000,-0.574643,00:20:43.199,3070790966
1244.774726,1244.199000,-0.575726,00:20:44.199,3071864583
1245.787768,1245.233000,-0.554768,00:20:45.233,3073022467
1246.801833,1246.233000,-0.568833,00:20:46.233,3074040576
1247.811659,1247.266000,-0.545659,00:20:47.266,3074969336
1248.816067,1248.266000,-0.550067,00:20:48.266,3075933442
1249.831418,1249.266000,-0.565418,00:20:49.266,3076956917
1250.846652,1250.299000,-0.547652,00:20:50.299,3078075303
1251.860658,1251.299000,-0.561658,00:20:51.299,3079159703
1252.873706,1252.299000,-0.574706,00:20:52.299,3080260738
1253.875666,1253.299000,-0.576666,00:20:53.299,3081393148
1254.887490,1254.333000,-0.554490,00:20:54.333,3082522254
1255.900941,1255.333000,-0.567941,00:20:55.333,3083622965
1256.913384,1256.366000,-0.547384,00:20:56.366,3084816755
1257.915286,1257.366000,-0.549286,00:20:57.366,3085964824
1258.920849,1258.366000,-0.554849,00:20:58.366,3087098319
1259.924774,1259.366000,-0.558774,00:20:59.366,3088259396
1260.940057,1260.366000,-0.574057,00:21:00.366,3089417067
1261.943439,1261.399000,-0.544439,00:21:01.399,3090622002
1262.944699,1262.399000,-0.545699,00:21:02.399,3091837176
1263.950784,1263.399000,-0.551784,00:21:03.399,3092951739
1264.966829,1264.399000,-0.567829,00:21:04.399,3093957284
1265.973184,1265.399000,-0.574184,00:21:05.399,3094805166
1266.974299,1266.399000,-0.575299,00:21:06.399,3095609994
1267.984416,1267.433000,-0.551416,00:21:07.433,3096464520
1269.000835,1268.433000,-0.567835,00:21:08.433,3097316462
1270.003229,1269.433000,-0.570229,00:21:09.433,3098187904
1271.017565,1270.466000,-0.551565,00:21:10.466,3099007854
1272.018809,1271.466000,-0.552809,00:21:11.466,3099746560
1273.031476,1272.466000,-0.565476,00:21:12.466,3100556107
1274.032796,1273.466000,-0.566796,00:21:13.466,3101362916
1275.036655,1274.466000,-0.570655,00:21:14.466,3102125967
1276.044766,1275.499000,-0.545766,00:21:15.499,3102886423
1277.060627,1276.499000,-0.561627,00:21:16.499,3103636758
1278.067082,1277.499000,-0.568082,00:21:17.499,3104439071
1279.082801,1278.533000,-0.549801,00:21:18.533,3105392732
1280.094362,1279.533000,-0.561362,00:21:19.533,3106282937
1281.101732,1280.533000,-0.568732,00:21:20.533,3107161188
1282.106509,1281.533000,-0.573509,00:21:21.533,3108046999
1283.108931,1282.533000,-0.575931,00:21:22.533,3108903070
1284.112958,1283.566000,-0.546958,00:21:23.566,3109799576
1285.118780,1284.566000,-0.552780,00:21:24.566,3110665966
1286.123494,1285.566000,-0.557494,00:21:25.566,3111558238
1287.128103,1286.566000,-0.562103,00:21:26.566,3112479680
1288.131447,1287.566000,-0.565447,00:21:27.566,3113312533
1289.140851,1288.566000,-0.574851,00:21:28.566,3114085609
1290.144560,1289.599000,-0.545560,00:21:29.599,3114956854
1291.159427,1290.599000,-0.560427,00:21:30.599,3115814571
1292.175009,1291.633000,-0.542009,00:21:31.633,3116683653
1293.182628,1292.633000,-0.549628,00:21:32.633,3117554674
1294.192962,1293.633000,-0.559962,00:21:33.633,3118420401
1295.201827,1294.633000,-0.568827,00:21:34.633,3119329404
1296.214988,1295.666000,-0.548988,00:21:35.666,3120325011
1297.220801,1296.666000,-0.554801,00:21:36.666,3121259219
1298.223066,1297.666000,-0.557066,00:21:37.666,3122180812
1299.228805,1298.666000,-0.562805,00:21:38.666,3123098183
1300.235634,1299.666000,-0.569634,00:21:39.666,3123993337
1301.239500,1300.666000,-0.573500,00:21:40.666,3124914183
1302.244428,1301.699000,-0.545428,00:21:41.699,3125835514
1303.250439,1302.699000,-0.551439,00:21:42.699,3126781415
1304.251479,1303.699000,-0.552479,00:21:43.699,3127755417
1305.267450,1304.699000,-0.568450,00:21:44.699,3128673780
1306.270298,1305.699000,-0.571298,00:21:45.699,3129547874
1307.277578,1306.733000,-0.544578,00:21:46.733,3130418797
1308.280710,1307.733000,-0.547710,00:21:47.733,3131233692
1309.292925,1308.733000,-0.559925,00:21:48.733,3132045653
1310.297836,1309.733000,-0.564836,00:21:49.733,3132861765
1311.307634,1310.733000,-0.574634,00:21:50.733,3133677993
1312.313148,1311.766000,-0.547148,00:21:51.766,3134595652
1313.316829,1312.766000,-0.550829,00:21:52.766,3135446674
1314.321462,1313.766000,-0.555462,00:21:53.766,3136339272
1315.327899,1314.766000,-0.561899,00:21:54.766,3137248836
1316.336431,1315.766000,-0.570431,00:21:55.766,3138196933
1317.342641,1316.799000,-0.543641,00:21:56.799,3139167930
1318.345765,1317.799000,-0.546765,00:21:57.799,3140056250
1319.353351,1318.799000,-0.554351,00:21:58.799,3140938152
1320.355480,1319.799000,-0.556480,00:21:59.799,3141796044
1321.365625,1320.799000,-0.566625,00:22:00.799,3142705898
1322.371883,1321.799000,-0.572883,00:22:01.799,3143557330
1323.380967,1322.833000,-0.547967,00:22:02.833,3144431651
1324.395672,1323.833000,-0.562672,00:22:03.833,3145317410
1325.410908,1324.866000,-0.544908,00:22:04.866,3146257141
1326.425663,1325.866000,-0.559663,00:22:05.866,3147184946
1327.432488,1326.866000,-0.566488,00:22:06.866,3148124066
1328.434653,1327.866000,-0.568653,00:22:07.866,3149049128
1329.438335,1328.866000,-0.572335,00:22:08.866,3150053761
1330.441402,1329.866000,-0.575402,00:22:09.866,3151025400
1331.444878,1330.899000,-0.545878,00:22:10.899,3151984763
1332.446755,1331.899000,-0.547755,00:22:11.899,3152831727
1333.448909,1332.899000,-0.549909,00:22:12.899,3153706907
1334.456223,1333.899000,-0.557223,00:22:13.899,3154597182
1335.471615,1334.899000,-0.572615,00:22:14.899,3155473466
1336.478429,1335.933000,-0.545429,00:22:15.933,3156383181
1337.479636,1336.933000,-0.546636,00:22:16.933,3157268750
1338.495601,1337.933000,-0.562601,00:22:17.933,3158125294
1339.502289,1338.933000,-0.569289,00:22:18.933,3158984186
1340.517501,1339.966000,-0.551501,00:22:19.966,3159911387
1341.523266,1340.966000,-0.557266,00:22:20.966,3160773587
1342.532447,1341.966000,-0.566447,00:22:21.966,3161595553
1343.540840,1342.966000,-0.574840,00:22:22.966,3162384613
1344.547648,1343.999000,-0.548648,00:22:23.999,3163222577
1345.551935,1344.999000,-0.552935,00:22:24.999,3164132215
1346.554741,1345.999000,-0.555741,00:22:25.999,3164968364
1347.562112,1346.999000,-0.563112,00:22:26.999,3165829728
1348.564246,1347.999000,-0.565246,00:22:27.999,3166706360
1349.573352,1348.999000,-0.574352,00:22:28.999,3167611986
1350.579872,1350.033000,-0.546872,00:22:30.033,3168442643
1351.583053,1351.033000,-0.550053,00:22:31.033,3169235812
1352.590736,1352.033000,-0.557736,00:22:32.033,3170029314
1353.597497,1353.033000,-0.564497,00:22:33.033,3170874335
1354.604431,1354.033000,-0.571431,00:22:34.033,3171752551
1355.609769,1355.066000,-0.543769,00:22:35.066,3172613709
1356.614308,1356.066000,-0.548308,00:22:36.066,3173496908
1357.618252,1357.066000,-0.552252,00:22:37.066,3174423721
1358.621974,1358.066000,-0.555974,00:22:38.066,3175339918
1359.624850,1359.066000,-0.558850,00:22:39.066,3176214678
1360.630931,1360.066000,-0.564931,00:22:40.066,3177021519
1361.647546,1361.099000,-0.548546,00:22:41.099,3177779627
1362.664871,1362.099000,-0.565871,00:22:42.099,3178599916
1363.680715,1363.133000,-0.547715,00:22:43.133,3179406736
1364.688593,1364.133000,-0.555593,00:22:44.133,3180218474
1365.703066,1365.133000,-0.570066,00:22:45.133,3180989796
1366.705400,1366.133000,-0.572400,00:22:46.133,3181771429
1367.720579,1367.166000,-0.554579,00:22:47.166,3182488719
1368.729832,1368.166000,-0.563832,00:22:48.166,3183262149
1369.731892,1369.166000,-0.565892,00:22:49.166,3184057982
1370.733445,1370.166000,-0.567445,00:22:50.166,3184831898
1371.737827,1371.166000,-0.571827,00:22:51.166,3185640726
1372.751953,1372.199000,-0.552953,00:22:52.199,3186634053
1373.755261,1373.199000,-0.556261,00:22:53.199,3187508200
1374.756148,1374.199000,-0.557148,00:22:54.199,3188371155
1375.758664,1375.199000,-0.559664,00:22:55.199,3189260529
1376.762145,1376.199000,-0.563145,00:22:56.199,3190098675
1377.778314,1377.233000,-0.545314,00:22:57.233,3190976770
1378.781702,1378.233000,-0.548702,00:22:58.233,3191792250
1379.782835,1379.233000,-0.549835,00:22:59.233,3192550880
1380.795595,1380.233000,-0.562595,00:23:00.233,3193428640
1381.811720,1381.266000,-0.545720,00:23:01.266,3194253004
1382.826694,1382.266000,-0.560694,00:23:02.266,3194928971
1383.829877,1383.266000,-0.563877,00:23:03.266,3195616049
1384.844314,1384.299000,-0.545314,00:23:04.299,3196363688
1385.859438,1385.299000,-0.560438,00:23:05.299,3197154193
1386.864623,1386.299000,-0.565623,00:23:06.299,3197990854
1387.879035,1387.333000,-0.546035,00:23:07.333,3198913717
1388.894777,1388.333000,-0.561777,00:23:08.333,3199698066
1389.909699,1389.366000,-0.543699,00:23:09.366,3200525944
1390.913162,1390.366000,-0.547162,00:23:10.366,3201429465
1391.928598,1391.366000,-0.562598,00:23:11.366,3202327032
1392.933192,1392.366000,-0.567192,00:23:12.366,3203123209
1393.936857,1393.366000,-0.570857,00:23:13.366,3203922135
1394.941504,1394.366000,-0.575504,00:23:14.366,3204672162
1395.948919,1395.399000,-0.549919,00:23:15.399,3205426775
1396.951088,1396.399000,-0.552088,00:23:16.399,3206118416
1397.952607,1397.399000,-0.553607,00:23:17.399,3206889048
1398.956195,1398.399000,-0.557195,00:23:18.399,3207653630
1399.961394,1399.399000,-0.562394,00:23:19.399,3208449972
1400.965762,1400.399000,-0.566762,00:23:20.399,3209225625
1401.976365,1401.433000,-0.543365,00:23:21.433,3210016145
1402.977753,1402.433000,-0.544753,00:23:22.433,3210808154
1403.980407,1403.433000,-0.547407,00:23:23.433,3211710025
1404.996712,1404.433000,-0.563712,00:23:24.433,3212518541
1406.003656,1405.433000,-0.570656,00:23:25.433,3213359637
1407.012999,1406.466000,-0.546999,00:23:26.466,3214253595
1408.017751,1407.466000,-0.551751,00:23:27.466,3215113669
1409.026762,1408.466000,-0.560762,00:23:28.466,3216020031
1410.032185,1409.466000,-0.566185,00:23:29.466,3216981239
1411.038157,1410.466000,-0.572157,00:23:30.466,3217883940
1412.044437,1411.499000,-0.545437,00:23:31.499,3218786864
1413.048342,1412.499000,-0.549342,00:23:32.499,3219714588
1414.052052,1413.499000,-0.553052,00:23:33.499,3220588790
1415.054835,1414.499000,-0.555835,00:23:34.499,3221421489
1416.058683,1415.499000,-0.559683,00:23:35.499,3222266539
1417.066586,1416.499000,-0.567586,00:23:36.499,3223101468
1418.071980,1417.499000,-0.572980,00:23:37.499,3223960559
1419.073414,1418.499000,-0.574414,00:23:38.499,3224826928
1420.077736,1419.533000,-0.544736,00:23:39.533,3225696384
1421.079664,1420.533000,-0.546664,00:23:40.533,3226553007
1422.086731,1421.533000,-0.553731,00:23:41.533,3227356604
1423.088816,1422.533000,-0.555816,00:23:42.533,3228174966
1424.091151,1423.533000,-0.558151,00:23:43.533,3228988411
1425.092450,1424.533000,-0.559450,00:23:44.533,3229801589
1426.108602,1425.566000,-0.542602,00:23:45.566,3230627514
1427.112678,1426.566000,-0.546678,00:23:46.566,3231422141
1428.127597,1427.566000,-0.561597,00:23:47.566,3232227779
1429.133049,1428.566000,-0.567049,00:23:48.566,3233094037
1430.138529,1429.566000,-0.572529,00:23:49.566,3233899969
1431.140660,1430.566000,-0.574660,00:23:50.566,3234659399
1432.143453,1431.599000,-0.544453,00:23:51.599,3235457419
1433.158681,1432.599000,-0.559681,00:23:52.599,3236264264
1434.160840,1433.599000,-0.561840,00:23:53.599,3237086959
1435.164573,1434.599000,-0.565573,00:23:54.599,3237934738
1436.166407,1435.599000,-0.567407,00:23:55.599,3238787520
1437.172480,1436.599000,-0.573480,00:23:56.599,3239733875
1438.176756,1437.633000,-0.543756,00:23:57.633,3240677593
1439.178695,1438.633000,-0.545695,00:23:58.633,3241605327
1440.184546,1439.633000,-0.551546,00:23:59.633,3242451031
1441.199518,1440.633000,-0.566518,00:24:00.633,3243288547
1442.214783,1441.666000,-0.548783,00:24:01.666,3244120313
1443.217612,1442.666000,-0.551612,00:24:02.666,3244917245
1444.221289,1443.666000,-0.555289,00:24:03.666,3245755742
1445.234983,1444.666000,-0.568983,00:24:04.666,3246542541
1446.236489,1445.666000,-0.570489,00:24:05.666,3247250860
1447.242094,1446.699000,-0.543094,00:24:06.699,3248010818
1448.246043,1447.699000,-0.547043,00:24:07.699,3248648735
1449.248698,1448.699000,-0.549698,00:24:08.699,3249396222
1450.262674,1449.699000,-0.563674,00:24:09.699,3250088367
1451.274485,1450.699000,-0.575485,00:24:10.699,3250819783
1452.290750,1451.733000,-0.557750,00:24:11.733,3251577419
1453.294550,1452.733000,-0.561550,00:24:12.733,3252312924
1454.298668,1453.733000,-0.565668,00:24:13.733,3253127814
1455.300431,1454.733000,-0.567431,00:24:14.733,3253879155
1456.304971,1455.733000,-0.571971,00:24:15.733,3254526151
1457.310123,1456.766000,-0.544123,00:24:16.766,3255236562
1458.311728,1457.766000,-0.545728,00:24:17.766,3255910793
1459.327792,1458.766000,-0.561792,00:24:18.766,3256581618
1460.332408,1459.766000,-0.566408,00:24:19.766,3257328639
1461.337456,1460.766000,-0.571456,00:24:20.766,3258138167
1462.351286,1461.799000,-0.552286,00:24:21.799,3258978518
1463.366241,1462.799000,-0.567241,00:24:22.799,3259643296
1464.370358,1463.799000,-0.571358,00:24:23.799,3260365413
1465.372516,1464.799000,-0.573516,00:24:24.799,3261213475
1466.378280,1465.833000,-0.545280,00:24:25.833,3262037263
1467.380357,1466.833000,-0.547357,00:24:26.833,3262805986
1468.395435,1467.833000,-0.562435,00:24:27.833,3263549972
1469.411269,1468.866000,-0.545269,00:24:28.866,3264337413
1470.425536,1469.866000,-0.559536,00:24:29.866,3265164983
1471.427107,1470.866000,-0.561107,00:24:30.866,3265845026
1472.443203,1471.899000,-0.544203,00:24:31.899,3266606585
1473.458539,1472.899000,-0.559539,00:24:32.899,3267366463
1474.461506,1473.899000,-0.562506,00:24:33.899,3268062454
1475.475726,1474.933000,-0.542726,00:24:34.933,3268798800
1476.491140,1475.933000,-0.558140,00:24:35.933,3269458272
1477.496686,1476.933000,-0.563686,00:24:36.933,3270165672
1478.497994,1477.933000,-0.564994,00:24:37.933,3270890094
1479.511123,1478.966000,-0.545123,00:24:38.966,3271722955
1480.526511,1479.966000,-0.560511,00:24:39.966,3272443718
1481.540967,1480.966000,-0.574967,00:24:40.966,3273153047
1482.555666,1481.999000,-0.556666,00:24:41.999,3273915011
1483.571674,1482.999000,-0.572674,00:24:42.999,3274650648
1484.585344,1484.033000,-0.552344,00:24:44.033,3275465053
1485.587476,1485.033000,-0.554476,00:24:45.033,3276156139
1486.600803,1486.033000,-0.567803,00:24:46.033,3276800378
1487.616980,1487.066000,-0.550980,00:24:47.066,3277523730
1488.628541,1488.066000,-0.562541,00:24:48.066,3278211407
1489.630424,1489.066000,-0.564424,00:24:49.066,3278901507
1490.646776,1490.099000,-0.547776,00:24:50.099,3279629668
1491.662964,1491.099000,-0.563964,00:24:51.099,3280348827
1492.677521,1492.133000,-0.544521,00:24:52.133,3281055663
1493.691187,1493.133000,-0.558187,00:24:53.133,3281759241
1494.703219,1494.133000,-0.570219,00:24:54.133,3282451874
1495.716759,1495.166000,-0.550759,00:24:55.166,3283197607
1496.731041,1496.166000,-0.565041,00:24:56.166,3283845947
1497.742904,1497.199000,-0.543904,00:24:57.199,3284597381
1498.757581,1498.199000,-0.558581,00:24:58.199,3285374786
1499.773427,1499.199000,-0.574427,00:24:59.199,3286212745
1500.786647,1500.233000,-0.553647,00:25:00.233,3287148120
1501.801230,1501.233000,-0.568230,00:25:01.233,3288076122
1502.815545,1502.266000,-0.549545,00:25:02.266,3289077254
1503.816746,1503.266000,-0.550746,00:25:03.266,3290238861
1504.829836,1504.266000,-0.563836,00:25:04.266,3291233813
1505.844536,1505.299000,-0.545536,00:25:05.299,3292205913
1506.856529,1506.299000,-0.557529,00:25:06.299,3293098874
1507.872123,1507.299000,-0.573123,00:25:07.299,3294062372
1508.886683,1508.333000,-0.553683,00:25:08.333,3295050720
1509.900963,1509.333000,-0.567963,00:25:09.333,3295922540
1510.910364,1510.366000,-0.544364,00:25:10.366,3296898977
1511.926361,1511.366000,-0.560361,00:25:11.366,3297825515
1512.938292,1512.366000,-0.572292,00:25:12.366,3298612044
1513.941714,1513.399000,-0.542714,00:25:13.399,3299328292
1514.955811,1514.399000,-0.556811,00:25:14.399,3300089999
1515.971145,1515.399000,-0.572145,00:25:15.399,3300817326
1516.984840,1516.433000,-0.551840,00:25:16.433,3301581334
1517.987720,1517.433000,-0.554720,00:25:17.433,3302385779
1519.003443,1518.433000,-0.570443,00:25:18.433,3303184539
1520.016869,1519.466000,-0.550869,00:25:19.466,3303995495
1521.019526,1520.466000,-0.553526,00:25:20.466,3304784418
1522.022208,1521.466000,-0.556208,00:25:21.466,3305500936
1523.030473,1522.466000,-0.564473,00:25:22.466,3306196417
1524.033017,1523.466000,-0.567017,00:25:23.466,3306876463
1525.048519,1524.499000,-0.549519,00:25:24.499,3307591139
1526.063617,1525.499000,-0.564617,00:25:25.499,3308360834
1527.078068,1526.533000,-0.545068,00:25:26.533,3309154298
1528.084584,1527.533000,-0.551584,00:25:27.533,3309954864
1529.100353,1528.533000,-0.567353,00:25:28.533,3310716796
1530.107080,1529.533000,-0.574080,00:25:29.533,3311502452
1531.111674,1530.566000,-0.545674,00:25:30.566,3312271372
1532.114718,1531.566000,-0.548718,00:25:31.566,3313110302
1533.129036,1532.566000,-0.563036,00:25:32.566,3313882338
1534.130164,1533.566000,-0.564164,00:25:33.566,3314606529
1535.133067,1534.566000,-0.567067,00:25:34.566,3315367289
1536.149029,1535.599000,-0.550029,00:25:35.599,3316154121
1537.151063,1536.599000,-0.552063,00:25:36.599,3316977671
1538.155527,1537.599000,-0.556527,00:25:37.599,3317774725
1539.158747,1538.599000,-0.559747,00:25:38.599,3318644925
1540.164499,1539.599000,-0.565499,00:25:39.599,3319456115
1541.179076,1540.633000,-0.546076,00:25:40.633,3320342794
1542.184513,1541.633000,-0.551513,00:25:41.633,3321231575
1543.190218,1542.633000,-0.557218,00:25:42.633,3322077653
1544.193111,1543.633000,-0.560111,00:25:43.633,3322955583
1545.196549,1544.633000,-0.563549,00:25:44.633,3323937565
1546.197525,1545.633000,-0.564525,00:25:45.633,3324908369
1547.213175,1546.666000,-0.547175,00:25:46.666,3325767201
1548.215670,1547.666000,-0.549670,00:25:47.666,3326711522
1549.230060,1548.666000,-0.564060,00:25:48.666,3327540527
1550.245802,1549.699000,-0.546802,00:25:49.699,3328454992
1551.260929,1550.699000,-0.561929,00:25:50.699,3329300638
1552.262326,1551.699000,-0.563326,00:25:51.699,3330282824
1553.276477,1552.733000,-0.543477,00:25:52.733,3331184324
1554.289196,1553.733000,-0.556196,00:25:53.733,3332108516
1555.302047,1554.733000,-0.569047,00:25:54.733,3332976501
1556.305671,1555.733000,-0.572671,00:25:55.733,3333918656
1557.318991,1556.766000,-0.552991,00:25:56.766,3334763375
1558.335883,1557.766000,-0.569883,00:25:57.766,3335477004
1559.348969,1558.799000,-0.549969,00:25:58.799,3336260808
1560.360322,1559.799000,-0.561322,00:25:59.799,3336985925
1561.372060,1560.799000,-0.573060,00:26:00.799,3337761660
1562.388992,1561.833000,-0.555992,00:26:01.833,3338602389
1563.403101,1562.833000,-0.570101,00:26:02.833,3339295392
1564.416598,1563.866000,-0.550598,00:26:03.866,3340067551
1565.428749,1564.866000,-0.562749,00:26:04.866,3340874142
1566.443051,1565.899000,-0.544051,00:26:05.899,3341743691
1567.457305,1566.899000,-0.558305,00:26:06.899,3342522880
1568.471678,1567.899000,-0.572678,00:26:07.899,3343242219
1569.485428,1568.933000,-0.552428,00:26:08.933,3344000254
1570.501087,1569.933000,-0.568087,00:26:09.933,3344803212
1571.514604,1570.966000,-0.548604,00:26:10.966,3345475717
1572.527561,1571.966000,-0.561561,00:26:11.966,3346159186
1573.538651,1572.966000,-0.572651,00:26:12.966,3346853900
1574.539755,1573.966000,-0.573755,00:26:13.966,3347562200
1575.554782,1574.999000,-0.555782,00:26:14.999,3348303910
1576.568904,1575.999000,-0.569904,00:26:15.999,3349045694
1577.584744,1577.033000,-0.551744,00:26:17.033,3349837026
1578.597777,1578.033000,-0.564777,00:26:18.033,3350561184
1579.601151,1579.033000,-0.568151,00:26:19.033,3351417495
1580.603546,1580.033000,-0.570546,00:26:20.033,3352247545
1581.604737,1581.033000,-0.571737,00:26:21.033,3353049070
1582.621439,1582.066000,-0.555439,00:26:22.066,3353918318
1583.637260,1583.066000,-0.571260,00:26:23.066,3354807646
1584.640376,1584.066000,-0.574376,00:26:24.066,3355680621
1585.644602,1585.099000,-0.545602,00:26:25.099,3356610986
1586.648425,1586.099000,-0.549425,00:26:26.099,3357398974
1587.650475,1587.099000,-0.551475,00:26:27.099,3358326804
1588.666455,1588.099000,-0.567455,00:26:28.099,3359187828
1589.682695,1589.133000,-0.549695,00:26:29.133,3360133911
1590.685385,1590.133000,-0.552385,00:26:30.133,3361006924
1591.689820,1591.133000,-0.556820,00:26:31.133,3361792867
1592.694449,1592.133000,-0.561449,00:26:32.133,3362554226
1593.697215,1593.133000,-0.564215,00:26:33.133,3363303674
1594.706235,1594.133000,-0.573235,00:26:34.133,3364071802
1595.718142,1595.166000,-0.552142,00:26:35.166,3364993966
1596.724838,1596.166000,-0.558838,00:26:36.166,3365745680
1597.728077,1597.166000,-0.562077,00:26:37.166,3366486256
1598.732273,1598.166000,-0.566273,00:26:38.166,3367218588
1599.736845,1599.166000,-0.570845,00:26:39.166,3367940330
1600.741580,1600.166000,-0.575580,00:26:40.166,3368690840
1601.743206,1601.199000,-0.544206,00:26:41.199,3369413721
1602.747880,1602.199000,-0.548880,00:26:42.199,3370174101
1603.754594,1603.199000,-0.555594,00:26:43.199,3370955254
1604.760075,1604.199000,-0.561075,00:26:44.199,3371689753
1605.764678,1605.199000,-0.565678,00:26:45.199,3372421144
1606.770214,1606.199000,-0.571214,00:26:46.199,3373095667
1607.776657,1607.233000,-0.543657,00:26:47.233,3373841571
1608.784410,1608.233000,-0.551410,00:26:48.233,3374559448
1609.796213,1609.233000,-0.563213,00:26:49.233,3375236522
1610.801987,1610.233000,-0.568987,00:26:50.233,3375950421
1611.812234,1611.266000,-0.546234,00:26:51.266,3376689088
1612.820964,1612.266000,-0.554964,00:26:52.266,3377509669
1613.830927,1613.266000,-0.564927,00:26:53.266,3378232844
1614.835317,1614.266000,-0.569317,00:26:54.266,3378976016
1615.841156,1615.266000,-0.575156,00:26:55.266,3379752063
1616.846951,1616.299000,-0.547951,00:26:56.299,3380503919
1617.848988,1617.299000,-0.549988,00:26:57.299,3381261694
1618.865438,1618.299000,-0.566438,00:26:58.299,3381978816
1619.868234,1619.299000,-0.569234,00:26:59.299,3382709281
1620.870039,1620.299000,-0.571039,00:27:00.299,3383452258
1621.876547,1621.333000,-0.543547,00:27:01.333,3384221716
1622.877858,1622.333000,-0.544858,00:27:02.333,3384976740
1623.884453,1623.333000,-0.551453,00:27:03.333,3385785647
1624.890911,1624.333000,-0.557911,00:27:04.333,3386612316
1625.894379,1625.333000,-0.561379,00:27:05.333,3387344141
1626.896493,1626.333000,-0.563493,00:27:06.333,3388034557
1627.911993,1627.366000,-0.545993,00:27:07.366,3388794035
1628.913357,1628.366000,-0.547357,00:27:08.366,3389550511
1629.927925,1629.366000,-0.561925,00:27:09.366,3390247318
1630.943614,1630.399000,-0.544614,00:27:10.399,3390942192
1631.945913,1631.399000,-0.546913,00:27:11.399,3391666227
1632.947937,1632.399000,-0.548937,00:27:12.399,3392401896
1633.949939,1633.399000,-0.550939,00:27:13.399,3393226980
1634.961831,1634.399000,-0.562831,00:27:14.399,3394001916
1635.975427,1635.433000,-0.542427,00:27:15.433,3394814173
1636.977005,1636.433000,-0.544005,00:27:16.433,3395517816
1637.991527,1637.433000,-0.558527,00:27:17.433,3396202884
1639.003001,1638.433000,-0.570001,00:27:18.433,3396890269
1640.004451,1639.433000,-0.571451,00:27:19.433,3397642023
1641.017890,1640.466000,-0.551890,00:27:20.466,3398407792
1642.029075,1641.466000,-0.563075,00:27:21.466,3399188013
1643.044167,1642.499000,-0.545167,00:27:22.499,3399951072
1644.059146,1643.499000,-0.560146,00:27:23.499,3400630502
1645.070457,1644.499000,-0.571457,00:27:24.499,3401291745
1646.085475,1645.533000,-0.552475,00:27:25.533,3402101278
1647.101108,1646.533000,-0.568108,00:27:26.533,3402768591
1648.106404,1647.566000,-0.540404,00:27:27.566,3403456290
1649.111347,1648.566000,-0.545347,00:27:28.566,3404123105
1650.112953,1649.566000,-0.546953,00:27:29.566,3404820989
1651.127274,1650.566000,-0.561274,00:27:30.566,3405548779
1652.142057,1651.599000,-0.543057,00:27:31.599,3406338453
1653.157520,1652.599000,-0.558520,00:27:32.599,3407154721
1654.171855,1653.599000,-0.572855,00:27:33.599,3407946652
1655.174963,1654.633000,-0.541963,00:27:34.633,3408752736
1656.178848,1655.633000,-0.545848,00:27:35.633,3409494196
1657.184987,1656.633000,-0.551987,00:27:36.633,3410180912
1658.187442,1657.633000,-0.554442,00:27:37.633,3410851067
1659.189977,1658.633000,-0.556977,00:27:38.633,3411568398
1660.193017,1659.633000,-0.560017,00:27:39.633,3412296436
1661.200243,1660.633000,-0.567243,00:27:40.633,3413027532
1662.201414,1661.633000,-0.568414,00:27:41.633,3413844512
1663.215533,1662.666000,-0.549533,00:27:42.666,3414608346
1664.217951,1663.666000,-0.551951,00:27:43.666,3415311252
1665.223305,1664.666000,-0.557305,00:27:44.666,3416023087
1666.240551,1665.666000,-0.574551,00:27:45.666,3416760026
1667.256270,1666.699000,-0.557270,00:27:46.699,3417552449
1668.261294,1667.699000,-0.562294,00:27:47.699,3418309185
1669.265817,1668.699000,-0.566817,00:27:48.699,3419047088
1670.271171,1669.699000,-0.572171,00:27:49.699,3419765911
1671.280307,1670.733000,-0.547307,00:27:50.733,3420549090
1672.286918,1671.733000,-0.553918,00:27:51.733,3421272783
1673.291143,1672.733000,-0.558143,00:27:52.733,3421994596
1674.298148,1673.733000,-0.565148,00:27:53.733,3422706781
1675.309117,1674.766000,-0.543117,00:27:54.766,3423475421
1676.314246,1675.766000,-0.548246,00:27:55.766,3424262269
1677.321810,1676.766000,-0.555810,00:27:56.766,3425087334
1678.328145,1677.766000,-0.562145,00:27:57.766,3425981346
1679.329736,1678.766000,-0.563736,00:27:58.766,3426829832
1680.337067,1679.766000,-0.571067,00:27:59.766,3427675081
1681.341867,1680.799000,-0.542867,00:28:00.799,3428453803
1682.344416,1681.799000,-0.545416,00:28:01.799,3429266824
1683.359865,1682.799000,-0.560865,00:28:02.799,3430052754
1684.365722,1683.799000,-0.566722,00:28:03.799,3430806612
1685.382101,1684.833000,-0.549101,00:28:04.833,3431626955
1686.384429,1685.833000,-0.551429,00:28:05.833,3432440464
1687.387100,1686.833000,-0.554100,00:28:06.833,3433286923
1688.389730,1687.833000,-0.556730,00:28:07.833,3434043281
1689.392381,1688.833000,-0.559381,00:28:08.833,3434834980
1690.395506,1689.833000,-0.562506,00:28:09.833,3435604412
1691.400177,1690.833000,-0.567177,00:28:10.833,3436424239
1692.401405,1691.833000,-0.568405,00:28:11.833,3437211884
1693.415761,1692.866000,-0.549761,00:28:12.866,3438024397
1694.418056,1693.866000,-0.552056,00:28:13.866,3438819378
1695.421120,1694.866000,-0.555120,00:28:14.866,3439593066
1696.425639,1695.866000,-0.559639,00:28:15.866,3440351863
1697.430168,1696.866000,-0.564168,00:28:16.866,3441127819
1698.432925,1697.866000,-0.566925,00:28:17.866,3441917778
1699.447762,1698.899000,-0.548762,00:28:18.899,3442769935
1700.454888,1699.899000,-0.555888,00:28:19.899,3443534763
1701.469912,1700.899000,-0.570912,00:28:20.899,3444355264
1702.475301,1701.933000,-0.542301,00:28:21.933,3445135695
1703.477696,1702.933000,-0.544696,00:28:22.933,3445860607
1704.481227,1703.933000,-0.548227,00:28:23.933,3446577364
1705.484494,1704.933000,-0.551494,00:28:24.933,3447280290
1706.496579,1705.933000,-0.563579,00:28:25.933,3447998403
1707.501228,1706.933000,-0.568228,00:28:26.933,3448768504
1708.504661,1707.933000,-0.571661,00:28:27.933,3449539855
1709.518008,1708.966000,-0.552008,00:28:28.966,3450267685
1710.533033,1709.966000,-0.567033,00:28:29.966,3451065304
1711.537637,1710.966000,-0.571637,00:28:30.966,3451849729
1712.544413,1711.999000,-0.545413,00:28:31.999,3452674881
1713.558380,1712.999000,-0.559380,00:28:32.999,3453482426
1714.566321,1713.999000,-0.567321,00:28:33.999,3454237828
1715.580158,1715.033000,-0.547158,00:28:35.033,3455028807
1716.586202,1716.033000,-0.553202,00:28:36.033,3455763785
1717.593386,1717.033000,-0.560386,00:28:37.033,3456454630
1718.603647,1718.033000,-0.570647,00:28:38.033,3457228140
1719.609922,1719.066000,-0.543922,00:28:39.066,3458022340
1720.613148,1720.066000,-0.547148,00:28:40.066,3458781892
1721.627738,1721.066000,-0.561738,00:28:41.066,3459502789
1722.636191,1722.066000,-0.570191,00:28:42.066,3460309898
1723.644605,1723.099000,-0.545605,00:28:43.099,3461132288
1724.660115,1724.099000,-0.561115,00:28:44.099,3461999621
1725.668369,1725.099000,-0.569369,00:28:45.099,3462844978
1726.672108,1726.099000,-0.573108,00:28:46.099,3463621253
1727.680921,1727.133000,-0.547921,00:28:47.133,3464446136
1728.686272,1728.133000,-0.553272,00:28:48.133,3465275992
1729.697698,1729.133000,-0.564698,00:28:49.133,3466138443
1730.706034,1730.133000,-0.573034,00:28:50.133,3466974647
1731.714778,1731.166000,-0.548778,00:28:51.166,3467850667
1732.726131,1732.166000,-0.560131,00:28:52.166,3468669177
1733.736296,1733.166000,-0.570296,00:28:53.166,3469452509
1734.746076,1734.199000,-0.547076,00:28:54.199,3470276153
1735.754708,1735.199000,-0.555708,00:28:55.199,3471037074
1736.762425,1736.199000,-0.563425,00:28:56.199,3471820790
1737.772764,1737.199000,-0.573764,00:28:57.199,3472711451
1738.780114,1738.233000,-0.547114,00:28:58.233,3473508770
1739.792434,1739.233000,-0.559434,00:28:59.233,3474282447
1740.804446,1740.233000,-0.571446,00:29:00.233,3475058275
1741.809323,1741.266000,-0.543323,00:29:01.266,3475885282
1742.816215,1742.266000,-0.550215,00:29:02.266,3476701367
1743.819803,1743.266000,-0.553803,00:29:03.266,3477442492
1744.830250,1744.266000,-0.564250,00:29:04.266,3478174200
1745.837665,1745.266000,-0.571665,00:29:05.266,3478948505
1746.847263,1746.299000,-0.548263,00:29:06.299,3479729534
1747.850098,1747.299000,-0.551098,00:29:07.299,3480524948
1748.855931,1748.299000,-0.556931,00:29:08.299,3481214078
1749.857941,1749.299000,-0.558941,00:29:09.299,3481918266
1750.867581,1750.299000,-0.568581,00:29:10.299,3482602543
1751.876121,1751.333000,-0.543121,00:29:11.333,3483294548
1752.881943,1752.333000,-0.548943,00:29:12.333,3483994426
1753.888063,1753.333000,-0.555063,00:29:13.333,3484715284
1754.894379,1754.333000,-0.561379,00:29:14.333,3485486313
1755.902022,1755.333000,-0.569022,00:29:15.333,3486275523
1756.911960,1756.366000,-0.545960,00:29:16.366,3487131441
1757.914455,1757.366000,-0.548455,00:29:17.366,3487881481
1758.917973,1758.366000,-0.551973,00:29:18.366,3488695429
1759.921746,1759.366000,-0.555746,00:29:19.366,3489493305
1760.925044,1760.366000,-0.559044,00:29:20.366,3490255405
1761.930143,1761.366000,-0.564143,00:29:21.366,3490987668
1762.935431,1762.366000,-0.569431,00:29:22.366,3491833590
1763.941375,1763.366000,-0.575375,00:29:23.366,3492629477
1764.944546,1764.399000,-0.545546,00:29:24.399,3493421120
1765.950776,1765.399000,-0.551776,00:29:25.399,3494196694
1766.955449,1766.399000,-0.556449,00:29:26.399,3495006484
1767.956716,1767.399000,-0.557716,00:29:27.399,3495738530
1768.961901,1768.399000,-0.562901,00:29:28.399,3496456653
1769.975551,1769.433000,-0.542551,00:29:29.433,3497212070
1770.977338,1770.433000,-0.544338,00:29:30.433,3498064217
1771.992607,1771.433000,-0.559607,00:29:31.433,3498835507
1772.995224,1772.433000,-0.562224,00:29:32.433,3499604519
1774.001535,1773.433000,-0.568535,00:29:33.433,3500311090
1775.003349,1774.433000,-0.570349,00:29:34.433,3500950534
1776.009228,1775.466000,-0.543228,00:29:35.466,3501736651
1777.015603,1776.466000,-0.549603,00:29:36.466,3502571955
1778.019542,1777.466000,-0.553542,00:29:37.466,3503366584
1779.024276,1778.466000,-0.558276,00:29:38.466,3504172564
1780.028106,1779.466000,-0.562106,00:29:39.466,3504913339
1781.044662,1780.499000,-0.545662,00:29:40.499,3505688831
1782.059140,1781.499000,-0.560140,00:29:41.499,3506494484
1783.074645,1782.499000,-0.575645,00:29:42.499,3507319037
1784.090522,1783.533000,-0.557522,00:29:43.533,3508054190
1785.092141,1784.533000,-0.559141,00:29:44.533,3508732412
1786.097217,1785.533000,-0.564217,00:29:45.533,3509438266
1787.102519,1786.533000,-0.569519,00:29:46.533,3510078498
1788.105468,1787.533000,-0.572468,00:29:47.533,3510703393
1789.106543,1788.533000,-0.573543,00:29:48.533,3511349138
1790.111515,1789.566000,-0.545515,00:29:49.566,3512027916
1791.127083,1790.566000,-0.561083,00:29:50.566,3512726620
1792.138236,1791.566000,-0.572236,00:29:51.566,3513366632
1793.143573,1792.599000,-0.544573,00:29:52.599,3514087109
1794.148250,1793.599000,-0.549250,00:29:53.599,3514766487
1795.154622,1794.599000,-0.555622,00:29:54.599,3515414507
1796.158143,1795.599000,-0.559143,00:29:55.599,3516173807
1797.162613,1796.599000,-0.563613,00:29:56.599,3516971444
1798.169992,1797.599000,-0.570992,00:29:57.599,3517655044
1799.180143,1798.633000,-0.547143,00:29:58.633,3518283538
1800.187760,1799.633000,-0.554760,00:29:59.633,3518977926
1801.191883,1800.633000,-0.558883,00:30:00.633,3519660823
1802.194461,1801.633000,-0.561461,00:30:01.633,3520372069
1803.206106,1802.633000,-0.573106,00:30:02.633,3521059537
1804.215927,1803.666000,-0.549927,00:30:03.666,3521825070
1805.223054,1804.666000,-0.557054,00:30:04.666,3522565241
1806.229161,1805.666000,-0.563161,00:30:05.666,3523323996
1807.240107,1806.666000,-0.574107,00:30:06.666,3524016806
1808.246847,1807.699000,-0.547847,00:30:07.699,3524755287
1809.250649,1808.699000,-0.551649,00:30:08.699,3525561313
1810.251816,1809.699000,-0.552816,00:30:09.699,3526332435
1811.264779,1810.699000,-0.565779,00:30:10.699,3527073923
1812.281319,1811.733000,-0.548319,00:30:11.733,3527809410
1813.284624,1812.733000,-0.551624,00:30:12.733,3528470232
1814.286888,1813.733000,-0.553888,00:30:13.733,3529146752
1815.288444,1814.733000,-0.555444,00:30:14.733,3529898189
1816.291148,1815.733000,-0.558148,00:30:15.733,3530639406
1817.297914,1816.733000,-0.564914,00:30:16.733,3531427561
1818.313421,1817.766000,-0.547421,00:30:17.766,3532243749
1819.319705,1818.766000,-0.553705,00:30:18.766,3533073169
1820.322902,1819.766000,-0.556902,00:30:19.766,3533797067
1821.337876,1820.766000,-0.571876,00:30:20.766,3534580662
1822.344694,1821.799000,-0.545694,00:30:21.799,3535385406
1823.350704,1822.799000,-0.551704,00:30:22.799,3536093218
1824.365624,1823.799000,-0.566624,00:30:23.799,3536833501
1825.379055,1824.833000,-0.546055,00:30:24.833,3537520049
1826.392979,1825.833000,-0.559979,00:30:25.833,3538256855
1827.394231,1826.833000,-0.561231,00:30:26.833,3539053176
1828.395294,1827.833000,-0.562294,00:30:27.833,3539834171
1829.410890,1828.866000,-0.544890,00:30:28.866,3540634603
1830.425539,1829.866000,-0.559539,00:30:29.866,3541412270
1831.438513,1830.866000,-0.572513,00:30:30.866,3542143216
1832.439722,1831.866000,-0.573722,00:30:31.866,3542908648
1833.455570,1832.899000,-0.556570,00:30:32.899,3543747747
1834.468247,1833.899000,-0.569247,00:30:33.899,3544558200
1835.482052,1834.933000,-0.549052,00:30:34.933,3545309098
1836.496383,1835.933000,-0.563383,00:30:35.933,3546073229
1837.512206,1836.966000,-0.546206,00:30:36.966,3546982453
1838.524392,1837.966000,-0.558392,00:30:37.966,3547787224
1839.539715,1838.966000,-0.573715,00:30:38.966,3548574802
1840.546563,1839.999000,-0.547563,00:30:39.999,3549422682
1841.551100,1840.999000,-0.552100,00:30:40.999,3550213409
1842.559888,1841.999000,-0.560888,00:30:41.999,3551014564
1843.569321,1842.999000,-0.570321,00:30:42.999,3551755930
1844.584259,1844.033000,-0.551259,00:30:44.033,3552517302
1845.597923,1845.033000,-0.564923,00:30:45.033,3553257912
1846.612977,1846.066000,-0.546977,00:30:46.066,3553995675
1847.617590,1847.066000,-0.551590,00:30:47.066,3554765676
1848.619537,1848.066000,-0.553537,00:30:48.066,3555459728
1849.636169,1849.066000,-0.570169,00:30:49.066,3556193670
1850.649317,1850.099000,-0.550317,00:30:50.099,3557013429
1851.664267,1851.099000,-0.565267,00:30:51.099,3557748722
1852.678878,1852.133000,-0.545878,00:30:52.133,3558566079
1853.692048,1853.133000,-0.559048,00:30:53.133,3559378772
1854.696315,1854.133000,-0.563315,00:30:54.133,3560134647
1855.702714,1855.133000,-0.569714,00:30:55.133,3560887407
1856.706366,1856.133000,-0.573366,00:30:56.133,3561660009
1857.708416,1857.166000,-0.542416,00:30:57.166,3562478488
1858.714157,1858.166000,-0.548157,00:30:58.166,3563195532
1859.730243,1859.166000,-0.564243,00:30:59.166,3563975148
1860.731454,1860.166000,-0.565454,00:31:00.166,3564770789
1861.737237,1861.166000,-0.571237,00:31:01.166,3565514689
1862.740100,1862.166000,-0.574100,00:31:02.166,3566342161
1863.755648,1863.199000,-0.556648,00:31:03.199,3567156264
1864.772620,1864.199000,-0.573620,00:31:04.199,3567989417
1865.776722,1865.233000,-0.543722,00:31:05.233,3568845433
1866.792617,1866.233000,-0.559617,00:31:06.233,3569623504
1867.793953,1867.233000,-0.560953,00:31:07.233,3570428126
1868.809630,1868.266000,-0.543630,00:31:08.266,3571310346
1869.822109,1869.266000,-0.556109,00:31:09.266,3572109810
1870.825496,1870.266000,-0.559496,00:31:10.266,3572900404
1871.834295,1871.266000,-0.568295,00:31:11.266,3573719314
1872.850293,1872.299000,-0.551293,00:31:12.299,3574536325
1873.851734,1873.299000,-0.552734,00:31:13.299,3575352926
1874.857219,1874.299000,-0.558219,00:31:14.299,3576206260
1875.860707,1875.299000,-0.561707,00:31:15.299,3577008870
1876.864046,1876.299000,-0.565046,00:31:16.299,3577843598
1877.866967,1877.299000,-0.567967,00:31:17.299,3578681952
1878.871988,1878.299000,-0.572988,00:31:18.299,3579536591
1879.873544,1879.299000,-0.574544,00:31:19.299,3580245550
1880.886222,1880.333000,-0.553222,00:31:20.333,3581060529
1881.888493,1881.333000,-0.555493,00:31:21.333,3581804984
1882.904909,1882.333000,-0.571909,00:31:22.333,3582575916
1883.917464,1883.366000,-0.551464,00:31:23.366,3583419855
1884.933959,1884.366000,-0.567959,00:31:24.366,3584210199
1885.949725,1885.399000,-0.550725,00:31:25.399,3584986208
1886.951842,1886.399000,-0.552842,00:31:26.399,3585830696
1887.954490,1887.399000,-0.555490,00:31:27.399,3586704604
1888.970778,1888.399000,-0.571778,00:31:28.399,3587483681
1889.982725,1889.433000,-0.549725,00:31:29.433,3588300631
1890.997509,1890.433000,-0.564509,00:31:30.433,3589066583
1892.011881,1891.466000,-0.545881,00:31:31.466,3589874385
1893.025531,1892.466000,-0.559531,00:31:32.466,3590641245
1894.039822,1893.466000,-0.573822,00:31:33.466,3591495566
1895.053738,1894.499000,-0.554738,00:31:34.499,3592361261
1896.069496,1895.499000,-0.570496,00:31:35.499,3593237850
1897.082644,1896.533000,-0.549644,00:31:36.533,3594068787
1898.096285,1897.533000,-0.563285,00:31:37.533,3594901785
1899.107618,1898.533000,-0.574618,00:31:38.533,3595780857
1900.109368,1899.566000,-0.543368,00:31:39.566,3596656628
1901.125334,1900.566000,-0.559334,00:31:40.566,3597440379
1902.140613,1901.566000,-0.574613,00:31:41.566,3598210048
1903.143371,1902.599000,-0.544371,00:31:42.599,3599008660
1904.155844,1903.599000,-0.556844,00:31:43.599,3599848469
1905.168003,1904.599000,-0.569003,00:31:44.599,3600693033
1906.181684,1905.633000,-0.548684,00:31:45.633,3601575624
1907.184795,1906.633000,-0.551795,00:31:46.633,3602420394
1908.200386,1907.633000,-0.567386,00:31:47.633,3603257447
1909.202531,1908.633000,-0.569531,00:31:48.633,3604109123
1910.215262,1909.666000,-0.549262,00:31:49.666,3604993924
1911.221107,1910.666000,-0.555107,00:31:50.666,3605881189
1912.234982,1911.666000,-0.568982,00:31:51.666,3606826822
1913.236257,1912.666000,-0.570257,00:31:52.666,3607675005
1914.250727,1913.699000,-0.551727,00:31:53.699,3608602735
1915.255989,1914.699000,-0.556989,00:31:54.699,3609500055
1916.261251,1915.699000,-0.562251,00:31:55.699,3610312315
1917.274880,1916.699000,-0.575880,00:31:56.699,3611155308
1918.279468,1917.733000,-0.546468,00:31:57.733,3612070834
1919.294856,1918.733000,-0.561856,00:31:58.733,3612974264
1920.297396,1919.733000,-0.564396,00:31:59.733,3613997560
1921.299581,1920.733000,-0.566581,00:32:00.733,3615042501
1922.306655,1921.733000,-0.573655,00:32:01.733,3616111715
1923.309295,1922.766000,-0.543295,00:32:02.766,3617178684
1924.325582,1923.766000,-0.559582,00:32:03.766,3618344859
1925.328159,1924.766000,-0.562159,00:32:04.766,3619428551
1926.343110,1925.799000,-0.544110,00:32:05.799,3620685398
1927.346737,1926.799000,-0.547737,00:32:06.799,3621811539
1928.351529,1927.799000,-0.552529,00:32:07.799,3622890371
1929.356803,1928.799000,-0.557803,00:32:08.799,3624048798
1930.362986,1929.799000,-0.563986,00:32:09.799,3625132904
1931.378409,1930.833000,-0.545409,00:32:10.833,3626303100
1932.381221,1931.833000,-0.548221,00:32:11.833,3627229922
1933.383049,1932.833000,-0.550049,00:32:12.833,3628352306
1934.388740,1933.833000,-0.555740,00:32:13.833,3629429061
1935.394538,1934.833000,-0.561538,00:32:14.833,3630399851
1936.399417,1935.833000,-0.566417,00:32:15.833,3631447923
1937.409740,1936.866000,-0.543740,00:32:16.866,3632466880
1938.415137,1937.866000,-0.549137,00:32:17.866,3633400051
1939.422928,1938.866000,-0.556928,00:32:18.866,3634288961
1940.428793,1939.866000,-0.562793,00:32:19.866,3635095561
1941.434778,1940.866000,-0.568778,00:32:20.866,3635927216
1942.450363,1941.899000,-0.551363,00:32:21.899,3636742865
1943.454686,1942.899000,-0.555686,00:32:22.899,3637525229
1944.463211,1943.899000,-0.564211,00:32:23.899,3638274145
1945.472922,1944.899000,-0.573922,00:32:24.899,3639037150
1946.476785,1945.933000,-0.543785,00:32:25.933,3639767172
1947.482821,1946.933000,-0.549821,00:32:26.933,3640611480
1948.487042,1947.933000,-0.554042,00:32:27.933,3641509248
1949.488875,1948.933000,-0.555875,00:32:28.933,3642355880
1950.491601,1949.933000,-0.558601,00:32:29.933,3643163643
1951.507523,1950.933000,-0.574523,00:32:30.933,3643928320
1952.513802,1951.966000,-0.547802,00:32:31.966,3644705723
1953.520771,1952.966000,-0.554771,00:32:32.966,3645467627
1954.524884,1953.966000,-0.558884,00:32:33.966,3646254618
1955.527410,1954.966000,-0.561410,00:32:34.966,3646953731
1956.537844,1955.966000,-0.571844,00:32:35.966,3647651722
1957.542498,1956.999000,-0.543498,00:32:36.999,3648438400
1958.544174,1957.999000,-0.545174,00:32:37.999,3649232317
1959.557365,1958.999000,-0.558365,00:32:38.999,3649945293
1960.564306,1959.999000,-0.565306,00:32:39.999,3650758175
1961.568743,1960.999000,-0.569743,00:32:40.999,3651640732
1962.576392,1962.033000,-0.543392,00:32:42.033,3652669095
1963.581294,1963.033000,-0.548294,00:32:43.033,3653501160
1964.582651,1964.033000,-0.549651,00:32:44.033,3654341378
1965.598989,1965.033000,-0.565989,00:32:45.033,3655203666
1966.611728,1966.066000,-0.545728,00:32:46.066,3656121417
1967.619446,1967.066000,-0.553446,00:32:47.066,3656942724
1968.624591,1968.066000,-0.558591,00:32:48.066,3657675861
1969.635449,1969.066000,-0.569449,00:32:49.066,3658479475
1970.637854,1970.066000,-0.571854,00:32:50.066,3659229037
1971.641933,1971.099000,-0.542933,00:32:51.099,3660019701
1972.645145,1972.099000,-0.546145,00:32:52.099,3660828279
1973.653357,1973.099000,-0.554357,00:32:53.099,3661580938
1974.658825,1974.099000,-0.559825,00:32:54.099,3662220284
1975.664858,1975.099000,-0.565858,00:32:55.099,3662876336
1976.670300,1976.099000,-0.571300,00:32:56.099,3663591083
1977.686458,1977.133000,-0.553458,00:32:57.133,3664313755
1978.690475,1978.133000,-0.557475,00:32:58.133,3664988193
1979.695739,1979.133000,-0.562739,00:32:59.133,3665741675
1980.698436,1980.133000,-0.565436,00:33:00.133,3666393867
1981.710584,1981.166000,-0.544584,00:33:01.166,3667095430
1982.713228,1982.166000,-0.547228,00:33:02.166,3667892346
1983.729574,1983.166000,-0.563574,00:33:03.166,3668787585
1984.732186,1984.166000,-0.566186,00:33:04.166,3669511583
1985.735507,1985.166000,-0.569507,00:33:05.166,3670343629
1986.739463,1986.166000,-0.573463,00:33:06.166,3671124302
1987.745512,1987.199000,-0.546512,00:33:07.199,3671960589
1988.748828,1988.199000,-0.549828,00:33:08.199,3672694903
1989.753123,1989.199000,-0.554123,00:33:09.199,3673424082
1990.755787,1990.199000,-0.556787,00:33:10.199,3674194631
1991.762137,1991.199000,-0.563137,00:33:11.199,3675044838
1992.772266,1992.199000,-0.573266,00:33:12.199,3675964260
1993.778533,1993.233000,-0.545533,00:33:13.233,3676803433
1994.783185,1994.233000,-0.550185,00:33:14.233,3677573919
1995.799590,1995.233000,-0.566590,00:33:15.233,3678374542
1996.803038,1996.233000,-0.570038,00:33:16.233,3679105027
1997.806503,1997.233000,-0.573503,00:33:17.233,3679802743
1998.811731,1998.266000,-0.545731,00:33:18.266,3680551571
1999.818821,1999.266000,-0.552821,00:33:19.266,3681354781
2000.822220,2000.266000,-0.556220,00:33:20.266,3682185168
2001.825708,2001.266000,-0.559708,00:33:21.266,3682905777
2002.831793,2002.266000,-0.565793,00:33:22.266,3683703906
2003.837703,2003.266000,-0.571703,00:33:23.266,3684524887
2004.843287,2004.299000,-0.544287,00:33:24.299,3685413069
2005.845134,2005.299000,-0.546134,00:33:25.299,3686255026
2006.850289,2006.299000,-0.551289,00:33:26.299,3686993913
2007.855787,2007.299000,-0.556787,00:33:27.299,3687698155
2008.857537,2008.299000,-0.558537,00:33:28.299,3688412275
2009.865719,2009.299000,-0.566719,00:33:29.299,3689200811
2010.871532,2010.299000,-0.572532,00:33:30.299,3689870172
2011.876273,2011.333000,-0.543273,00:33:31.333,3690606334
2012.878382,2012.333000,-0.545382,00:33:32.333,3691285941
2013.884186,2013.333000,-0.551186,00:33:33.333,3691991297
2014.890495,2014.333000,-0.557495,00:33:34.333,3692665946
2015.892673,2015.333000,-0.559673,00:33:35.333,3693366394
2016.896538,2016.333000,-0.563538,00:33:36.333,3694133167
2017.900932,2017.333000,-0.567932,00:33:37.333,3694924731
2018.905798,2018.333000,-0.572798,00:33:38.333,3695657802
2019.910590,2019.366000,-0.544590,00:33:39.366,3696392417
2020.913744,2020.366000,-0.547744,00:33:40.366,3697243000
2021.917239,2021.366000,-0.551239,00:33:41.366,3698043488
2022.920800,2022.366000,-0.554800,00:33:42.366,3698803367
2023.935706,2023.366000,-0.569706,00:33:43.366,3699454583
2024.939020,2024.366000,-0.573020,00:33:44.366,3700149120
2025.942737,2025.399000,-0.543737,00:33:45.399,3700856307
2026.943907,2026.399000,-0.544907,00:33:46.399,3701557604
2027.958566,2027.399000,-0.559566,00:33:47.399,3702276462
2028.960487,2028.399000,-0.561487,00:33:48.399,3703092414
2029.966718,2029.399000,-0.567718,00:33:49.399,3703794249
2030.970297,2030.399000,-0.571297,00:33:50.399,3704567500
2031.972197,2031.399000,-0.573197,00:33:51.399,3705325889
2032.974961,2032.399000,-0.575961,00:33:52.399,3706007620
2033.976806,2033.433000,-0.543806,00:33:53.433,3706775639
2034.981192,2034.433000,-0.548192,00:33:54.433,3707581432
2035.996791,2035.433000,-0.563791,00:33:55.433,3708294223
2037.013138,2036.466000,-0.547138,00:33:56.466,3709073456
2038.015721,2037.466000,-0.549721,00:33:57.466,3709723672
2039.018265,2038.466000,-0.552265,00:33:58.466,3710342712
2040.032985,2039.466000,-0.566985,00:33:59.466,3710992127
2041.035349,2040.466000,-0.569349,00:34:00.466,3711675027
2042.044547,2041.499000,-0.545547,00:34:01.499,3712385211
2043.058538,2042.499000,-0.559538,00:34:02.499,3713082520
2044.063187,2043.499000,-0.564187,00:34:03.499,3713812183
2045.065555,2044.499000,-0.566555,00:34:04.499,3714472331
2046.066922,2045.499000,-0.567922,00:34:05.499,3715218594
2047.074439,2046.499000,-0.575439,00:34:06.499,3715908801
2048.082804,2047.533000,-0.549804,00:34:07.533,3716588139
2049.091020,2048.533000,-0.558020,00:34:08.533,3717237639
2050.096401,2049.533000,-0.563401,00:34:09.533,3717867318
2051.102685,2050.533000,-0.569685,00:34:10.533,3718491106
2052.107598,2051.533000,-0.574598,00:34:11.533,3719152318
2053.111340,2052.566000,-0.545340,00:34:12.566,3719860750
2054.115073,2053.566000,-0.549073,00:34:13.566,3720586553
2055.122142,2054.566000,-0.556142,00:34:14.566,3721335681
2056.131029,2055.566000,-0.565029,00:34:15.566,3722067775
2057.137423,2056.566000,-0.571423,00:34:16.566,3722831859
2058.141806,2057.599000,-0.542806,00:34:17.599,3723618035
2059.151328,2058.599000,-0.552328,00:34:18.599,3724232740
2060.161431,2059.599000,-0.562431,00:34:19.599,3724875798
2061.169322,2060.599000,-0.570322,00:34:20.599,3725492884
2062.174312,2061.599000,-0.575312,00:34:21.599,3726163471
2063.181881,2062.633000,-0.548881,00:34:22.633,3726832198
2064.187155,2063.633000,-0.554155,00:34:23.633,3727523566
2065.194601,2064.633000,-0.561601,00:34:24.633,3728209579
2066.198646,2065.633000,-0.565646,00:34:25.633,3728866297
2067.201869,2066.633000,-0.568869,00:34:26.633,3729533873
2068.217377,2067.666000,-0.551377,00:34:27.666,3730287087
2069.224683,2068.666000,-0.558683,00:34:28.666,3731125513
2070.232224,2069.666000,-0.566224,00:34:29.666,3731896993
2071.237375,2070.666000,-0.571375,00:34:30.666,3732723104
2072.253445,2071.699000,-0.554445,00:34:31.699,3733515962
2073.260968,2072.699000,-0.561968,00:34:32.699,3734259225
2074.268787,2073.699000,-0.569787,00:34:33.699,3734964548
2075.281990,2074.733000,-0.548990,00:34:34.733,3735697826
2076.296625,2075.733000,-0.563625,00:34:35.733,3736436226
2077.299428,2076.733000,-0.566428,00:34:36.733,3737290293
2078.300626,2077.733000,-0.567626,00:34:37.733,3738085175
2079.308848,2078.766000,-0.542848,00:34:38.766,3738906268
2080.312793,2079.766000,-0.546793,00:34:39.766,3739664741
2081.314285,2080.766000,-0.548285,00:34:40.766,3740449442
2082.322655,2081.766000,-0.556655,00:34:41.766,3741184004
2083.326286,2082.766000,-0.560286,00:34:42.766,3741866769
2084.328387,2083.766000,-0.562387,00:34:43.766,3742509555
2085.342655,2084.799000,-0.543655,00:34:44.799,3743151665
2086.358785,2085.799000,-0.559785,00:34:45.799,3743782952
2087.374929,2086.799000,-0.575929,00:34:46.799,3744543400
2088.377819,2087.833000,-0.544819,00:34:47.833,3745243569
2089.392762,2088.833000,-0.559762,00:34:48.833,3746005422
2090.408300,2089.833000,-0.575300,00:34:49.833,3746837521
2091.414234,2090.866000,-0.548234,00:34:50.866,3747697117
2092.416503,2091.866000,-0.550503,00:34:51.866,3748549180
2093.422772,2092.866000,-0.556772,00:34:52.866,3749479941
2094.426704,2093.866000,-0.560704,00:34:53.866,3750411704
2095.440844,2094.866000,-0.574844,00:34:54.866,3751334216
2096.443381,2095.899000,-0.544381,00:34:55.899,3752307936
2097.445614,2096.899000,-0.546614,00:34:56.899,3753225235
2098.447222,2097.899000,-0.548222,00:34:57.899,3754158048
2099.453140,2098.899000,-0.554140,00:34:58.899,3754985718
2100.454376,2099.899000,-0.555376,00:34:59.899,3755805473
2101.458610,2100.899000,-0.559610,00:35:00.899,3756653704
2102.460567,2101.899000,-0.561567,00:35:01.899,3757470695
2103.463388,2102.899000,-0.564388,00:35:02.899,3758348948
2104.466372,2103.899000,-0.567372,00:35:03.899,3759261430
2105.471005,2104.899000,-0.572005,00:35:04.899,3760094116
2106.474406,2105.933000,-0.541406,00:35:05.933,3760893251
2107.477511,2106.933000,-0.544511,00:35:06.933,3761648380
2108.480218,2107.933000,-0.547218,00:35:07.933,3762435232
2109.483223,2108.933000,-0.550223,00:35:08.933,3763167875
2110.498289,2109.933000,-0.565289,00:35:09.933,3763946736
2111.501299,2110.933000,-0.568299,00:35:10.933,3764757957
2112.507385,2111.933000,-0.574385,00:35:11.933,3765513819
2113.513170,2112.966000,-0.547170,00:35:12.966,3766236115
2114.517773,2113.966000,-0.551773,00:35:13.966,3766902883
2115.522831,2114.966000,-0.556831,00:35:14.966,3767613569
2116.538673,2115.966000,-0.572673,00:35:15.966,3768331465
2117.552944,2116.999000,-0.553944,00:35:16.999,3769056745
2118.554394,2117.999000,-0.555394,00:35:17.999,3769786774
2119.560895,2118.999000,-0.561895,00:35:18.999,3770564987
2120.563024,2119.999000,-0.564024,00:35:19.999,3771439849
2121.564542,2120.999000,-0.565542,00:35:20.999,3772246323
2122.565991,2121.999000,-0.566991,00:35:21.999,3773102369
2123.579011,2123.033000,-0.546011,00:35:23.033,3773934189
2124.580942,2124.033000,-0.547942,00:35:24.033,3774725564
2125.583087,2125.033000,-0.550087,00:35:25.033,3775494847
2126.585649,2126.033000,-0.552649,00:35:26.033,3776329018
2127.586950,2127.033000,-0.553950,00:35:27.033,3777226978
2128.589291,2128.033000,-0.556291,00:35:28.033,3778101962
2129.604740,2129.033000,-0.571740,00:35:29.033,3779098686
2130.617308,2130.066000,-0.551308,00:35:30.066,3779983851
2131.630250,2131.066000,-0.564250,00:35:31.066,3780784703
2132.643030,2132.099000,-0.544030,00:35:32.099,3781641977
2133.656742,2133.099000,-0.557742,00:35:33.099,3782582059
2134.667343,2134.099000,-0.568343,00:35:34.099,3783561245
2135.681879,2135.133000,-0.548879,00:35:35.133,3784529619
2136.684935,2136.133000,-0.551935,00:35:36.133,3785358499
2137.700631,2137.133000,-0.567631,00:35:37.133,3786243424
2138.714681,2138.166000,-0.548681,00:35:38.166,3787116798
2139.728530,2139.166000,-0.562530,00:35:39.166,3787886339
2140.744516,2140.199000,-0.545516,00:35:40.199,3788632070
2141.746717,2141.199000,-0.547717,00:35:41.199,3789425165
2142.761035,2142.199000,-0.562035,00:35:42.199,3790255424
2143.763183,2143.199000,-0.564183,00:35:43.199,3791102149
2144.773604,2144.199000,-0.574604,00:35:44.199,3791987359
2145.786683,2145.233000,-0.553683,00:35:45.233,3792937077
2146.798728,2146.233000,-0.565728,00:35:46.233,3793822719
2147.812561,2147.266000,-0.546561,00:35:47.266,3794716711
2148.813695,2148.266000,-0.547695,00:35:48.266,3795587442
2149.827366,2149.266000,-0.561366,00:35:49.266,3796491498
2150.840854,2150.266000,-0.574854,00:35:50.266,3797376554
2151.842495,2151.299000,-0.543495,00:35:51.299,3798272324
2152.843720,2152.299000,-0.544720,00:35:52.299,3799155210
2153.857288,2153.299000,-0.558288,00:35:53.299,3799964039
2154.870964,2154.299000,-0.571964,00:35:54.299,3800731354
2155.883459,2155.333000,-0.550459,00:35:55.333,3801600600
2156.886590,2156.333000,-0.553590,00:35:56.333,3802430460
2157.902120,2157.333000,-0.569120,00:35:57.333,3803279144
2158.911887,2158.366000,-0.545887,00:35:58.366,3804047685
2159.928447,2159.366000,-0.562447,00:35:59.366,3804806869
2160.939649,2160.366000,-0.573649,00:36:00.366,3805551732
2161.944570,2161.399000,-0.545570,00:36:01.399,3806250866
2162.950068,2162.399000,-0.551068,00:36:02.399,3807043160
2163.966424,2163.399000,-0.567424,00:36:03.399,3807750862
2164.970298,2164.399000,-0.571298,00:36:04.399,3808521829
2165.971724,2165.399000,-0.572724,00:36:05.399,3809285429
2166.976227,2166.433000,-0.543227,00:36:06.433,3810144077
2167.990823,2167.433000,-0.557823,00:36:07.433,3810925253
2169.005671,2168.433000,-0.572671,00:36:08.433,3811739266
2170.011618,2169.466000,-0.545618,00:36:09.466,3812554009
2171.017882,2170.466000,-0.551882,00:36:10.466,3813382972
2172.028515,2171.466000,-0.562515,00:36:11.466,3814127360
2173.036417,2172.466000,-0.570417,00:36:12.466,3814935049
2174.039461,2173.466000,-0.573461,00:36:13.466,3815707334
2175.055114,2174.499000,-0.556114,00:36:14.499,3816507255
2176.071250,2175.499000,-0.572250,00:36:15.499,3817318084
2177.076480,2176.533000,-0.543480,00:36:16.533,3818122945
2178.080237,2177.533000,-0.547237,00:36:17.533,3818952141
2179.081954,2178.533000,-0.548954,00:36:18.533,3819901539
2180.085453,2179.533000,-0.552453,00:36:19.533,3820678483
2181.086482,2180.533000,-0.553482,00:36:20.533,3821503380
2182.102332,2181.533000,-0.569332,00:36:21.533,3822329633
2183.117282,2182.566000,-0.551282,00:36:22.566,3823228047
2184.121237,2183.566000,-0.555237,00:36:23.566,3824087278
2185.126545,2184.566000,-0.560545,00:36:24.566,3824973187
2186.127820,2185.566000,-0.561820,00:36:25.566,3825873257
2187.128915,2186.566000,-0.562915,00:36:26.566,3826764171
2188.144676,2187.599000,-0.545676,00:36:27.599,3827679306
2189.146323,2188.599000,-0.547323,00:36:28.599,3828517988
2190.149806,2189.599000,-0.550806,00:36:29.599,3829424817
2191.156181,2190.599000,-0.557181,00:36:30.599,3830329879
2192.170180,2191.599000,-0.571180,00:36:31.599,3831272844
2193.184377,2192.633000,-0.551377,00:36:32.633,3832202740
2194.199154,2193.633000,-0.566154,00:36:33.633,3833109596
2195.215487,2194.666000,-0.549487,00:36:34.666,3834083798
2196.230156,2195.666000,-0.564156,00:36:35.666,3835081060
2197.243124,2196.699000,-0.544124,00:36:36.699,3836061092
2198.257295,2197.699000,-0.558295,00:36:37.699,3836977870
2199.258926,2198.699000,-0.559926,00:36:38.699,3837891001
2200.270284,2199.699000,-0.571284,00:36:39.699,3838841747
2201.284553,2200.733000,-0.551553,00:36:40.733,3839810609
2202.300089,2201.733000,-0.567089,00:36:41.733,3840715176
2203.315416,2202.766000,-0.549416,00:36:42.766,3841648235
2204.327895,2203.766000,-0.561895,00:36:43.766,3842544459
2205.340964,2204.766000,-0.574964,00:36:44.766,3843401271
2206.354324,2205.799000,-0.555324,00:36:45.799,3844355365
2207.369026,2206.799000,-0.570026,00:36:46.799,3845255758
2208.380769,2207.833000,-0.547769,00:36:47.833,3846135844
2209.394753,2208.833000,-0.561753,00:36:48.833,3846973739
2210.396762,2209.833000,-0.563762,00:36:49.833,3847818410
2211.409061,2210.866000,-0.543061,00:36:50.866,3848719473
2212.412174,2211.866000,-0.546174,00:36:51.866,3849660504
2213.427829,2212.866000,-0.561829,00:36:52.866,3850589231
2214.440292,2213.866000,-0.574292,00:36:53.866,3851512088
2215.455623,2214.899000,-0.556623,00:36:54.899,3852469483
2216.471143,2215.899000,-0.572143,00:36:55.899,3853472909
2217.486248,2216.933000,-0.553248,00:36:56.933,3854655093
2218.500064,2217.933000,-0.567064,00:36:57.933,3855847202
2219.516655,2218.966000,-0.550655,00:36:58.966,3857010296
2220.531813,2219.966000,-0.565813,00:36:59.966,3858203584
2221.547498,2220.999000,-0.548498,00:37:00.999,3859448807
2222.560769,2221.999000,-0.561769,00:37:01.999,3860596401
2223.563122,2222.999000,-0.564122,00:37:02.999,3861697912
2224.576178,2224.033000,-0.543178,00:37:04.033,3862822617
2225.590964,2225.033000,-0.557964,00:37:05.033,3863864499
2226.601382,2226.033000,-0.568382,00:37:06.033,3864756489
2227.616510,2227.066000,-0.550510,00:37:07.066,3865564537
2228.625841,2228.066000,-0.559841,00:37:08.066,3866327202
2229.640884,2229.066000,-0.574884,00:37:09.066,3867165655
2230.656559,2230.099000,-0.557559,00:37:10.099,3867941917
2231.671240,2231.099000,-0.572240,00:37:11.099,3868702367
2232.686921,2232.133000,-0.553921,00:37:12.133,3869503963
2233.697514,2233.133000,-0.564514,00:37:13.133,3870287620
2234.700860,2234.133000,-0.567860,00:37:14.133,3871091047
2235.702989,2235.133000,-0.569989,00:37:15.133,3871898372
2236.705328,2236.133000,-0.572328,00:37:16.133,3872635926
2237.708095,2237.133000,-0.575095,00:37:17.133,3873376357
2238.710141,2238.166000,-0.544141,00:37:18.166,3874138747
2239.718497,2239.166000,-0.552497,00:37:19.166,3874847542
2240.722927,2240.166000,-0.556927,00:37:20.166,3875547216
2241.726322,2241.166000,-0.560322,00:37:21.166,3876356177
2242.741047,2242.166000,-0.575047,00:37:22.166,3877076602
2243.742737,2243.199000,-0.543737,00:37:23.199,3877800531
2244.748277,2244.199000,-0.549277,00:37:24.199,3878510582
2245.752043,2245.199000,-0.553043,00:37:25.199,3879310962
2246.768116,2246.199000,-0.569116,00:37:26.199,3880111007
2247.775406,2247.233000,-0.542406,00:37:27.233,3880937746
2248.784395,2248.233000,-0.551395,00:37:28.233,3881733977
2249.789017,2249.233000,-0.556017,00:37:29.233,3882518276
2250.795615,2250.233000,-0.562615,00:37:30.233,3883319201
2251.796641,2251.233000,-0.563641,00:37:31.233,3884073683
2252.800817,2252.233000,-0.567817,00:37:32.233,3884874395
2253.805539,2253.233000,-0.572539,00:37:33.233,3885730717
2254.815520,2254.266000,-0.549520,00:37:34.266,3886562084
2255.821131,2255.266000,-0.555131,00:37:35.266,3887371290
2256.836313,2256.266000,-0.570313,00:37:36.266,3888196491
2257.845251,2257.299000,-0.546251,00:37:37.299,3889111303
2258.851151,2258.299000,-0.552151,00:37:38.299,3889944372
2259.857759,2259.299000,-0.558759,00:37:39.299,3890746690
2260.864723,2260.299000,-0.565723,00:37:40.299,3891576080
2261.873259,2261.299000,-0.574259,00:37:41.299,3892410474
2262.876587,2262.333000,-0.543587,00:37:42.333,3893327148
2263.878074,2263.333000,-0.545074,00:37:43.333,3894193981
2264.881813,2264.333000,-0.548813,00:37:44.333,3895077109
2265.884694,2265.333000,-0.551694,00:37:45.333,3895959984
2266.900964,2266.333000,-0.567964,00:37:46.333,3896801466
2267.902106,2267.333000,-0.569106,00:37:47.333,3897614744
2268.903320,2268.333000,-0.570320,00:37:48.333,3898421730
2269.908518,2269.366000,-0.542518,00:37:49.366,3899261723
2270.922646,2270.366000,-0.556646,00:37:50.366,3900123363
2271.925477,2271.366000,-0.559477,00:37:51.366,3900960278
2272.936550,2272.366000,-0.570550,00:37:52.366,3901814979
2273.952553,2273.399000,-0.553553,00:37:53.399,3902731632
2274.966553,2274.399000,-0.567553,00:37:54.399,3903569368
2275.981691,2275.433000,-0.548691,00:37:55.433,3904477582
2276.997893,2276.433000,-0.564893,00:37:56.433,3905334376
2278.000728,2277.433000,-0.567728,00:37:57.433,3906173667
2279.011705,2278.466000,-0.545705,00:37:58.466,3907065260
2280.013243,2279.466000,-0.547243,00:37:59.466,3907887854
2281.027467,2280.466000,-0.561467,00:38:00.466,3908711881
2282.030774,2281.466000,-0.564774,00:38:01.466,3909579948
2283.046465,2282.499000,-0.547465,00:38:02.499,3910524619
2284.057984,2283.499000,-0.558984,00:38:03.499,3911443055
2285.059018,2284.499000,-0.560018,00:38:04.499,3912322232
2286.071862,2285.499000,-0.572862,00:38:05.499,3913193782
2287.084533,2286.533000,-0.551533,00:38:06.533,3914160085
2288.097730,2287.533000,-0.564730,00:38:07.533,3915071023
2289.112932,2288.566000,-0.546932,00:38:08.566,3915997315
2290.122558,2289.566000,-0.556558,00:38:09.566,3916888666
2291.138746,2290.566000,-0.572746,00:38:10.566,3917776309
2292.149931,2291.599000,-0.550931,00:38:11.599,3918633343
2293.163120,2292.599000,-0.564120,00:38:12.599,3919447813
2294.164227,2293.599000,-0.565227,00:38:13.599,3920271794
2295.166701,2294.599000,-0.567701,00:38:14.599,3921109248
2296.183188,2295.633000,-0.550188,00:38:15.633,3922055626
2297.197811,2296.633000,-0.564811,00:38:16.633,3922940787
2298.211167,2297.666000,-0.545167,00:38:17.666,3923834682
2299.224601,2298.666000,-0.558601,00:38:18.666,3924712737
2300.230456,2299.666000,-0.564456,00:38:19.666,3925612826
2301.247161,2300.699000,-0.548161,00:38:20.699,3926554212
2302.263002,2301.699000,-0.564002,00:38:21.699,3927481682
2303.276497,2302.733000,-0.543497,00:38:22.733,3928460588
2304.278196,2303.733000,-0.545196,00:38:23.733,3929512465
2305.293123,2304.733000,-0.560123,00:38:24.733,3930511593
2306.297267,2305.733000,-0.564267,00:38:25.733,3931495893
2307.300877,2306.733000,-0.567877,00:38:26.733,3932468105
2308.305539,2307.733000,-0.572539,00:38:27.733,3933459052
2309.306730,2308.733000,-0.573730,00:38:28.733,3934452583
2310.314609,2309.766000,-0.548609,00:38:29.766,3935505750
2311.315666,2310.766000,-0.549666,00:38:30.766,3936529873
2312.329989,2311.766000,-0.563989,00:38:31.766,3937562077
2313.333013,2312.766000,-0.567013,00:38:32.766,3938542829
2314.338059,2313.766000,-0.572059,00:38:33.766,3939549358
2315.345743,2314.799000,-0.546743,00:38:34.799,3940576872
2316.353106,2315.799000,-0.554106,00:38:35.799,3941548968
2317.357176,2316.799000,-0.558176,00:38:36.799,3942508214
2318.362955,2317.799000,-0.563955,00:38:37.799,3943439951
2319.367794,2318.799000,-0.568794,00:38:38.799,3944314879
2320.374887,2319.799000,-0.575887,00:38:39.799,3945181459
2321.383126,2320.833000,-0.550126,00:38:40.833,3946170943
2322.390138,2321.833000,-0.557138,00:38:41.833,3947125009
2323.395462,2322.833000,-0.562462,00:38:42.833,3948007684
2324.405296,2323.833000,-0.572296,00:38:43.833,3948881080
2325.409341,2324.866000,-0.543341,00:38:44.866,3949761502
2326.416860,2325.866000,-0.550860,00:38:45.866,3950604656
2327.418943,2326.866000,-0.552943,00:38:46.866,3951464838
2328.425592,2327.866000,-0.559592,00:38:47.866,3952333134
2329.433709,2328.866000,-0.567709,00:38:48.866,3953190217
2330.438209,2329.866000,-0.572209,00:38:49.866,3953966911
2331.440170,2330.866000,-0.574170,00:38:50.866,3954731026
2332.447076,2331.899000,-0.548076,00:38:51.899,3955525874
2333.453119,2332.899000,-0.554119,00:38:52.899,3956334631
2334.459167,2333.899000,-0.560167,00:38:53.899,3957141996
2335.464498,2334.899000,-0.565498,00:38:54.899,3957926688
2336.479110,2335.933000,-0.546110,00:38:55.933,3958739898
2337.484212,2336.933000,-0.551212,00:38:56.933,3959572235
2338.488901,2337.933000,-0.555901,00:38:57.933,3960372657
2339.494170,2338.933000,-0.561170,00:38:58.933,3961203476
2340.496741,2339.933000,-0.563741,00:38:59.933,3962045188
2341.499108,2340.933000,-0.566108,00:39:00.933,3962905370
2342.500200,2341.933000,-0.567200,00:39:01.933,3963777866
2343.512900,2342.966000,-0.546900,00:39:02.966,3964666298
2344.516722,2343.966000,-0.550722,00:39:03.966,3965524009
2345.529733,2344.966000,-0.563733,00:39:04.966,3966423042
2346.545546,2345.999000,-0.546546,00:39:05.999,3967310777
2347.561104,2346.999000,-0.562104,00:39:06.999,3968153367
2348.575498,2347.999000,-0.576498,00:39:07.999,3969004547
2349.577553,2349.033000,-0.544553,00:39:09.033,3969841807
2350.592292,2350.033000,-0.559292,00:39:10.033,3970635149
2351.607168,2351.033000,-0.574168,00:39:11.033,3971436466
2352.621639,2352.066000,-0.555639,00:39:12.066,3972304462
2353.636433,2353.066000,-0.570433,00:39:13.066,3973138384
2354.639842,2354.066000,-0.573842,00:39:14.066,3973945110
2355.652012,2355.099000,-0.553012,00:39:15.099,3974697114
2356.653475,2356.099000,-0.554475,00:39:16.099,3975437044
2357.659195,2357.099000,-0.560195,00:39:17.099,3976191691
2358.671534,2358.099000,-0.572534,00:39:18.099,3977028153
2359.687053,2359.133000,-0.554053,00:39:19.133,3978065368
2360.703237,2360.133000,-0.570237,00:39:20.133,3979071211
2361.713278,2361.166000,-0.547278,00:39:21.166,3979939561
2362.717159,2362.166000,-0.551159,00:39:22.166,3980761399
2363.733043,2363.166000,-0.567043,00:39:23.166,3981647437
2364.734386,2364.166000,-0.568386,00:39:24.166,3982586091
2365.748332,2365.199000,-0.549332,00:39:25.199,3983522799
2366.750106,2366.199000,-0.551106,00:39:26.199,3984399211
2367.757090,2367.199000,-0.558090,00:39:27.199,3985263294
2368.758290,2368.199000,-0.559290,00:39:28.199,3986085470
2369.762138,2369.199000,-0.563138,00:39:29.199,3986897261
2370.772328,2370.199000,-0.573328,00:39:30.199,3987769131
2371.776941,2371.233000,-0.543941,00:39:31.233,3988689528
2372.784321,2372.233000,-0.551321,00:39:32.233,3989657286
2373.800125,2373.233000,-0.567125,00:39:33.233,3990642988
2374.807950,2374.233000,-0.574950,00:39:34.233,3991684978
2375.818216,2375.266000,-0.552216,00:39:35.266,3992723581
2376.827930,2376.266000,-0.561930,00:39:36.266,3993743471
2377.837207,2377.266000,-0.571207,00:39:37.266,3994764584
2378.845955,2378.299000,-0.546955,00:39:38.299,3995852219
2379.851991,2379.299000,-0.552991,00:39:39.299,3996879391
2380.860245,2380.299000,-0.561245,00:39:40.299,3997955088
2381.869985,2381.299000,-0.570985,00:39:41.299,3999055791
2382.884289,2382.333000,-0.551289,00:39:42.333,4000195844
2383.892063,2383.333000,-0.559063,00:39:43.333,4001178849
2384.906185,2384.333000,-0.573185,00:39:44.333,4002197233
2385.916194,2385.366000,-0.550194,00:39:45.366,4003236545
2386.927035,2386.366000,-0.561035,00:39:46.366,4004247516
2387.936893,2387.366000,-0.570893,00:39:47.366,4005256896
2388.949997,2388.399000,-0.550997,00:39:48.399,4006133618
2389.961795,2389.399000,-0.562795,00:39:49.399,4006948360
2390.977500,2390.433000,-0.544500,00:39:50.433,4007845914
2391.987764,2391.433000,-0.554764,00:39:51.433,4008716763
2393.000058,2392.433000,-0.567058,00:39:52.433,4009543818
2394.008269,2393.433000,-0.575269,00:39:53.433,4010384016
2395.011133,2394.466000,-0.545133,00:39:54.466,4011259164
2396.015530,2395.466000,-0.549530,00:39:55.466,4012056046
2397.021914,2396.466000,-0.555914,00:39:56.466,4012813790
2398.030094,2397.466000,-0.564094,00:39:57.466,4013606136
2399.035980,2398.466000,-0.569980,00:39:58.466,4014489751
2400.045888,2399.499000,-0.546888,00:39:59.499,4015342517
2401.055896,2400.499000,-0.556896,00:40:00.499,4016164131
2402.057681,2401.499000,-0.558681,00:40:01.499,4017003350
2403.074594,2402.499000,-0.575594,00:40:02.499,4017856314
2404.080636,2403.533000,-0.547636,00:40:03.533,4018801527
2405.085841,2404.533000,-0.552841,00:40:04.533,4019736678
2406.088667,2405.533000,-0.555667,00:40:05.533,4020711763
2407.095458,2406.533000,-0.562458,00:40:06.533,4021651013
2408.100040,2407.533000,-0.567040,00:40:07.533,4022577255
2409.101942,2408.533000,-0.568942,00:40:08.533,4023412547
2410.106497,2409.533000,-0.573497,00:40:09.533,4024236417
2411.108518,2410.533000,-0.575518,00:40:10.533,4025071158
2412.123202,2411.566000,-0.557202,00:40:11.566,4025995692
2413.125222,2412.566000,-0.559222,00:40:12.566,4026884312
2414.140144,2413.566000,-0.574144,00:40:13.566,4027723805
2415.141550,2414.566000,-0.575550,00:40:14.566,4028569113
2416.146844,2415.599000,-0.547844,00:40:15.599,4029476764
2417.153323,2416.599000,-0.554323,00:40:16.599,4030359042
2418.168204,2417.599000,-0.569204,00:40:17.599,4031215852
2419.184383,2418.633000,-0.551383,00:40:18.633,4032075647
2420.190159,2419.633000,-0.557159,00:40:19.633,4032894628
2421.197738,2420.633000,-0.564738,00:40:20.633,4033819188
2422.213400,2421.666000,-0.547400,00:40:21.666,4034716988
2423.215935,2422.666000,-0.549935,00:40:22.666,4035579988
2424.220548,2423.666000,-0.554548,00:40:23.666,4036397423
2425.236227,2424.666000,-0.570227,00:40:24.666,4037161277
2426.238001,2425.666000,-0.572001,00:40:25.666,4037961282
2427.242539,2426.699000,-0.543539,00:40:26.699,4038811018
2428.248095,2427.699000,-0.549095,00:40:27.699,4039693730
2429.254135,2428.699000,-0.555135,00:40:28.699,4040659104
2430.258087,2429.699000,-0.559087,00:40:29.699,4041536402
2431.264436,2430.699000,-0.565436,00:40:30.699,4042279427
2432.265880,2431.699000,-0.566880,00:40:31.699,4043028913
2433.273350,2432.699000,-0.574350,00:40:32.699,4043796348
2434.279977,2433.733000,-0.546977,00:40:33.733,4044582900
2435.284825,2434.733000,-0.551825,00:40:34.733,4045376907
2436.288817,2435.733000,-0.555817,00:40:35.733,4046162527
2437.303372,2436.733000,-0.570372,00:40:36.733,4047081054
2438.309334,2437.766000,-0.543334,00:40:37.766,4048040802
2439.325219,2438.766000,-0.559219,00:40:38.766,4048937044
2440.328319,2439.766000,-0.562319,00:40:39.766,4049865335
2441.339114,2440.766000,-0.573114,00:40:40.766,4050740915
2442.342182,2441.766000,-0.576182,00:40:41.766,4051534525
2443.350108,2442.799000,-0.551108,00:40:42.799,4052341258
2444.354456,2443.799000,-0.555456,00:40:43.799,4053130493
2445.359152,2444.799000,-0.560152,00:40:44.799,4053944082
2446.370668,2445.799000,-0.571668,00:40:45.799,4054840282
2447.372850,2446.799000,-0.573850,00:40:46.799,4055715340
2448.377955,2447.833000,-0.544955,00:40:47.833,4056563914
2449.386154,2448.833000,-0.553154,00:40:48.833,4057343283
2450.396194,2449.833000,-0.563194,00:40:49.833,4058145415
2451.399011,2450.833000,-0.566011,00:40:50.833,4058968896
2452.407851,2451.833000,-0.574851,00:40:51.833,4059746740
2453.419957,2452.866000,-0.553957,00:40:52.866,4060526308
2454.424250,2453.866000,-0.558250,00:40:53.866,4061338820
2455.436902,2454.866000,-0.570902,00:40:54.866,4062124045
2456.444185,2455.899000,-0.545185,00:40:55.899,4062974832
2457.454614,2456.899000,-0.555614,00:40:56.899,4063876395
2458.462144,2457.899000,-0.563144,00:40:57.899,4064815949
2459.469714,2458.899000,-0.570714,00:40:58.899,4065764703
2460.474283,2459.899000,-0.575283,00:40:59.899,4066653095
2461.482099,2460.933000,-0.549099,00:41:00.933,4067624402
2462.488692,2461.933000,-0.555692,00:41:01.933,4068563098
2463.495837,2462.933000,-0.562837,00:41:02.933,4069450142
2464.499959,2463.933000,-0.566959,00:41:03.933,4070326121
2465.508898,2464.966000,-0.542898,00:41:04.966,4071255910
2466.516780,2465.966000,-0.550780,00:41:05.966,4072166327
2467.533293,2466.966000,-0.567293,00:41:06.966,4073106981
2468.536001,2467.966000,-0.570001,00:41:07.966,4074048317
2469.540135,2468.966000,-0.574135,00:41:08.966,4074976097
2470.543403,2469.999000,-0.544403,00:41:09.999,4075902308
2471.546670,2470.999000,-0.547670,00:41:10.999,4076744572
2472.549842,2471.999000,-0.550842,00:41:11.999,4077595072
2473.551321,2472.999000,-0.552321,00:41:12.999,4078463780
2474.566815,2473.999000,-0.567815,00:41:13.999,4079331857
2475.579761,2475.033000,-0.546761,00:41:15.033,4080238334
2476.594546,2476.033000,-0.561546,00:41:16.033,4081173865
2477.609538,2477.066000,-0.543538,00:41:17.066,4082181124
2478.624320,2478.066000,-0.558320,00:41:18.066,4083150389
2479.625873,2479.066000,-0.559873,00:41:19.066,4084114606
2480.639950,2480.099000,-0.540950,00:41:20.099,4085070065
2481.642861,2481.099000,-0.543861,00:41:21.099,4086100115
2482.657954,2482.099000,-0.558954,00:41:22.099,4087124421
2483.662702,2483.099000,-0.563702,00:41:23.099,4088151245
2484.665558,2484.099000,-0.566558,00:41:24.099,4089110744
2485.667442,2485.099000,-0.568442,00:41:25.099,4089983268
2486.682468,2486.133000,-0.549468,00:41:26.133,4090921740
2487.697695,2487.133000,-0.564695,00:41:27.133,4091881858
2488.701858,2488.133000,-0.568858,00:41:28.133,4092727505
2489.707521,2489.166000,-0.541521,00:41:29.166,4093543745
2490.713672,2490.166000,-0.547672,00:41:30.166,4094367656
2491.727346,2491.166000,-0.561346,00:41:31.166,4095286256
2492.742676,2492.199000,-0.543676,00:41:32.199,4096257836
2493.747256,2493.199000,-0.548256,00:41:33.199,4097094968
2494.750302,2494.199000,-0.551302,00:41:34.199,4097852578
2495.760718,2495.199000,-0.561718,00:41:35.199,4098672248
2496.775422,2496.199000,-0.576422,00:41:36.199,4099468540
2497.786989,2497.233000,-0.553989,00:41:37.233,4100289100
2498.789669,2498.233000,-0.556669,00:41:38.233,4101092422
2499.804366,2499.233000,-0.571366,00:41:39.233,4101912096
2500.805692,2500.233000,-0.572692,00:41:40.233,4102669542
2501.808486,2501.233000,-0.575486,00:41:41.233,4103439818
2502.810538,2502.266000,-0.544538,00:41:42.266,4104278669
2503.812731,2503.266000,-0.546731,00:41:43.266,4105122870
2504.818189,2504.266000,-0.552189,00:41:44.266,4105932542
2505.832702,2505.266000,-0.566702,00:41:45.266,4106780909
2506.836052,2506.266000,-0.570052,00:41:46.266,4107651729
2507.852688,2507.299000,-0.553688,00:41:47.299,4108548287
2508.854202,2508.299000,-0.555202,00:41:48.299,4109512840
2509.867003,2509.299000,-0.568003,00:41:49.299,4110553525
2510.868215,2510.299000,-0.569215,00:41:50.299,4111747400
2511.874248,2511.299000,-0.575248,00:41:51.299,4112985274
2512.889672,2512.333000,-0.556672,00:41:52.333,4114268475
2513.893829,2513.333000,-0.560829,00:41:53.333,4115462057
2514.897269,2514.333000,-0.564269,00:41:54.333,4116662636
2515.899671,2515.333000,-0.566671,00:41:55.333,4117902361
2516.915306,2516.366000,-0.549306,00:41:56.366,4119143241
2517.917741,2517.366000,-0.551741,00:41:57.366,4120306130
2518.920731,2518.366000,-0.554731,00:41:58.366,4121428260
2519.924202,2519.366000,-0.558202,00:41:59.366,4122584628
2520.939485,2520.366000,-0.573485,00:42:00.366,4123816997
2521.941343,2521.399000,-0.542343,00:42:01.399,4125064480
2522.951242,2522.399000,-0.552242,00:42:02.399,4126222358
2523.952794,2523.399000,-0.553794,00:42:03.399,4127354187
2524.968252,2524.399000,-0.569252,00:42:04.399,4128447380
2525.975139,2525.433000,-0.542139,00:42:05.433,4129442049
2526.988335,2526.433000,-0.555335,00:42:06.433,4130254967
2527.993529,2527.433000,-0.560529,00:42:07.433,4131060684
2529.008146,2528.433000,-0.575146,00:42:08.433,4131904677
2530.022962,2529.466000,-0.556962,00:42:09.466,4132763029
2531.036229,2530.466000,-0.570229,00:42:10.466,4133606474
2532.042676,2531.499000,-0.543676,00:42:11.499,4134494141
2533.045341,2532.499000,-0.546341,00:42:12.499,4135363673
2534.057466,2533.499000,-0.558466,00:42:13.499,4136226772
2535.073774,2534.499000,-0.574774,00:42:14.499,4137086531
2536.079927,2535.533000,-0.546927,00:42:15.533,4137987359
2537.083824,2536.533000,-0.550824,00:42:16.533,4138919479
2538.086612,2537.533000,-0.553612,00:42:17.533,4139801030
2539.102083,2538.533000,-0.569083,00:42:18.533,4140708627
2540.103527,2539.533000,-0.570527,00:42:19.533,4141567500
2541.119204,2540.566000,-0.553204,00:42:20.566,4142455210
2542.135664,2541.566000,-0.569664,00:42:21.566,4143255246
2543.138652,2542.566000,-0.572652,00:42:22.566,4144083734
2544.141015,2543.566000,-0.575015,00:42:23.566,4144988594
2545.146271,2544.599000,-0.547271,00:42:24.599,4145914037
2546.149333,2545.599000,-0.550333,00:42:25.599,4146875114
2547.164340,2546.599000,-0.565340,00:42:26.599,4147778278
2548.167548,2547.599000,-0.568548,00:42:27.599,4148657914
2549.168711,2548.599000,-0.569711,00:42:28.599,4149551628
2550.183897,2549.633000,-0.550897,00:42:29.633,4150469623
2551.199357,2550.633000,-0.566357,00:42:30.633,4151363054
2552.213600,2551.666000,-0.547600,00:42:31.666,4152285195
2553.218049,2552.666000,-0.552049,00:42:32.666,4153186678
2554.221972,2553.666000,-0.555972,00:42:33.666,4154115365
2555.225310,2554.666000,-0.559310,00:42:34.666,4154984038
2556.239520,2555.666000,-0.573520,00:42:35.666,4155866765
2557.253347,2556.699000,-0.554347,00:42:36.699,4156777691
2558.254396,2557.699000,-0.555396,00:42:37.699,4157650894
2559.256265,2558.699000,-0.557265,00:42:38.699,4158540022
2560.257717,2559.699000,-0.558717,00:42:39.699,4159462149
2561.272554,2560.699000,-0.573554,00:42:40.699,4160390228
2562.275549,2561.733000,-0.542549,00:42:41.733,4161328434
2563.291560,2562.733000,-0.558560,00:42:42.733,4162169985
2564.307230,2563.733000,-0.574230,00:42:43.733,4163021821
2565.312316,2564.766000,-0.546316,00:42:44.766,4163924108
2566.327072,2565.766000,-0.561072,00:42:45.766,4164823860
2567.340681,2566.766000,-0.574681,00:42:46.766,4165737554
2568.346208,2567.799000,-0.547208,00:42:47.799,4166707563
2569.352185,2568.799000,-0.553185,00:42:48.799,4167630418
2570.365694,2569.799000,-0.566694,00:42:49.799,4168536466
2571.381744,2570.833000,-0.548744,00:42:50.833,4169470698
2572.387379,2571.833000,-0.554379,00:42:51.833,4170315484
2573.391802,2572.833000,-0.558802,00:42:52.833,4171249428
2574.397455,2573.833000,-0.564455,00:42:53.833,4172168358
2575.410564,2574.866000,-0.544564,00:42:54.866,4173073879
2576.413063,2575.866000,-0.547063,00:42:55.866,4173860740
2577.420430,2576.866000,-0.554430,00:42:56.866,4174612019
2578.421567,2577.866000,-0.555567,00:42:57.866,4175401839
2579.435487,2578.866000,-0.569487,00:42:58.866,4176251873
2580.439576,2579.866000,-0.573576,00:42:59.866,4177058320
2581.454482,2580.899000,-0.555482,00:43:00.899,4177895340
2582.467338,2581.899000,-0.568338,00:43:01.899,4178712527
2583.475814,2582.933000,-0.542814,00:43:02.933,4179574656
2584.485723,2583.933000,-0.552723,00:43:03.933,4180399260
2585.490255,2584.933000,-0.557255,00:43:04.933,4181190129
2586.498295,2585.933000,-0.565295,00:43:05.933,4182011093
2587.505688,2586.933000,-0.572688,00:43:06.933,4182902257
2588.510729,2587.966000,-0.544729,00:43:07.966,4183823974
2589.526143,2588.966000,-0.560143,00:43:08.966,4184748682
2590.531413,2589.966000,-0.565413,00:43:09.966,4185669715
2591.534448,2590.966000,-0.568448,00:43:10.966,4186541565
2592.540277,2591.966000,-0.574277,00:43:11.966,4187396088
2593.555403,2592.999000,-0.556403,00:43:12.999,4188275319
2594.570802,2593.999000,-0.571802,00:43:13.999,4189109935
2595.577067,2595.033000,-0.544067,00:43:15.033,4189988153
2596.579286,2596.033000,-0.546286,00:43:16.033,4190806532
2597.595481,2597.033000,-0.562481,00:43:17.033,4191633453
2598.600593,2598.033000,-0.567593,00:43:18.033,4192465114
2599.616356,2599.066000,-0.550356,00:43:19.066,4193326443
2600.617611,2600.066000,-0.551611,00:43:20.066,4194210211
2601.622893,2601.066000,-0.556893,00:43:21.066,4195121290
2602.628824,2602.066000,-0.562824,00:43:22.066,4196045078
2603.633543,2603.066000,-0.567543,00:43:23.066,4196957355
2604.638338,2604.066000,-0.572338,00:43:24.066,4197908751
2605.644006,2605.099000,-0.545006,00:43:25.099,4198830213
2606.656384,2606.099000,-0.557384,00:43:26.099,4199703497
2607.660172,2607.099000,-0.561172,00:43:27.099,4200588507
2608.666384,2608.099000,-0.567384,00:43:28.099,4201437686
2609.671534,2609.099000,-0.572534,00:43:29.099,4202228055
2610.674355,2610.099000,-0.575355,00:43:30.099,4203001459
2611.685516,2611.133000,-0.552516,00:43:31.133,4203774086
2612.700058,2612.133000,-0.567058,00:43:32.133,4204558074
2613.704717,2613.133000,-0.571717,00:43:33.133,4205316325
2614.706197,2614.133000,-0.573197,00:43:34.133,4206066955
2615.713160,2615.166000,-0.547160,00:43:35.166,4206873533
2616.721641,2616.166000,-0.555641,00:43:36.166,4207710670
2617.727582,2617.166000,-0.561582,00:43:37.166,4208591611
2618.732435,2618.166000,-0.566435,00:43:38.166,4209470726
2619.736682,2619.166000,-0.570682,00:43:39.166,4210326017
2620.744436,2620.199000,-0.545436,00:43:40.199,4211210450
2621.761102,2621.199000,-0.562102,00:43:41.199,4212051630
2622.768240,2622.199000,-0.569240,00:43:42.199,4212922786
2623.778833,2623.233000,-0.545833,00:43:43.233,4213810259
2624.787368,2624.233000,-0.554368,00:43:44.233,4214696947
2625.793697,2625.233000,-0.560697,00:43:45.233,4215541731
2626.798642,2626.233000,-0.565642,00:43:46.233,4216392128
2627.802482,2627.233000,-0.569482,00:43:47.233,4217241016
2628.803635,2628.233000,-0.570635,00:43:48.233,4218083632
2629.810655,2629.266000,-0.544655,00:43:49.266,4218893501
2630.819450,2630.266000,-0.553450,00:43:50.266,4219693572
2631.825717,2631.266000,-0.559717,00:43:51.266,4220537568
2632.842260,2632.299000,-0.543260,00:43:52.299,4221436219
2633.844391,2633.299000,-0.545391,00:43:53.299,4222227546
2634.851447,2634.299000,-0.552447,00:43:54.299,4223037978
2635.855679,2635.299000,-0.556679,00:43:55.299,4223871178
2636.862285,2636.299000,-0.563285,00:43:56.299,4224696920
2637.869384,2637.299000,-0.570384,00:43:57.299,4225596296
2638.875609,2638.333000,-0.542609,00:43:58.333,4226485742
2639.880665,2639.333000,-0.547665,00:43:59.333,4227340095
2640.888321,2640.333000,-0.555321,00:44:00.333,4228218931
2641.897537,2641.333000,-0.564537,00:44:01.333,4229139805
2642.906547,2642.333000,-0.573547,00:44:02.333,4230070108
2643.917582,2643.366000,-0.551582,00:44:03.366,4231071919
2644.926461,2644.366000,-0.560461,00:44:04.366,4232021884
2645.930392,2645.366000,-0.564392,00:44:05.366,4232996250
2646.937333,2646.366000,-0.571333,00:44:06.366,4233929469
2647.942791,2647.399000,-0.543791,00:44:07.399,4234912174
2648.945403,2648.399000,-0.546403,00:44:08.399,4235866588
2649.953066,2649.399000,-0.554066,00:44:09.399,4236798679
2650.956180,2650.399000,-0.557180,00:44:10.399,4237747554
2651.960229,2651.399000,-0.561229,00:44:11.399,4238714892
2652.966704,2652.399000,-0.567704,00:44:12.399,4239686171
2653.969179,2653.399000,-0.570179,00:44:13.399,4240690143
2654.979608,2654.433000,-0.546608,00:44:14.433,4241655012
2655.985556,2655.433000,-0.552556,00:44:15.433,4242532176
2656.988474,2656.433000,-0.555474,00:44:16.433,4243411213
2657.991998,2657.433000,-0.558998,00:44:17.433,4244314865
2658.998493,2658.433000,-0.565493,00:44:18.433,4245195984
2660.004228,2659.433000,-0.571228,00:44:19.433,4246077599
2661.010466,2660.466000,-0.544466,00:44:20.466,4246984743
2662.017722,2661.466000,-0.551722,00:44:21.466,4247913136
2663.019624,2662.466000,-0.553624,00:44:22.466,4248821876
2664.024302,2663.466000,-0.558302,00:44:23.466,4249670315
2665.031332,2664.466000,-0.565332,00:44:24.466,4250492286
2666.032383,2665.466000,-0.566383,00:44:25.466,4251332514
2667.047300,2666.499000,-0.548300,00:44:26.499,4252202098
2668.049817,2667.499000,-0.550817,00:44:27.499,4253035589
2669.056769,2668.499000,-0.557769,00:44:28.499,4253876062
2670.058314,2669.499000,-0.559314,00:44:29.499,4254717216
2671.065402,2670.499000,-0.566402,00:44:30.499,4255634646
2672.067616,2671.499000,-0.568616,00:44:31.499,4256477698
2673.079976,2672.533000,-0.546976,00:44:32.533,4257335061
2674.086285,2673.533000,-0.553285,00:44:33.533,4258164279
2675.089344,2674.533000,-0.556344,00:44:34.533,4258963543
2676.103358,2675.533000,-0.570358,00:44:35.533,4259710622
2677.106302,2676.533000,-0.573302,00:44:36.533,4260471127
2678.108375,2677.566000,-0.542375,00:44:37.566,4261222475
2679.111568,2678.566000,-0.545568,00:44:38.566,4262015306
2680.114201,2679.566000,-0.548201,00:44:39.566,4262772597
2681.116283,2680.566000,-0.550283,00:44:40.566,4263539124
2682.121734,2681.566000,-0.555734,00:44:41.566,4264297695
2683.136605,2682.566000,-0.570605,00:44:42.566,4265068398
2684.145051,2683.599000,-0.546051,00:44:43.599,4265882279
2685.153329,2684.599000,-0.554329,00:44:44.599,4266700256
2686.158575,2685.599000,-0.559575,00:44:45.599,4267534126
2687.161100,2686.599000,-0.562100,00:44:46.599,4268469164
2688.162138,2687.599000,-0.563138,00:44:47.599,4269354665
2689.175508,2688.633000,-0.542508,00:44:48.633,4270202832
2690.189431,2689.633000,-0.556431,00:44:49.633,4270997761
2691.204761,2690.633000,-0.571761,00:44:50.633,4271800679
2692.219513,2691.666000,-0.553513,00:44:51.666,4272677502
2693.221410,2692.666000,-0.555410,00:44:52.666,4273580648
2694.224316,2693.666000,-0.558316,00:44:53.666,4274442486
2695.232372,2694.666000,-0.566372,00:44:54.666,4275279189
2696.238959,2695.666000,-0.572959,00:44:55.666,4276166241
2697.243208,2696.699000,-0.544208,00:44:56.699,4277085675
2698.245360,2697.699000,-0.546360,00:44:57.699,4277952327
2699.251237,2698.699000,-0.552237,00:44:58.699,4278763893
2700.262022,2699.699000,-0.563022,00:44:59.699,4279577660
2701.268308,2700.699000,-0.569308,00:45:00.699,4280423081
2702.269787,2701.699000,-0.570787,00:45:01.699,4281243854
2703.272088,2702.699000,-0.573088,00:45:02.699,4282062863
2704.277744,2703.733000,-0.544744,00:45:03.733,4282965255
2705.288711,2704.733000,-0.555711,00:45:04.733,4283787762
2706.294242,2705.733000,-0.561242,00:45:05.733,4284667300
2707.301880,2706.733000,-0.568880,00:45:06.733,4285581135
2708.302918,2707.733000,-0.569918,00:45:07.733,4286455822
2709.304756,2708.733000,-0.571756,00:45:08.733,4287302737
2710.310935,2709.766000,-0.544935,00:45:09.766,4288156971
2711.314263,2710.766000,-0.548263,00:45:10.766,4288979792
2712.316358,2711.766000,-0.550358,00:45:11.766,4289908171
2713.321848,2712.766000,-0.555848,00:45:12.766,4290810278
2714.324508,2713.766000,-0.558508,00:45:13.766,4291732319
2715.327374,2714.766000,-0.561374,00:45:14.766,4292680860
2716.342569,2715.799000,-0.543569,00:45:15.799,4293655582
2717.358681,2716.799000,-0.559681,00:45:16.799,4294524190
2718.360960,2717.799000,-0.561960,00:45:17.799,4295457245
2719.375523,2718.833000,-0.542523,00:45:18.833,4296485351
2720.386669,2719.833000,-0.553669,00:45:19.833,4297373214
2721.390922,2720.833000,-0.557922,00:45:20.833,4298269334
2722.396770,2721.833000,-0.563770,00:45:21.833,4299231403
2723.398556,2722.833000,-0.565556,00:45:22.833,4300207892
2724.400948,2723.833000,-0.567948,00:45:23.833,4301156833
2725.404184,2724.833000,-0.571184,00:45:24.833,4302122843
2726.419515,2725.866000,-0.553515,00:45:25.866,4303151510
2727.421811,2726.866000,-0.555811,00:45:26.866,4304087100
2728.426364,2727.866000,-0.560364,00:45:27.866,4305031452
2729.432131,2728.866000,-0.566131,00:45:28.866,4306049852
2730.435553,2729.866000,-0.569553,00:45:29.866,4306979986
2731.449767,2730.899000,-0.550767,00:45:30.899,4307864810
2732.464073,2731.899000,-0.565073,00:45:31.899,4308783814
2733.465681,2732.899000,-0.566681,00:45:32.899,4309708696
2734.480453,2733.933000,-0.547453,00:45:33.933,4310638250
2735.482583,2734.933000,-0.549583,00:45:34.933,4311510460
2736.484270,2735.933000,-0.551270,00:45:35.933,4312348814
2737.500240,2736.933000,-0.567240,00:45:36.933,4313214827
2738.504492,2737.933000,-0.571492,00:45:37.933,4314022897
2739.507438,2738.933000,-0.574438,00:45:38.933,4314851608
2740.508613,2739.966000,-0.542613,00:45:39.966,4315769368
2741.514701,2740.966000,-0.548701,00:45:40.966,4316683863
2742.530633,2741.966000,-0.564633,00:45:41.966,4317583837
2743.533680,2742.966000,-0.567680,00:45:42.966,4318475396
2744.549662,2743.999000,-0.550662,00:45:43.999,4319384573
2745.551782,2744.999000,-0.552782,00:45:44.999,4320291255
2746.565336,2745.999000,-0.566336,00:45:45.999,4321114836
2747.581372,2747.033000,-0.548372,00:45:47.033,4321934811
2748.582721,2748.033000,-0.549721,00:45:48.033,4322770095
2749.595183,2749.033000,-0.562183,00:45:49.033,4323587063
2750.597719,2750.033000,-0.564719,00:45:50.033,4324390444
2751.604158,2751.033000,-0.571158,00:45:51.033,4325207295
2752.618037,2752.066000,-0.552037,00:45:52.066,4326131458
2753.634547,2753.066000,-0.568547,00:45:53.066,4327060842
2754.639467,2754.066000,-0.573467,00:45:54.066,4328056992
2755.655619,2755.099000,-0.556619,00:45:55.099,4328979354
2756.657524,2756.099000,-0.558524,00:45:56.099,4329904611
2757.662950,2757.099000,-0.563950,00:45:57.099,4330831626
2758.678452,2758.133000,-0.545452,00:45:58.133,4331772155
2759.679404,2759.133000,-0.546404,00:45:59.133,4332646464
2760.682573,2760.133000,-0.549573,00:46:00.133,4333652564
2761.697748,2761.133000,-0.564748,00:46:01.133,4334739220
2762.714064,2762.166000,-0.548064,00:46:02.166,4335924428
2763.716581,2763.166000,-0.550581,00:46:03.166,4337011067
2764.731791,2764.166000,-0.565791,00:46:04.166,4338143963
2765.735632,2765.166000,-0.569632,00:46:05.166,4339265855
2766.737320,2766.166000,-0.571320,00:46:06.166,4340458943
2767.743080,2767.199000,-0.544080,00:46:07.199,4341656174
2768.750311,2768.199000,-0.551311,00:46:08.199,4342831527
2769.752972,2769.199000,-0.553972,00:46:09.199,4344017642
2770.766481,2770.199000,-0.567481,00:46:10.199,4345206697
2771.769374,2771.199000,-0.570374,00:46:11.199,4346435186
2772.784438,2772.233000,-0.551438,00:46:12.233,4347647087
2773.786420,2773.233000,-0.553420,00:46:13.233,4348792987
2774.787956,2774.233000,-0.554956,00:46:14.233,4350049892
2775.803030,2775.233000,-0.570030,00:46:15.233,4351246847
2776.804816,2776.233000,-0.571816,00:46:16.233,4352492416
2777.820179,2777.266000,-0.554179,00:46:17.266,4353690350
2778.834602,2778.266000,-0.568602,00:46:18.266,4354927420
2779.849656,2779.299000,-0.550656,00:46:19.299,4356137774
2780.863135,2780.299000,-0.564135,00:46:20.299,4357292339
2781.877482,2781.333000,-0.544482,00:46:21.333,4358524011
2782.894182,2782.333000,-0.561182,00:46:22.333,4359736567
2783.906479,2783.333000,-0.573479,00:46:23.333,4360941150
2784.922062,2784.366000,-0.556062,00:46:24.366,4362055670
2785.935850,2785.366000,-0.569850,00:46:25.366,4363157054
2786.951808,2786.399000,-0.552808,00:46:26.399,4364322625
2787.964281,2787.399000,-0.565281,00:46:27.399,4365475323
2788.977296,2788.433000,-0.544296,00:46:28.433,4366491334
2789.992035,2789.433000,-0.559035,00:46:29.433,4367400629
2790.995384,2790.433000,-0.562384,00:46:30.433,4368230020
2792.009816,2791.466000,-0.543816,00:46:31.466,4369050515
2793.024385,2792.466000,-0.558385,00:46:32.466,4369843266
2794.037461,2793.466000,-0.571461,00:46:33.466,4370657606
2795.040860,2794.466000,-0.574860,00:46:34.466,4371482917
2796.055539,2795.499000,-0.556539,00:46:35.499,4372383322
2797.057681,2796.499000,-0.558681,00:46:36.499,4373196247
2798.074211,2797.499000,-0.575211,00:46:37.499,4374076489
2799.086735,2798.533000,-0.553735,00:46:38.533,4374956053
2800.101065,2799.533000,-0.568065,00:46:39.533,4375840591
2801.116469,2800.566000,-0.550469,00:46:40.566,4376747257
2802.129822,2801.566000,-0.563822,00:46:41.566,4377607549
2803.141659,2802.566000,-0.575659,00:46:42.566,4378459410
2804.155154,2803.599000,-0.556154,00:46:43.599,4379335757
2805.167408,2804.599000,-0.568408,00:46:44.599,4380133843
2806.181800,2805.633000,-0.548800,00:46:45.633,4380967731
2807.194737,2806.633000,-0.561737,00:46:46.633,4381774837
2808.208229,2807.633000,-0.575229,00:46:47.633,4382634257
2809.223268,2808.666000,-0.557268,00:46:48.666,4383554621
2810.236406,2809.666000,-0.570406,00:46:49.666,4384424224
2811.239858,2810.666000,-0.573858,00:46:50.666,4385312662
2812.255425,2811.699000,-0.556425,00:46:51.699,4386218630
2813.269345,2812.699000,-0.570345,00:46:52.699,4386970669
2814.275530,2813.733000,-0.542530,00:46:53.733,4387762545
2815.291493,2814.733000,-0.558493,00:46:54.733,4388560954
2816.297267,2815.733000,-0.564267,00:46:55.733,4389337993
2817.298960,2816.733000,-0.565960,00:46:56.733,4390220662
2818.314575,2817.766000,-0.548575,00:46:57.766,4391143949
2819.319184,2818.766000,-0.553184,00:46:58.766,4392038759
2820.323473,2819.766000,-0.557473,00:46:59.766,4392926386
2821.333036,2820.766000,-0.567036,00:47:00.766,4393761166
2822.334362,2821.766000,-0.568362,00:47:01.766,4394536285
2823.348182,2822.799000,-0.549182,00:47:02.799,4395403618
2824.354515,2823.799000,-0.555515,00:47:03.799,4396319480
2825.355615,2824.799000,-0.556615,00:47:04.799,4397224962
2826.368568,2825.799000,-0.569568,00:47:05.799,4398016900
2827.371944,2826.799000,-0.572944,00:47:06.799,4398772918
2828.387459,2827.833000,-0.554459,00:47:07.833,4399580695
2829.401770,2828.833000,-0.568770,00:47:08.833,4400426936
2830.416528,2829.866000,-0.550528,00:47:09.866,4401234979
2831.422221,2830.866000,-0.556221,00:47:10.866,4402036234
2832.437616,2831.866000,-0.571616,00:47:11.866,4402880699
2833.453286,2832.899000,-0.554286,00:47:12.899,4403752773
2834.457085,2833.899000,-0.558085,00:47:13.899,4404568398
2835.472209,2834.899000,-0.573209,00:47:14.899,4405414336
2836.486618,2835.933000,-0.553618,00:47:15.933,4406346990
2837.491907,2836.933000,-0.558907,00:47:16.933,4407296558
2838.495276,2837.933000,-0.562276,00:47:17.933,4408219759
2839.497302,2838.933000,-0.564302,00:47:18.933,4409163835
2840.499096,2839.933000,-0.566096,00:47:19.933,4410129365
2841.516186,2840.966000,-0.550186,00:47:20.966,4411104162
2842.519201,2841.966000,-0.553201,00:47:21.966,4412018057
2843.520768,2842.966000,-0.554768,00:47:22.966,4412938947
2844.536523,2843.966000,-0.570523,00:47:23.966,4413796731
2845.551960,2844.999000,-0.552960,00:47:24.999,4414704056
2846.554271,2845.999000,-0.555271,00:47:25.999,4415560459
2847.556466,2846.999000,-0.557466,00:47:26.999,4416428700
2848.570770,2847.999000,-0.571770,00:47:27.999,4417305746
2849.584635,2849.033000,-0.551635,00:47:29.033,4418191059
2850.599925,2850.033000,-0.566925,00:47:30.033,4418967056
2851.601964,2851.033000,-0.568964,00:47:31.033,4419737307
2852.615589,2852.066000,-0.549589,00:47:32.066,4420554728
2853.629055,2853.066000,-0.563055,00:47:33.066,4421384313
2854.630093,2854.066000,-0.564093,00:47:34.066,4422268113
2855.644161,2855.099000,-0.545161,00:47:35.099,4423201280
2856.657884,2856.099000,-0.558884,00:47:36.099,4424139837
2857.669816,2857.099000,-0.570816,00:47:37.099,4425035455
2858.684542,2858.133000,-0.551542,00:47:38.133,4425938848
2859.695410,2859.133000,-0.562410,00:47:39.133,4426806711
2860.707428,2860.133000,-0.574428,00:47:40.133,4427683838
2861.708938,2861.166000,-0.542938,00:47:41.166,4428645034
2862.722847,2862.166000,-0.556847,00:47:42.166,4429636735
2863.738692,2863.166000,-0.572692,00:47:43.166,4430609418
2864.753976,2864.199000,-0.554976,00:47:44.199,4431641497
2865.765676,2865.199000,-0.566676,00:47:45.199,4432586551
2866.777747,2866.233000,-0.544747,00:47:46.233,4433576588
2867.791740,2867.233000,-0.558740,00:47:47.233,4434516511
2868.802763,2868.233000,-0.569763,00:47:48.233,4435440300
2869.815581,2869.266000,-0.549581,00:47:49.266,4436436049
2870.825220,2870.266000,-0.559220,00:47:50.266,4437453648
2871.838681,2871.266000,-0.572681,00:47:51.266,4438480008
2872.840603,2872.266000,-0.574603,00:47:52.266,4439511316
2873.855521,2873.299000,-0.556521,00:47:53.299,4440541029
2874.867598,2874.299000,-0.568598,00:47:54.299,4441499157
2875.880610,2875.333000,-0.547610,00:47:55.333,4442479801
2876.892765,2876.333000,-0.559765,00:47:56.333,4443380042
2877.904059,2877.333000,-0.571059,00:47:57.333,4444168687
2878.920012,2878.366000,-0.554012,00:47:58.366,4445174239
2879.934374,2879.366000,-0.568374,00:47:59.366,4446052960
2880.946438,2880.399000,-0.547438,00:48:00.399,4446890321
2881.960918,2881.399000,-0.561918,00:48:01.399,4447836118
2882.976486,2882.433000,-0.543486,00:48:02.433,4448826400
2883.992124,2883.433000,-0.559124,00:48:03.433,4449766101
2884.995660,2884.433000,-0.562660,00:48:04.433,4450685051
2885.998087,2885.433000,-0.565087,00:48:05.433,4451509248
2887.000878,2886.433000,-0.567878,00:48:06.433,4452474954
2888.017047,2887.466000,-0.551047,00:48:07.466,4453547271
2889.020497,2888.466000,-0.554497,00:48:08.466,4454652387
2890.026345,2889.466000,-0.560345,00:48:09.466,4455735613
2891.030261,2890.466000,-0.564261,00:48:10.466,4456665256
2892.033067,2891.466000,-0.567067,00:48:11.466,4457677849
2893.034482,2892.466000,-0.568482,00:48:12.466,4458718471
2894.040358,2893.466000,-0.574358,00:48:13.466,4459757931
2895.043179,2894.499000,-0.544179,00:48:14.499,4460691902
2896.050090,2895.499000,-0.551090,00:48:15.499,4461541515
2897.055566,2896.499000,-0.556566,00:48:16.499,4462374048
2898.060110,2897.499000,-0.561110,00:48:17.499,4463197761
2899.075328,2898.499000,-0.576328,00:48:18.499,4464083473
2900.078076,2899.533000,-0.545076,00:48:19.533,4464979489
2901.092867,2900.533000,-0.559867,00:48:20.533,4465776607
2902.099611,2901.533000,-0.566611,00:48:21.533,4466543010
2903.104150,2902.533000,-0.571150,00:48:22.533,4467283215
2904.110955,2903.566000,-0.544955,00:48:23.566,4468077590
2905.118231,2904.566000,-0.552231,00:48:24.566,4468793640
2906.122083,2905.566000,-0.556083,00:48:25.566,4469497754
2907.126624,2906.566000,-0.560624,00:48:26.566,4470213432
2908.136247,2907.566000,-0.570247,00:48:27.566,4470969219
2909.141770,2908.599000,-0.542770,00:48:28.599,4471753754
2910.149679,2909.599000,-0.550679,00:48:29.599,4472535463
2911.160703,2910.599000,-0.561703,00:48:30.599,4473344272
2912.168940,2911.599000,-0.569940,00:48:31.599,4474196069
2913.174266,2912.633000,-0.541266,00:48:32.633,4475006737
2914.188763,2913.633000,-0.555763,00:48:33.633,4475811231
2915.193619,2914.633000,-0.560619,00:48:34.633,4476614872
2916.210006,2915.666000,-0.544006,00:48:35.666,4477472880
2917.218094,2916.666000,-0.552094,00:48:36.666,4478369879
2918.220958,2917.666000,-0.554958,00:48:37.666,4479273654
2919.224629,2918.666000,-0.558629,00:48:38.666,4480149725
2920.238626,2919.666000,-0.572626,00:48:39.666,4480958918
2921.241935,2920.699000,-0.542935,00:48:40.699,4481830112
2922.245307,2921.699000,-0.546307,00:48:41.699,4482678582
2923.261512,2922.699000,-0.562512,00:48:42.699,4483493778
2924.276421,2923.733000,-0.543421,00:48:43.733,4484368496
2925.289890,2924.733000,-0.556890,00:48:44.733,4485251836
2926.305413,2925.733000,-0.572413,00:48:45.733,4486211442
2927.310007,2926.766000,-0.544007,00:48:46.766,4487179363
2928.313155,2927.766000,-0.547155,00:48:47.766,4488085663
2929.326422,2928.766000,-0.560422,00:48:48.766,4489000524
2930.327885,2929.766000,-0.561885,00:48:49.766,4489878794
2931.340740,2930.766000,-0.574740,00:48:50.766,4490786213
2932.355574,2931.799000,-0.556574,00:48:51.799,4491710563
2933.360015,2932.799000,-0.561015,00:48:52.799,4492611645
2934.364396,2933.799000,-0.565396,00:48:53.799,4493493775
2935.379128,2934.833000,-0.546128,00:48:54.833,4494329545
2936.391839,2935.833000,-0.558839,00:48:55.833,4495150828
2937.404194,2936.833000,-0.571194,00:48:56.833,4496052010
2938.420594,2937.866000,-0.554594,00:48:57.866,4496969514
2939.421911,2938.866000,-0.555911,00:48:58.866,4497818521
2940.434458,2939.866000,-0.568458,00:48:59.866,4498622278
2941.445094,2940.899000,-0.546094,00:49:00.899,4499421021
2942.459774,2941.899000,-0.560774,00:49:01.899,4500179355
2943.471919,2942.899000,-0.572919,00:49:02.899,4500949199
2944.486468,2943.933000,-0.553468,00:49:03.933,4501850248
2945.497100,2944.933000,-0.564100,00:49:04.933,4502783920
2946.511215,2945.966000,-0.545215,00:49:05.966,4503617753
2947.521795,2946.966000,-0.555795,00:49:06.966,4504345042
2948.536404,2947.966000,-0.570404,00:49:07.966,4505110592
2949.550422,2948.999000,-0.551422,00:49:08.999,4505910231
2950.564303,2949.999000,-0.565303,00:49:09.999,4506718865
2951.565543,2950.999000,-0.566543,00:49:10.999,4507626117
2952.580033,2952.033000,-0.547033,00:49:12.033,4508500950
2953.595355,2953.033000,-0.562355,00:49:13.033,4509321375
2954.600893,2954.033000,-0.567893,00:49:14.033,4510174192
2955.605373,2955.033000,-0.572373,00:49:15.033,4510939230
2956.611133,2956.066000,-0.545133,00:49:16.066,4511774228
2957.612773,2957.066000,-0.546773,00:49:17.066,4512660334
2958.616450,2958.066000,-0.550450,00:49:18.066,4513501511
2959.632803,2959.066000,-0.566803,00:49:19.066,4514354008
2960.636993,2960.066000,-0.570993,00:49:20.066,4515228868
2961.638764,2961.066000,-0.572764,00:49:21.066,4516123603
2962.642161,2962.099000,-0.543161,00:49:22.099,4516992619
2963.646212,2963.099000,-0.547212,00:49:23.099,4517695567
2964.651705,2964.099000,-0.552705,00:49:24.099,4518402195
2965.655372,2965.099000,-0.556372,00:49:25.099,4519118835
2966.660638,2966.099000,-0.561638,00:49:26.099,4519839455
2967.664380,2967.099000,-0.565380,00:49:27.099,4520663433
2968.672980,2968.099000,-0.573980,00:49:28.099,4521503075
2969.687807,2969.133000,-0.554807,00:49:29.133,4522401737
2970.692688,2970.133000,-0.559688,00:49:30.133,4523369052
2971.697311,2971.133000,-0.564311,00:49:31.133,4524172846
2972.705010,2972.133000,-0.572010,00:49:32.133,4524892903
2973.710085,2973.166000,-0.544085,00:49:33.166,4525697075
2974.724595,2974.166000,-0.558595,00:49:34.166,4526518474
2975.736871,2975.166000,-0.570871,00:49:35.166,4527307144
2976.742790,2976.199000,-0.543790,00:49:36.199,4528141257
2977.754579,2977.199000,-0.555579,00:49:37.199,4528948971
2978.757847,2978.199000,-0.558847,00:49:38.199,4529746399
2979.764193,2979.199000,-0.565193,00:49:39.199,4530577238
2980.768843,2980.199000,-0.569843,00:49:40.199,4531458105
2981.769982,2981.199000,-0.570982,00:49:41.199,4532389396
2982.786937,2982.233000,-0.553937,00:49:42.233,4533299541
2983.792330,2983.233000,-0.559330,00:49:43.233,4534134633
2984.799564,2984.233000,-0.566564,00:49:44.233,4535055541
2985.805364,2985.233000,-0.572364,00:49:45.233,4535972390
2986.810949,2986.266000,-0.544949,00:49:46.266,4536825385
2987.817002,2987.266000,-0.551002,00:49:47.266,4537693090
2988.834201,2988.266000,-0.568201,00:49:48.266,4538610796
2989.836912,2989.266000,-0.570912,00:49:49.266,4539561073
2990.851845,2990.299000,-0.552845,00:49:50.299,4540515434
2991.856775,2991.299000,-0.557775,00:49:51.299,4541426052
2992.863447,2992.299000,-0.564447,00:49:52.299,4542309547
2993.869790,2993.299000,-0.570790,00:49:53.299,4543074984
2994.885468,2994.333000,-0.552468,00:49:54.333,4543883707
2995.901109,2995.333000,-0.568109,00:49:55.333,4544706506
2996.917787,2996.366000,-0.551787,00:49:56.366,4545592879
2997.930813,2997.366000,-0.564813,00:49:57.366,4546500600
2998.946829,2998.399000,-0.547829,00:49:58.399,4547457612
2999.954609,2999.399000,-0.555609,00:49:59.399,4548323920
3000.970560,3000.399000,-0.571560,00:50:00.399,4549238000
3001.972718,3001.399000,-0.573718,00:50:01.399,4550186966
3002.974252,3002.399000,-0.575252,00:50:02.399,4551139686
3003.990258,3003.433000,-0.557258,00:50:03.433,4552029475
3004.993647,3004.433000,-0.560647,00:50:04.433,4552905837
3006.005307,3005.433000,-0.572307,00:50:05.433,4553785353
3007.018330,3006.466000,-0.552330,00:50:06.466,4554738029
3008.019490,3007.466000,-0.553490,00:50:07.466,4555679896
3009.020742,3008.466000,-0.554742,00:50:08.466,4556599071
3010.035672,3009.466000,-0.569672,00:50:09.466,4557453790
3011.037005,3010.466000,-0.571005,00:50:10.466,4558303002
3012.049465,3011.499000,-0.550465,00:50:11.499,4559195439
3013.065308,3012.499000,-0.566308,00:50:12.499,4560140333
3014.067914,3013.499000,-0.568914,00:50:13.499,4560988504
3015.075478,3014.499000,-0.576478,00:50:14.499,4561853658
3016.080079,3015.533000,-0.547079,00:50:15.533,4562732496
3017.083276,3016.533000,-0.550276,00:50:16.533,4563560749
3018.097211,3017.533000,-0.564211,00:50:17.533,4564364188
3019.098401,3018.533000,-0.565401,00:50:18.533,4565166476
3020.104458,3019.533000,-0.571458,00:50:19.533,4565977656
3021.112918,3020.566000,-0.546918,00:50:20.566,4566850207
3022.117279,3021.566000,-0.551279,00:50:21.566,4567689125
3023.121498,3022.566000,-0.555498,00:50:22.566,4568593997
3024.131993,3023.566000,-0.565993,00:50:23.566,4569508421
3025.137569,3024.566000,-0.571569,00:50:24.566,4570439899
3026.145342,3025.599000,-0.546342,00:50:25.599,4571403571
3027.150478,3026.599000,-0.551478,00:50:26.599,4572298092
3028.157402,3027.599000,-0.558402,00:50:27.599,4573187908
3029.161202,3028.599000,-0.562202,00:50:28.599,4573992873
3030.170249,3029.599000,-0.571249,00:50:29.599,4574769163
3031.180085,3030.633000,-0.547085,00:50:30.633,4575603171
3032.188863,3031.633000,-0.555863,00:50:31.633,4576383853
3033.200729,3032.633000,-0.567729,00:50:32.633,4577227975
3034.211462,3033.666000,-0.545462,00:50:33.666,4578124307
3035.222895,3034.666000,-0.556895,00:50:34.666,4578906481
3036.234708,3035.666000,-0.568708,00:50:35.666,4579635899
3037.241486,3036.666000,-0.575486,00:50:36.666,4580418543
3038.244645,3037.699000,-0.545645,00:50:37.699,4581284388
3039.254491,3038.699000,-0.555491,00:50:38.699,4582171104
3040.261960,3039.699000,-0.562960,00:50:39.699,4582957615
3041.272088,3040.699000,-0.573088,00:50:40.699,4583722110
3042.284440,3041.733000,-0.551440,00:50:41.733,4584556879
3043.296722,3042.733000,-0.563722,00:50:42.733,4585416175
3044.309588,3043.766000,-0.543588,00:50:43.766,4586235240
3045.319838,3044.766000,-0.553838,00:50:44.766,4587027669
3046.331032,3045.766000,-0.565032,00:50:45.766,4587927178
3047.341765,3046.766000,-0.575765,00:50:46.766,4588835028
3048.348711,3047.799000,-0.549711,00:50:47.799,4589714879
3049.357856,3048.799000,-0.558856,00:50:48.799,4590560494
3050.372581,3049.799000,-0.573581,00:50:49.799,4591414222
3051.382742,3050.833000,-0.549742,00:50:50.833,4592183819
3052.394529,3051.833000,-0.561529,00:50:51.833,4592956159
3053.397393,3052.833000,-0.564393,00:50:52.833,4593834985
3054.408931,3053.833000,-0.575931,00:50:53.833,4594787566
3055.418025,3054.866000,-0.552025,00:50:54.866,4595718118
3056.422437,3055.866000,-0.556437,00:50:55.866,4596534223
3057.429061,3056.866000,-0.563061,00:50:56.866,4597399823
3058.443987,3057.899000,-0.544987,00:50:57.899,4598397374
3059.450178,3058.899000,-0.551178,00:50:58.899,4599426615
3060.466807,3059.899000,-0.567807,00:50:59.899,4600498406
3061.470637,3060.899000,-0.571637,00:51:00.899,4601508591
3062.477571,3061.933000,-0.544571,00:51:01.933,4602614924
3063.485748,3062.933000,-0.552748,00:51:02.933,4603600278
3064.491440,3063.933000,-0.558440,00:51:03.933,4604568561
3065.495572,3064.933000,-0.562572,00:51:04.933,4605492433
3066.499722,3065.933000,-0.566722,00:51:05.933,4606389365
3067.505629,3066.933000,-0.572629,00:51:06.933,4607259486
3068.521741,3067.966000,-0.555741,00:51:07.966,4608153232
3069.536158,3068.966000,-0.570158,00:51:08.966,4609012365
3070.537414,3069.966000,-0.571414,00:51:09.966,4609884128
3071.540376,3070.966000,-0.574376,00:51:10.966,4610701965
3072.543380,3071.999000,-0.544380,00:51:11.999,4611559424
3073.559849,3072.999000,-0.560849,00:51:12.999,4612349240
3074.562428,3073.999000,-0.563428,00:51:13.999,4613129730
3075.578497,3075.033000,-0.545497,00:51:15.033,4613949731
3076.590295,3076.033000,-0.557295,00:51:16.033,4614768485
3077.605085,3077.033000,-0.572085,00:51:17.033,4615609424
3078.618174,3078.066000,-0.552174,00:51:18.066,4616478902
3079.620707,3079.066000,-0.554707,00:51:19.066,4617459821
3080.625457,3080.066000,-0.559457,00:51:20.066,4618416034
3081.640696,3081.066000,-0.574696,00:51:21.066,4619395219
3082.656879,3082.099000,-0.557879,00:51:22.099,4620444686
3083.663293,3083.099000,-0.564293,00:51:23.099,4621440777
3084.666837,3084.099000,-0.567837,00:51:24.099,4622405257
3085.670078,3085.099000,-0.571078,00:51:25.099,4623426976
3086.685951,3086.133000,-0.552951,00:51:26.133,4624454975
3087.693229,3087.133000,-0.560229,00:51:27.133,4625436867
3088.694358,3088.133000,-0.561358,00:51:28.133,4626320636
3089.696284,3089.133000,-0.563284,00:51:29.133,4627189515
3090.712196,3090.166000,-0.546196,00:51:30.166,4628097379
3091.718550,3091.166000,-0.552550,00:51:31.166,4628968093
3092.724464,3092.166000,-0.558464,00:51:32.166,4629791316
3093.726986,3093.166000,-0.560986,00:51:33.166,4630626079
3094.732970,3094.166000,-0.566970,00:51:34.166,4631464982
3095.737864,3095.166000,-0.571864,00:51:35.166,4632286210
3096.745241,3096.199000,-0.546241,00:51:36.199,4633054222
3097.750407,3097.199000,-0.551407,00:51:37.199,4633813373
3098.754672,3098.199000,-0.555672,00:51:38.199,4634578337
3099.764421,3099.199000,-0.565421,00:51:39.199,4635363072
3100.768076,3100.199000,-0.569076,00:51:40.199,4636135415
3101.778054,3101.233000,-0.545054,00:51:41.233,4636946381
3102.794284,3102.233000,-0.561284,00:51:42.233,4637798420
3103.800208,3103.233000,-0.567208,00:51:43.233,4638676164
3104.805883,3104.233000,-0.572883,00:51:44.233,4639486437
3105.813026,3105.266000,-0.547026,00:51:45.266,4640328192
3106.821500,3106.266000,-0.555500,00:51:46.266,4641133615
3107.825758,3107.266000,-0.559758,00:51:47.266,4641921854
3108.834129,3108.266000,-0.568129,00:51:48.266,4642739572
3109.841108,3109.266000,-0.575108,00:51:49.266,4643559007
3110.849007,3110.299000,-0.550007,00:51:50.299,4644403415
3111.852981,3111.299000,-0.553981,00:51:51.299,4645256134
3112.861005,3112.299000,-0.562005,00:51:52.299,4646182975
3113.876944,3113.333000,-0.543944,00:51:53.333,4647090319
3114.882747,3114.333000,-0.549747,00:51:54.333,4647903029
3115.887754,3115.333000,-0.554754,00:51:55.333,4648721678
3116.895841,3116.333000,-0.562841,00:51:56.333,4649546307
3117.907185,3117.333000,-0.574185,00:51:57.333,4650381907
3118.909526,3118.366000,-0.543526,00:51:58.366,4651205805
3119.915866,3119.366000,-0.549866,00:51:59.366,4651977623
3120.920087,3120.366000,-0.554087,00:52:00.366,4652786353
3121.924406,3121.366000,-0.558406,00:52:01.366,4653568804
3122.939409,3122.366000,-0.573409,00:52:02.366,4654416865
3123.941291,3123.366000,-0.575291,00:52:03.366,4655304624
3124.945494,3124.399000,-0.546494,00:52:04.399,4656234286
3125.960100,3125.399000,-0.561100,00:52:05.399,4657090842
3126.965305,3126.399000,-0.566305,00:52:06.399,4657960314
3127.967837,3127.399000,-0.568837,00:52:07.399,4658834503
3128.970529,3128.399000,-0.571529,00:52:08.399,4659755398
3129.984072,3129.433000,-0.551072,00:52:09.433,4660669826
3130.999802,3130.433000,-0.566802,00:52:10.433,4661551988
3132.014330,3131.466000,-0.548330,00:52:11.466,4662458978
3133.029340,3132.466000,-0.563340,00:52:12.466,4663303501
3134.031086,3133.466000,-0.565086,00:52:13.466,4664127171
3135.046960,3134.499000,-0.547960,00:52:14.499,4664969478
3136.050343,3135.499000,-0.551343,00:52:15.499,4665807711
3137.064159,3136.499000,-0.565159,00:52:16.499,4666644482
3138.076038,3137.533000,-0.543038,00:52:17.533,4667532328
3139.077654,3138.533000,-0.544654,00:52:18.533,4668343313
3140.091722,3139.533000,-0.558722,00:52:19.533,4669137003
3141.094719,3140.533000,-0.561719,00:52:20.533,4669948703
3142.098615,3141.533000,-0.565615,00:52:21.533,4670752519
3143.099874,3142.533000,-0.566874,00:52:22.533,4671556937
3144.101246,3143.533000,-0.568246,00:52:23.533,4672358451
3145.102459,3144.533000,-0.569459,00:52:24.533,4673141248
3146.118407,3145.566000,-0.552407,00:52:25.566,4674020376
3147.121732,3146.566000,-0.555732,00:52:26.566,4674862075
3148.137907,3147.566000,-0.571907,00:52:27.566,4675710275
3149.154039,3148.599000,-0.555039,00:52:28.599,4676620650
3150.168736,3149.599000,-0.569736,00:52:29.599,4677530483
3151.180422,3150.633000,-0.547422,00:52:30.633,4678456153
3152.195723,3151.633000,-0.562723,00:52:31.633,4679316177
3153.201341,3152.633000,-0.568341,00:52:32.633,4680178748
3154.212510,3153.666000,-0.546510,00:52:33.666,4681076489
3155.224357,3154.666000,-0.558357,00:52:34.666,4681865230
3156.229863,3155.666000,-0.563863,00:52:35.666,4682645473
3157.241529,3156.666000,-0.575529,00:52:36.666,4683433269
3158.254397,3157.699000,-0.555397,00:52:37.699,4684251570
3159.270204,3158.699000,-0.571204,00:52:38.699,4685043835
3160.274183,3159.699000,-0.575183,00:52:39.699,4685828437
3161.275651,3160.733000,-0.542651,00:52:40.733,4686646473
3162.291125,3161.733000,-0.558125,00:52:41.733,4687475101
3163.296225,3162.733000,-0.563225,00:52:42.733,4688251557
3164.311972,3163.766000,-0.545972,00:52:43.766,4689056895
3165.328231,3164.766000,-0.562231,00:52:44.766,4689836717
3166.342845,3165.799000,-0.543845,00:52:45.799,4690621471
3167.358560,3166.799000,-0.559560,00:52:46.799,4691368616
3168.373871,3167.799000,-0.574871,00:52:47.799,4692101555
3169.389491,3168.833000,-0.556491,00:52:48.833,4692851307
3170.405672,3169.833000,-0.572672,00:52:49.833,4693565989
3171.409711,3170.866000,-0.543711,00:52:50.866,4694340568
3172.423946,3171.866000,-0.557946,00:52:51.866,4695035719
3173.440313,3172.899000,-0.541313,00:52:52.899,4695740155
3174.444041,3173.899000,-0.545041,00:52:53.899,4696416020
3175.450558,3174.899000,-0.551558,00:52:54.899,4697097045
3176.465949,3175.899000,-0.566949,00:52:55.899,4697785561
3177.471421,3176.899000,-0.572421,00:52:56.899,4698496249
3178.473719,3177.899000,-0.574719,00:52:57.899,4699222848
3179.475518,3178.933000,-0.542518,00:52:58.933,4700010829
3180.480231,3179.933000,-0.547231,00:52:59.933,4700734636
3181.481530,3180.933000,-0.548530,00:53:00.933,4701471769
3182.497480,3181.933000,-0.564480,00:53:01.933,4702184448
3183.501409,3182.933000,-0.568409,00:53:02.933,4702876887
3184.516687,3183.966000,-0.550687,00:53:03.966,4703593070
3185.518185,3184.966000,-0.552185,00:53:04.966,4704313913
3186.530187,3185.966000,-0.564187,00:53:05.966,4705048793
3187.546119,3186.999000,-0.547119,00:53:06.999,4705836510
3188.548719,3187.999000,-0.549719,00:53:07.999,4706560576
3189.551492,3188.999000,-0.552492,00:53:08.999,4707300984
3190.558832,3189.999000,-0.559832,00:53:09.999,4708049539
3191.560657,3190.999000,-0.561657,00:53:10.999,4708791945
3192.575435,3192.033000,-0.542435,00:53:12.033,4709559765
3193.589252,3193.033000,-0.556252,00:53:13.033,4710300694
3194.603713,3194.033000,-0.570713,00:53:14.033,4711034395
3195.607255,3195.033000,-0.574255,00:53:15.033,4711792218
3196.609082,3196.066000,-0.543082,00:53:16.066,4712509965
3197.621325,3197.066000,-0.555325,00:53:17.066,4713137500
3198.637247,3198.066000,-0.571247,00:53:18.066,4713744171
3199.642061,3199.099000,-0.543061,00:53:19.099,4714360919
3200.656186,3200.099000,-0.557186,00:53:20.099,4714982764
3201.663230,3201.099000,-0.564230,00:53:21.099,4715556122
3202.666501,3202.099000,-0.567501,00:53:22.099,4716165195
3203.671753,3203.099000,-0.572753,00:53:23.099,4716806125
3204.687445,3204.133000,-0.554445,00:53:24.133,4717490348
3205.693203,3205.133000,-0.560203,00:53:25.133,4718106212
3206.697277,3206.133000,-0.564277,00:53:26.133,4718702551
3207.701440,3207.133000,-0.568440,00:53:27.133,4719329894
3208.716203,3208.166000,-0.550203,00:53:28.166,4719931063
3209.729511,3209.166000,-0.563511,00:53:29.166,4720546769
3210.733318,3210.166000,-0.567318,00:53:30.166,4721156746
3211.736336,3211.166000,-0.570336,00:53:31.166,4721801032
3212.749623,3212.199000,-0.550623,00:53:32.199,4722459757
3213.764007,3213.199000,-0.565007,00:53:33.199,4723093423
3214.773329,3214.199000,-0.574329,00:53:34.199,4723698255
3215.777921,3215.233000,-0.544921,00:53:35.233,4724358862
3216.783289,3216.233000,-0.550289,00:53:36.233,4724972627
3217.798272,3217.233000,-0.565272,00:53:37.233,4725515250
3218.801255,3218.233000,-0.568255,00:53:38.233,4726102980
3219.816911,3219.266000,-0.550911,00:53:39.266,4726706417
3220.831417,3220.266000,-0.565417,00:53:40.266,4727380286
3221.835328,3221.266000,-0.569328,00:53:41.266,4727969360
3222.851341,3222.299000,-0.552341,00:53:42.299,4728649463
3223.866420,3223.299000,-0.567420,00:53:43.299,4729255077
3224.874667,3224.333000,-0.541667,00:53:44.333,4729900532
3225.889315,3225.333000,-0.556315,00:53:45.333,4730499502
3226.892979,3226.333000,-0.559979,00:53:46.333,4731098103
3227.894608,3227.333000,-0.561608,00:53:47.333,4731715471
3228.900497,3228.333000,-0.567497,00:53:48.333,4732389966
3229.912825,3229.366000,-0.546825,00:53:49.366,4733052895
3230.927535,3230.366000,-0.561535,00:53:50.366,4733665844
3231.934681,3231.366000,-0.568681,00:53:51.366,4734314560
3232.950455,3232.399000,-0.551455,00:53:52.399,4734943621
3233.966380,3233.399000,-0.567380,00:53:53.399,4735577796
3234.981322,3234.433000,-0.548322,00:53:54.433,4736236255
3235.997478,3235.433000,-0.564478,00:53:55.433,4736886857
3237.003205,3236.433000,-0.570205,00:53:56.433,4737523817
3238.012935,3237.466000,-0.546935,00:53:57.466,4738264144
3239.016529,3238.466000,-0.550529,00:53:58.466,4738874715
3240.020604,3239.466000,-0.554604,00:53:59.466,4739489203
3241.025553,3240.466000,-0.559553,00:54:00.466,4740122978
3242.027221,3241.466000,-0.561221,00:54:01.466,4740745013
3243.029567,3242.466000,-0.563567,00:54:02.466,4741335945
3244.031871,3243.466000,-0.565871,00:54:03.466,4741946843
3245.036682,3244.466000,-0.570682,00:54:04.466,4742563070
3246.040754,3245.466000,-0.574754,00:54:05.466,4743217238
3247.048556,3246.499000,-0.549556,00:54:06.499,4743824653
3248.060603,3247.499000,-0.561603,00:54:07.499,4744434450
3249.062805,3248.499000,-0.563805,00:54:08.499,4745038443
3250.064688,3249.499000,-0.565688,00:54:09.499,4745663724
3251.071668,3250.499000,-0.572668,00:54:10.499,4746288274
3252.087489,3251.533000,-0.554489,00:54:11.533,4746943348
3253.097208,3252.533000,-0.564208,00:54:12.533,4747568761
3254.111431,3253.566000,-0.545431,00:54:13.566,4748248491
3255.123662,3254.566000,-0.557662,00:54:14.566,4748862733
3256.129659,3255.566000,-0.563659,00:54:15.566,4749462889
3257.136655,3256.566000,-0.570655,00:54:16.566,4750052279
3258.141346,3257.566000,-0.575346,00:54:17.566,4750691212
3259.144706,3258.599000,-0.545706,00:54:18.599,4751318465
3260.150417,3259.599000,-0.551417,00:54:19.599,4751927428
3261.153525,3260.599000,-0.554525,00:54:20.599,4752577556
3262.159456,3261.599000,-0.560456,00:54:21.599,4753227996
3263.172748,3262.599000,-0.573748,00:54:22.599,4753818205
3264.177245,3263.633000,-0.544245,00:54:23.633,4754446047
3265.180559,3264.633000,-0.547559,00:54:24.633,4755045906
3266.188287,3265.633000,-0.555287,00:54:25.633,4755661181
3267.189526,3266.633000,-0.556526,00:54:26.633,4756263798
3268.197406,3267.633000,-0.564406,00:54:27.633,4756863660
3269.202805,3268.633000,-0.569805,00:54:28.633,4757446180
3270.217259,3269.666000,-0.551259,00:54:29.666,4758115421
3271.225405,3270.666000,-0.559405,00:54:30.666,4758764040
3272.233022,3271.666000,-0.567022,00:54:31.666,4759387834
3273.241437,3272.666000,-0.575437,00:54:32.666,4759955426
3274.245517,3273.699000,-0.546517,00:54:33.699,4760612043
3275.249452,3274.699000,-0.550452,00:54:34.699,4761199331
3276.251758,3275.699000,-0.552758,00:54:35.699,4761810901
3277.260599,3276.699000,-0.561599,00:54:36.699,4762427702
3278.266090,3277.699000,-0.567090,00:54:37.699,4763014250
3279.281521,3278.733000,-0.548521,00:54:38.733,4763718740
3280.287070,3279.733000,-0.554070,00:54:39.733,4764339025
3281.294441,3280.733000,-0.561441,00:54:40.733,4764943518
3282.298505,3281.733000,-0.565505,00:54:41.733,4765518870
3283.308059,3282.766000,-0.542059,00:54:42.766,4766158933
3284.323088,3283.766000,-0.557088,00:54:43.766,4766795505
3285.327867,3284.766000,-0.561867,00:54:44.766,4767421771
3286.344286,3285.799000,-0.545286,00:54:45.799,4768056083
3287.352274,3286.799000,-0.553274,00:54:46.799,4768638590
3288.361963,3287.799000,-0.562963,00:54:47.799,4769270746
3289.366599,3288.799000,-0.567599,00:54:48.799,4769907984
3290.371512,3289.799000,-0.572512,00:54:49.799,4770531169
3291.376264,3290.833000,-0.543264,00:54:50.833,4771175233
3292.383165,3291.833000,-0.550165,00:54:51.833,4771750979
3293.390484,3292.833000,-0.557484,00:54:52.833,4772342401
3294.394482,3293.833000,-0.561482,00:54:53.833,4772973109
3295.399496,3294.833000,-0.566496,00:54:54.833,4773596080
3296.408536,3295.866000,-0.542536,00:54:55.866,4774251709
3297.416670,3296.866000,-0.550670,00:54:56.866,4774874595
3298.420471,3297.866000,-0.554471,00:54:57.866,4775502593
3299.424105,3298.866000,-0.558105,00:54:58.866,4776101125
3300.429738,3299.866000,-0.563738,00:54:59.866,4776720844
3301.435217,3300.866000,-0.569217,00:55:00.866,4777388575
3302.451953,3301.899000,-0.552953,00:55:01.899,4778046604
3303.455523,3302.899000,-0.556523,00:55:02.899,4778748987
3304.462735,3303.899000,-0.563735,00:55:03.899,4779416905
3305.467310,3304.899000,-0.568310,00:55:04.899,4780101834
3306.476149,3305.933000,-0.543149,00:55:05.933,4780764892
3307.484355,3306.933000,-0.551355,00:55:06.933,4781382687
3308.488543,3307.933000,-0.555543,00:55:07.933,4782005741
3309.496477,3308.933000,-0.563477,00:55:08.933,4782653837
3310.507429,3309.966000,-0.541429,00:55:09.966,4783354291
3311.517562,3310.966000,-0.551562,00:55:10.966,4784008131
3312.527661,3311.966000,-0.561661,00:55:11.966,4784676443
3313.529371,3312.966000,-0.563371,00:55:12.966,4785306991
3314.532807,3313.966000,-0.566807,00:55:13.966,4785913625
3315.538672,3314.966000,-0.572672,00:55:14.966,4786543456
3316.548436,3315.999000,-0.549436,00:55:15.999,4787219801
3317.549722,3316.999000,-0.550722,00:55:16.999,4787871145
3318.554429,3317.999000,-0.555429,00:55:17.999,4788488210
3319.559482,3318.999000,-0.560482,00:55:18.999,4789149227
3320.563592,3319.999000,-0.564592,00:55:19.999,4789837168
3321.570412,3320.999000,-0.571412,00:55:20.999,4790458854
3322.575636,3322.033000,-0.542636,00:55:22.033,4791095391
3323.580070,3323.033000,-0.547070,00:55:23.033,4791685689
3324.584028,3324.033000,-0.551028,00:55:24.033,4792318087
3325.586350,3325.033000,-0.553350,00:55:25.033,4793012869
3326.589197,3326.033000,-0.556197,00:55:26.033,4793680339
3327.592566,3327.033000,-0.559566,00:55:27.033,4794352984
3328.601559,3328.033000,-0.568559,00:55:28.033,4795024419
3329.602892,3329.033000,-0.569892,00:55:29.033,4795762538
3330.604121,3330.033000,-0.571121,00:55:30.033,4796447785
3331.608076,3331.033000,-0.575076,00:55:31.033,4797117499
3332.619311,3332.066000,-0.553311,00:55:32.066,4797799833
3333.623171,3333.066000,-0.557171,00:55:33.066,4798466313
3334.626092,3334.066000,-0.560092,00:55:34.066,4799096815
3335.632969,3335.066000,-0.566969,00:55:35.066,4799766897
3336.635355,3336.066000,-0.569355,00:55:36.066,4800450013
3337.638287,3337.066000,-0.572287,00:55:37.066,4801118725
3338.640073,3338.066000,-0.574073,00:55:38.066,4801762182
3339.649544,3339.099000,-0.550544,00:55:39.099,4802445078
3340.652569,3340.099000,-0.553569,00:55:40.099,4803131956
3341.659010,3341.099000,-0.560010,00:55:41.099,4803803327
3342.660179,3342.099000,-0.561179,00:55:42.099,4804474870
3343.664246,3343.099000,-0.565246,00:55:43.099,4805139391
3344.678223,3344.133000,-0.545223,00:55:44.133,4805832328
3345.685246,3345.133000,-0.552246,00:55:45.133,4806530242
3346.689031,3346.133000,-0.556031,00:55:46.133,4807184550
3347.692131,3347.133000,-0.559131,00:55:47.133,4807871018
3348.695287,3348.133000,-0.562287,00:55:48.133,4808529521
3349.701752,3349.133000,-0.568752,00:55:49.133,4809199936
3350.707557,3350.133000,-0.574557,00:55:50.133,4809891052
3351.711761,3351.166000,-0.545761,00:55:51.166,4810558652
3352.728603,3352.166000,-0.562603,00:55:52.166,4811259569
3353.742314,3353.199000,-0.543314,00:55:53.199,4811987351
3354.748328,3354.199000,-0.549328,00:55:54.199,4812671028
3355.756222,3355.199000,-0.557222,00:55:55.199,4813335404
3356.766774,3356.199000,-0.567774,00:55:56.199,4814025166
3357.775387,3357.233000,-0.542387,00:55:57.233,4814729067
3358.789356,3358.233000,-0.556356,00:55:58.233,4815448662
3359.792893,3359.233000,-0.559893,00:55:59.233,4816155687
3360.794025,3360.233000,-0.561025,00:56:00.233,4816840905
3361.796821,3361.233000,-0.563821,00:56:01.233,4817527158
3362.804304,3362.233000,-0.571304,00:56:02.233,4818247224
3363.808512,3363.266000,-0.542512,00:56:03.266,4818953962
3364.812817,3364.266000,-0.546817,00:56:04.266,4819639527
3365.824695,3365.266000,-0.558695,00:56:05.266,4820294657
3366.826608,3366.266000,-0.560608,00:56:06.266,4820967431
3367.837539,3367.266000,-0.571539,00:56:07.266,4821638969
3368.838565,3368.266000,-0.572565,00:56:08.266,4822323134
3369.842889,3369.299000,-0.543889,00:56:09.299,4823028490
3370.844227,3370.299000,-0.545227,00:56:10.299,4823763097
3371.846674,3371.299000,-0.547674,00:56:11.299,4824455573
3372.852116,3372.299000,-0.553116,00:56:12.299,4825147392
3373.859206,3373.299000,-0.560206,00:56:13.299,4825838016
3374.864145,3374.299000,-0.565145,00:56:14.299,4826530044
3375.867632,3375.299000,-0.568632,00:56:15.299,4827188467
3376.874713,3376.333000,-0.541713,00:56:16.333,4827864798
3377.882233,3377.333000,-0.549233,00:56:17.333,4828503625
3378.888537,3378.333000,-0.555537,00:56:18.333,4829207486
3379.891693,3379.333000,-0.558693,00:56:19.333,4829872284
3380.893107,3380.333000,-0.560107,00:56:20.333,4830549657
3381.907438,3381.333000,-0.574438,00:56:21.333,4831212959
3382.924294,3382.366000,-0.558294,00:56:22.366,4831879869
3383.926813,3383.366000,-0.560813,00:56:23.366,4832544384
3384.942345,3384.399000,-0.543345,00:56:24.399,4833205425
3385.945207,3385.399000,-0.546207,00:56:25.399,4833853529
3386.948247,3386.399000,-0.549247,00:56:26.399,4834501645
3387.954689,3387.399000,-0.555689,00:56:27.399,4835210328
3388.958272,3388.399000,-0.559272,00:56:28.399,4835863217
3389.962982,3389.399000,-0.563982,00:56:29.399,4836450967
3390.966636,3390.399000,-0.567636,00:56:30.399,4837053566
3391.982233,3391.433000,-0.549233,00:56:31.433,4837706881
3392.998528,3392.433000,-0.565528,00:56:32.433,4838377378
3394.001687,3393.433000,-0.568687,00:56:33.433,4839022196
3395.006527,3394.433000,-0.573527,00:56:34.433,4839669147
3396.009417,3395.466000,-0.543417,00:56:35.466,4840347001
3397.017296,3396.466000,-0.551296,00:56:36.466,4840985503
3398.020122,3397.466000,-0.554122,00:56:37.466,4841644640
3399.034007,3398.466000,-0.568007,00:56:38.466,4842270228
3400.038570,3399.466000,-0.572570,00:56:39.466,4842880044
3401.040627,3400.466000,-0.574627,00:56:40.466,4843521165
3402.044347,3401.499000,-0.545347,00:56:41.499,4844159912
3403.047301,3402.499000,-0.548301,00:56:42.499,4844766194
3404.062121,3403.499000,-0.563121,00:56:43.499,4845462058
3405.074379,3404.499000,-0.575379,00:56:44.499,4846116456
3406.076649,3405.533000,-0.543649,00:56:45.533,4846797569
3407.090775,3406.533000,-0.557775,00:56:46.533,4847459977
3408.094354,3407.533000,-0.561354,00:56:47.533,4848093707
3409.097574,3408.533000,-0.564574,00:56:48.533,4848739294
3410.100093,3409.533000,-0.567093,00:56:49.533,4849386560
3411.113957,3410.566000,-0.547957,00:56:50.566,4850067412
3412.117622,3411.566000,-0.551622,00:56:51.566,4850761728
3413.127582,3412.566000,-0.561582,00:56:52.566,4851418513
3414.130063,3413.566000,-0.564063,00:56:53.566,4852064637
3415.133160,3414.566000,-0.567160,00:56:54.566,4852706989
3416.136632,3415.566000,-0.570632,00:56:55.566,4853345786
3417.138853,3416.566000,-0.572853,00:56:56.566,4853979868
3418.149147,3417.599000,-0.550147,00:56:57.599,4854633712
3419.164199,3418.599000,-0.565199,00:56:58.599,4855255104
3420.169374,3419.599000,-0.570374,00:56:59.599,4855891781
3421.171739,3420.599000,-0.572739,00:57:00.599,4856583533
3422.185355,3421.633000,-0.552355,00:57:01.633,4857246256
3423.201684,3422.633000,-0.568684,00:57:02.633,4857889619
3424.206370,3423.633000,-0.573370,00:57:03.633,4858537700
3425.211814,3424.666000,-0.545814,00:57:04.666,4859201250
3426.213236,3425.666000,-0.547236,00:57:05.666,4859836919
3427.221712,3426.666000,-0.555712,00:57:06.666,4860470404
3428.223708,3427.666000,-0.557708,00:57:07.666,4861108460
3429.225687,3428.666000,-0.559687,00:57:08.666,4861797430
3430.241144,3429.666000,-0.575144,00:57:09.666,4862437756
3431.245358,3430.699000,-0.546358,00:57:10.699,4863089019
3432.258335,3431.699000,-0.559335,00:57:11.699,4863728535
3433.260595,3432.699000,-0.561595,00:57:12.699,4864369711
3434.276549,3433.733000,-0.543549,00:57:13.733,4865033980
3435.278414,3434.733000,-0.545414,00:57:14.733,4865680562
3436.279762,3435.733000,-0.546762,00:57:15.733,4866337941
3437.294487,3436.733000,-0.561487,00:57:16.733,4867039839
3438.297313,3437.733000,-0.564313,00:57:17.733,4867684285
3439.312143,3438.766000,-0.546143,00:57:18.766,4868345927
3440.316682,3439.766000,-0.550682,00:57:19.766,4868997292
3441.321018,3440.766000,-0.555018,00:57:20.766,4869655646
3442.334383,3441.766000,-0.568383,00:57:21.766,4870315948
3443.347724,3442.799000,-0.548724,00:57:22.799,4870989401
3444.349716,3443.799000,-0.550716,00:57:23.799,4871635204
3445.350988,3444.799000,-0.551988,00:57:24.799,4872282358
3446.361885,3445.799000,-0.562885,00:57:25.799,4872983094
3447.363604,3446.799000,-0.564604,00:57:26.799,4873632145
3448.376436,3447.833000,-0.543436,00:57:27.833,4874305160
3449.390812,3448.833000,-0.557812,00:57:28.833,4874957614
3450.402122,3449.833000,-0.569122,00:57:29.833,4875614298
3451.415053,3450.866000,-0.549053,00:57:30.866,4876289621
3452.427549,3451.866000,-0.561549,00:57:31.866,4876945236
3453.444290,3452.899000,-0.545290,00:57:32.899,4877608076
3454.455310,3453.899000,-0.556310,00:57:33.899,4878302920
3455.470431,3454.899000,-0.571431,00:57:34.899,4878948163
3456.471952,3455.899000,-0.572952,00:57:35.899,4879588753
3457.486189,3456.933000,-0.553189,00:57:36.933,4880250904
3458.501080,3457.933000,-0.568080,00:57:37.933,4880885315
3459.512360,3458.966000,-0.546360,00:57:38.966,4881543723
3460.527431,3459.966000,-0.561431,00:57:39.966,4882183625
3461.541084,3460.966000,-0.575084,00:57:40.966,4882812907
3462.557441,3461.999000,-0.558441,00:57:41.999,4883524157
3463.559958,3462.999000,-0.560958,00:57:42.999,4884160460
3464.566441,3463.999000,-0.567441,00:57:43.999,4884804073
3465.579548,3465.033000,-0.546548,00:57:45.033,4885461228
3466.596232,3466.033000,-0.563232,00:57:46.033,4886103095
3467.597539,3467.033000,-0.564539,00:57:47.033,4886746415
3468.599806,3468.033000,-0.566806,00:57:48.033,4887390194
3469.603543,3469.033000,-0.570543,00:57:49.033,4888035108
3470.607518,3470.033000,-0.574518,00:57:50.033,4888712093
3471.624309,3471.066000,-0.558309,00:57:51.066,4889373304
3472.639999,3472.099000,-0.540999,00:57:52.099,4890029638
3473.641850,3473.099000,-0.542850,00:57:53.099,4890676680
3474.652314,3474.099000,-0.553314,00:57:54.099,4891326683
3475.667370,3475.099000,-0.568370,00:57:55.099,4891982426
3476.682891,3476.133000,-0.549891,00:57:56.133,4892653355
3477.685158,3477.133000,-0.552158,00:57:57.133,4893301559
3478.689298,3478.133000,-0.556298,00:57:58.133,4893954311
3479.691450,3479.133000,-0.558450,00:57:59.133,4894659409
3480.695522,3480.133000,-0.562522,00:58:00.133,4895303522
3481.704578,3481.133000,-0.571578,00:58:01.133,4895943430
3482.707437,3482.133000,-0.574437,00:58:02.133,4896584102
3483.709896,3483.166000,-0.543896,00:58:03.166,4897256408
3484.715119,3484.166000,-0.549119,00:58:04.166,4897895416
3485.721873,3485.166000,-0.555873,00:58:05.166,4898529424
3486.728617,3486.166000,-0.562617,00:58:06.166,4899164060
3487.732857,3487.166000,-0.566857,00:58:07.166,4899856881
3488.733962,3488.166000,-0.567962,00:58:08.166,4900504365
3489.735268,3489.166000,-0.569268,00:58:09.166,4901159462
3490.739157,3490.166000,-0.573157,00:58:10.166,4901813214
3491.753163,3491.199000,-0.554163,00:58:11.199,4902499921
3492.754774,3492.199000,-0.555774,00:58:12.199,4903154029
3493.757253,3493.199000,-0.558253,00:58:13.199,4903814306
3494.759797,3494.199000,-0.560797,00:58:14.199,4904471902
3495.761144,3495.199000,-0.562144,00:58:15.199,4905170899
3496.776356,3496.233000,-0.543356,00:58:16.233,4905857128
3497.792635,3497.233000,-0.559635,00:58:17.233,4906520383
3498.808758,3498.266000,-0.542758,00:58:18.266,4907202619
3499.823212,3499.266000,-0.557212,00:58:19.266,4907863812
3500.824556,3500.266000,-0.558556,00:58:20.266,4908534795
3501.839857,3501.266000,-0.573857,00:58:21.266,4909202003
3502.855421,3502.299000,-0.556421,00:58:22.299,4909891536
3503.868129,3503.299000,-0.569129,00:58:23.299,4910596817
3504.884348,3504.333000,-0.551348,00:58:24.333,4911289729
3505.886194,3505.333000,-0.553194,00:58:25.333,4911947472
3506.899578,3506.333000,-0.566578,00:58:26.333,4912611394
3507.902846,3507.333000,-0.569846,00:58:27.333,4913270462
3508.915289,3508.366000,-0.549289,00:58:28.366,4913947363
3509.929773,3509.366000,-0.563773,00:58:29.366,4914596490
3510.944358,3510.399000,-0.545358,00:58:30.399,4915274169
3511.959966,3511.399000,-0.560966,00:58:31.399,4915937954
3512.975257,3512.433000,-0.542257,00:58:32.433,4916669383
3513.988824,3513.433000,-0.555824,00:58:33.433,4917326100
3514.990073,3514.433000,-0.557073,00:58:34.433,4917987788
3516.002676,3515.433000,-0.569676,00:58:35.433,4918646300
3517.015111,3516.466000,-0.549111,00:58:36.466,4919326647
3518.029827,3517.466000,-0.563827,00:58:37.466,4919996747
3519.045612,3518.499000,-0.546612,00:58:38.499,4920679388
3520.046926,3519.499000,-0.547926,00:58:39.499,4921337872
3521.060993,3520.499000,-0.561993,00:58:40.499,4922041985
3522.062935,3521.499000,-0.563935,00:58:41.499,4922693727
3523.076382,3522.533000,-0.543382,00:58:42.533,4923371289
3524.089697,3523.533000,-0.556697,00:58:43.533,4924028201
3525.101804,3524.533000,-0.568804,00:58:44.533,4924689256
3526.114082,3525.566000,-0.548082,00:58:45.566,4925358632
3527.124464,3526.566000,-0.558464,00:58:46.566,4926001638
3528.138245,3527.566000,-0.572245,00:58:47.566,4926655860
3529.154409,3528.599000,-0.555409,00:58:48.599,4927375328
3530.156766,3529.599000,-0.557766,00:58:49.599,4928020139
3531.172647,3530.599000,-0.573647,00:58:50.599,4928660299
3532.186638,3531.633000,-0.553638,00:58:51.633,4929318402
3533.202853,3532.633000,-0.569853,00:58:52.633,4929954870
3534.217549,3533.666000,-0.551549,00:58:53.666,4930612353
3535.232153,3534.666000,-0.566153,00:58:54.666,4931256117
3536.233562,3535.666000,-0.567562,00:58:55.666,4931897883
3537.249196,3536.699000,-0.550196,00:58:56.699,4932612004
3538.251311,3537.699000,-0.552311,00:58:57.699,4933261583
3539.253023,3538.699000,-0.554023,00:58:58.699,4933907663
3540.264400,3539.699000,-0.565400,00:58:59.699,4934561613
3541.278479,3540.733000,-0.545479,00:59:00.733,4935237022
3542.291926,3541.733000,-0.558926,00:59:01.733,4935897925
3543.306128,3542.733000,-0.573128,00:59:02.733,4936553553
3544.321880,3543.766000,-0.555880,00:59:03.766,4937232030
3545.324383,3544.766000,-0.558383,00:59:04.766,4937894840
3546.326223,3545.766000,-0.560223,00:59:05.766,4938602126
3547.330553,3546.766000,-0.564553,00:59:06.766,4939254370
3548.336903,3547.766000,-0.570903,00:59:07.766,4939906427
3549.342476,3548.799000,-0.543476,00:59:08.799,4940572864
3550.347960,3549.799000,-0.548960,00:59:09.799,4941217252
3551.355977,3550.799000,-0.556977,00:59:10.799,4941866798
3552.363115,3551.799000,-0.564115,00:59:11.799,4942525046
3553.366357,3552.799000,-0.567357,00:59:12.799,4943182827
3554.370961,3553.799000,-0.571961,00:59:13.799,4943877784
3555.372964,3554.799000,-0.573964,00:59:14.799,4944522837
3556.376410,3555.833000,-0.543410,00:59:15.833,4945191307
3557.379825,3556.833000,-0.546825,00:59:16.833,4945846257
3558.384983,3557.833000,-0.551983,00:59:17.833,4946499730
3559.388888,3558.833000,-0.555888,00:59:18.833,4947147523
3560.395486,3559.833000,-0.562486,00:59:19.833,4947783907
3561.404509,3560.833000,-0.571509,00:59:20.833,4948433109
3562.412038,3561.866000,-0.546038,00:59:21.866,4949153350
3563.425356,3562.866000,-0.559356,00:59:22.866,4949795295
3564.435106,3563.866000,-0.569106,00:59:23.866,4950435408
3565.440836,3564.899000,-0.541836,00:59:24.899,4951100897
3566.447912,3565.899000,-0.548912,00:59:25.899,4951752438
3567.451281,3566.899000,-0.552281,00:59:26.899,4952414652
3568.457848,3567.899000,-0.558848,00:59:27.899,4953081228
3569.464162,3568.899000,-0.565162,00:59:28.899,4953746612
3570.470828,3569.899000,-0.571828,00:59:29.899,4954445147
3571.477886,3570.933000,-0.544886,00:59:30.933,4955140126
3572.485485,3571.933000,-0.552485,00:59:31.933,4955790749
3573.489635,3572.933000,-0.556635,00:59:32.933,4956438589
3574.495553,3573.933000,-0.562553,00:59:33.933,4957094343
3575.501018,3574.933000,-0.568018,00:59:34.933,4957747922
3576.504729,3575.933000,-0.571729,00:59:35.933,4958398728
3577.517945,3576.966000,-0.551945,00:59:36.966,4959075163
3578.521828,3577.966000,-0.555828,00:59:37.966,4959724874
3579.529897,3578.966000,-0.563897,00:59:38.966,4960427138
3580.535195,3579.966000,-0.569195,00:59:39.966,4961066004
3581.539154,3580.966000,-0.573154,00:59:40.966,4961708046
3582.542641,3581.999000,-0.543641,00:59:41.999,4962379707
3583.557446,3582.999000,-0.558446,00:59:42.999,4963036387
3584.559892,3583.999000,-0.560892,00:59:43.999,4963693746
3585.571791,3584.999000,-0.572791,00:59:44.999,4964340904
3586.587251,3586.033000,-0.554251,00:59:46.033,4965021231
3587.602667,3587.033000,-0.569667,00:59:47.033,4965731655
3588.617492,3588.066000,-0.551492,00:59:48.066,4966410275
3589.630142,3589.066000,-0.564142,00:59:49.066,4967055337
3590.646158,3590.099000,-0.547158,00:59:50.099,4967738057
3591.655330,3591.099000,-0.556330,00:59:51.099,4968386926
3592.670070,3592.099000,-0.571070,00:59:52.099,4969047499
3593.684265,3593.133000,-0.551265,00:59:53.133,4969726188
3594.698368,3594.133000,-0.565368,00:59:54.133,4970383345
3595.711435,3595.166000,-0.545435,00:59:55.166,4971114880
3596.721619,3596.166000,-0.555619,00:59:56.166,4971767507
3597.737370,3597.166000,-0.571370,00:59:57.166,4972410989
3598.747422,3598.199000,-0.548422,00:59:58.199,4973068447
3599.748523,3599.199000,-0.549523,00:59:59.199,4973706423
3600.749648,3600.199000,-0.550648,01:00:00.199,4974341053
3601.759609,3601.199000,-0.560609,01:00:01.199,4974988524
3602.774496,3602.233000,-0.541496,01:00:02.233,4975659581
3603.787242,3603.233000,-0.554242,01:00:03.233,4976349042
3604.801035,3604.233000,-0.568035,01:00:04.233,4977005490
3605.816395,3605.266000,-0.550395,01:00:05.266,4977672051
3606.829989,3606.266000,-0.563989,01:00:06.266,4978321593
3607.845615,3607.299000,-0.546615,01:00:07.299,4978987527
3608.856081,3608.299000,-0.557081,01:00:08.299,4979626688
3609.872113,3609.299000,-0.573113,01:00:09.299,4980276354
3610.874096,3610.299000,-0.575096,01:00:10.299,4980922551
3611.877205,3611.333000,-0.544205,01:00:11.333,4981584133
3612.891676,3612.333000,-0.558676,01:00:12.333,4982277687
3613.893295,3613.333000,-0.560295,01:00:13.333,4982917932
3614.900108,3614.333000,-0.567108,01:00:14.333,4983559019
3615.905252,3615.333000,-0.572252,01:00:15.333,4984194577
3616.911591,3616.366000,-0.545591,01:00:16.366,4984859676
3617.927252,3617.366000,-0.561252,01:00:17.366,4985503881
3618.928611,3618.366000,-0.562611,01:00:18.366,4986157228
3619.934384,3619.366000,-0.568384,01:00:19.366,4986801517
3620.938879,3620.366000,-0.572879,01:00:20.366,4987492601
3621.947163,3621.399000,-0.548163,01:00:21.399,4988169104
3622.955322,3622.399000,-0.556322,01:00:22.399,4988817322
3623.960735,3623.399000,-0.561735,01:00:23.399,4989473212
3624.962857,3624.399000,-0.563857,01:00:24.399,4990122827
3625.965367,3625.399000,-0.566367,01:00:25.399,4990758633
3626.970722,3626.399000,-0.571722,01:00:26.399,4991407794
3627.977457,3627.433000,-0.544457,01:00:27.433,4992072707
3628.983018,3628.433000,-0.550018,01:00:28.433,4992766625
3629.987986,3629.433000,-0.554986,01:00:29.433,4993418869
3630.996711,3630.433000,-0.563711,01:00:30.433,4994064683
3632.000977,3631.433000,-0.567977,01:00:31.433,4994706465
3633.007050,3632.433000,-0.574050,01:00:32.433,4995342955
3634.010762,3633.466000,-0.544762,01:00:33.466,4996015051
3635.017857,3634.466000,-0.551857,01:00:34.466,4996660717
3636.023071,3635.466000,-0.557071,01:00:35.466,4997308193
3637.034256,3636.466000,-0.568256,01:00:36.466,4997955614
3638.038124,3637.466000,-0.572124,01:00:37.466,4998655759
3639.045161,3638.499000,-0.546161,01:00:38.499,4999322594
3640.050671,3639.499000,-0.551671,01:00:39.499,4999955447
3641.057829,3640.499000,-0.558829,01:00:40.499,5000597320
3642.064293,3641.499000,-0.565293,01:00:41.499,5001237679
3643.070663,3642.499000,-0.571663,01:00:42.499,5001873881
3644.074456,3643.533000,-0.541456,01:00:43.533,5002532850
3645.080231,3644.533000,-0.547231,01:00:44.533,5003185495
3646.087513,3645.533000,-0.554513,01:00:45.533,5003891660
3647.091557,3646.533000,-0.558557,01:00:46.533,5004542854
3648.096852,3647.533000,-0.563852,01:00:47.533,5005194225
3649.099854,3648.533000,-0.566854,01:00:48.533,5005839079
3650.116837,3649.566000,-0.550837,01:00:49.566,5006511680
3651.131747,3650.566000,-0.565747,01:00:50.566,5007155334
3652.135490,3651.566000,-0.569490,01:00:51.566,5007803275
3653.144020,3652.599000,-0.545020,01:00:52.599,5008473569
3654.145372,3653.599000,-0.546372,01:00:53.599,5009166326
3655.160636,3654.599000,-0.561636,01:00:54.599,5009804860
3656.166738,3655.599000,-0.567738,01:00:55.599,5010439250
3657.182654,3656.633000,-0.549654,01:00:56.633,5011099018
3658.196946,3657.633000,-0.563946,01:00:57.633,5011737998
3659.200622,3658.633000,-0.567622,01:00:58.633,5012379453
3660.216748,3659.666000,-0.550748,01:00:59.666,5013047243
3661.220815,3660.666000,-0.554815,01:01:00.666,5013697069
3662.224324,3661.666000,-0.558324,01:01:01.666,5014393260
3663.227082,3662.666000,-0.561082,01:01:02.666,5015050921
3664.241600,3663.666000,-0.575600,01:01:03.666,5015703615
3665.245297,3664.699000,-0.546297,01:01:04.699,5016379729
3666.257944,3665.699000,-0.558944,01:01:05.699,5017029413
3667.271543,3666.699000,-0.572543,01:01:06.699,5017682267
3668.285041,3667.733000,-0.552041,01:01:07.733,5018354630
3669.300669,3668.733000,-0.567669,01:01:08.733,5019002087
3670.302598,3669.733000,-0.569598,01:01:09.733,5019658399
3671.318362,3670.766000,-0.552362,01:01:10.766,5020387201
3672.334539,3671.766000,-0.568539,01:01:11.766,5021056714
3673.337482,3672.766000,-0.571482,01:01:12.766,5021712494
3674.339930,3673.766000,-0.573930,01:01:13.766,5022365897
3675.348721,3674.799000,-0.549721,01:01:14.799,5023038753
3676.351500,3675.799000,-0.552500,01:01:15.799,5023694946
3677.354348,3676.799000,-0.555348,01:01:16.799,5024351797
3678.369918,3677.799000,-0.570918,01:01:17.799,5025005253
3679.371776,3678.799000,-0.572776,01:01:18.799,5025706624
3680.372936,3679.799000,-0.573936,01:01:19.799,5026353208
3681.377992,3680.833000,-0.544992,01:01:20.833,5027019036
3682.386915,3681.833000,-0.553915,01:01:21.833,5027659622
3683.392233,3682.833000,-0.559233,01:01:22.833,5028304180
3684.394986,3683.833000,-0.561986,01:01:23.833,5028966758
3685.401804,3684.833000,-0.568804,01:01:24.833,5029625672
3686.407041,3685.833000,-0.574041,01:01:25.833,5030277393
3687.414420,3686.866000,-0.548420,01:01:26.866,5030991108
3688.421672,3687.866000,-0.555672,01:01:27.866,5031642568
3689.424047,3688.866000,-0.558047,01:01:28.866,5032291895
3690.431063,3689.866000,-0.565063,01:01:29.866,5032943073
3691.435925,3690.866000,-0.569925,01:01:30.866,5033594392
3692.440655,3691.866000,-0.574655,01:01:31.866,5034232582
3693.444539,3692.899000,-0.545539,01:01:32.899,5034895389
3694.452358,3693.899000,-0.553358,01:01:33.899,5035545853
3695.458743,3694.899000,-0.559743,01:01:34.899,5036232138
3696.471103,3695.899000,-0.572103,01:01:35.899,5036871616
3697.479067,3696.933000,-0.546067,01:01:36.933,5037530482
3698.489766,3697.933000,-0.556766,01:01:37.933,5038181573
3699.501830,3698.933000,-0.568830,01:01:38.933,5038836618
3700.515693,3699.966000,-0.549693,01:01:39.966,5039512417
3701.527865,3700.966000,-0.561865,01:01:40.966,5040174656
3702.535698,3701.966000,-0.569698,01:01:41.966,5040837496
3703.542077,3702.999000,-0.543077,01:01:42.999,5041517267
3704.549629,3703.999000,-0.550629,01:01:43.999,5042209710
3705.561657,3704.999000,-0.562657,01:01:44.999,5042844721
3706.569657,3705.999000,-0.570657,01:01:45.999,5043480104
3707.580873,3707.033000,-0.547873,01:01:47.033,5044147633
3708.585886,3708.033000,-0.552886,01:01:48.033,5044792523
3709.589675,3709.033000,-0.556675,01:01:49.033,5045439175
3710.599716,3710.033000,-0.566716,01:01:50.033,5046084932
3711.607985,3711.033000,-0.574985,01:01:51.033,5046729653
3712.619813,3712.066000,-0.553813,01:01:52.066,5047441318
3713.629370,3713.066000,-0.563370,01:01:53.066,5048080004
3714.632785,3714.066000,-0.566785,01:01:54.066,5048718111
3715.641566,3715.066000,-0.575566,01:01:55.066,5049366203
3716.647261,3716.099000,-0.548261,01:01:56.099,5050040067
3717.662090,3717.099000,-0.563090,01:01:57.099,5050691209
3718.667922,3718.099000,-0.568922,01:01:58.099,5051353572
3719.670878,3719.099000,-0.571878,01:01:59.099,5052015062
3720.676475,3720.133000,-0.543475,01:02:00.133,5052744009
3721.678214,3721.133000,-0.545214,01:02:01.133,5053395648
3722.685638,3722.133000,-0.552638,01:02:02.133,5054026375
3723.692677,3723.133000,-0.559677,01:02:03.133,5054675716
3724.696794,3724.133000,-0.563794,01:02:04.133,5055328618
3725.700575,3725.133000,-0.567575,01:02:05.133,5055979564
3726.714147,3726.166000,-0.548147,01:02:06.166,5056654580
3727.728783,3727.166000,-0.562783,01:02:07.166,5057304952
3728.732792,3728.166000,-0.566792,01:02:08.166,5057957997
3729.734138,3729.166000,-0.568138,01:02:09.166,5058659482
3730.750823,3730.199000,-0.551823,01:02:10.199,5059331664
3731.754284,3731.199000,-0.555284,01:02:11.199,5059978453
3732.768460,3732.199000,-0.569460,01:02:12.199,5060623282
3733.783366,3733.233000,-0.550366,01:02:13.233,5061286725
3734.785385,3734.233000,-0.552385,01:02:14.233,5061925433
3735.801159,3735.233000,-0.568159,01:02:15.233,5062577456
3736.804314,3736.233000,-0.571314,01:02:16.233,5063224790
3737.808781,3737.266000,-0.542781,01:02:17.266,5063942223
3738.824440,3738.266000,-0.558440,01:02:18.266,5064598710
3739.829102,3739.266000,-0.563102,01:02:19.266,5065255189
3740.845335,3740.299000,-0.546335,01:02:20.299,5065926722
3741.847712,3741.299000,-0.548712,01:02:21.299,5066573673
3742.849056,3742.299000,-0.550056,01:02:22.299,5067204748
3743.862698,3743.299000,-0.563698,01:02:23.299,5067850627
3744.874303,3744.333000,-0.541303,01:02:24.333,5068518901
3745.879949,3745.333000,-0.546949,01:02:25.333,5069207878
3746.884282,3746.333000,-0.551282,01:02:26.333,5069846444
3747.900260,3747.333000,-0.567260,01:02:27.333,5070484487
3748.914869,3748.366000,-0.548869,01:02:28.366,5071144758
3749.917797,3749.366000,-0.551797,01:02:29.366,5071776720
3750.921898,3750.366000,-0.555898,01:02:30.366,5072413769
3751.925725,3751.366000,-0.559725,01:02:31.366,5073051886
3752.941256,3752.366000,-0.575256,01:02:32.366,5073701726
3753.955759,3753.399000,-0.556759,01:02:33.399,5074415376
3754.959833,3754.399000,-0.560833,01:02:34.399,5075063587
3755.966921,3755.399000,-0.567921,01:02:35.399,5075717167
3756.969279,3756.399000,-0.570279,01:02:36.399,5076367218
3757.978285,3757.433000,-0.545285,01:02:37.433,5077024918
3758.985837,3758.433000,-0.552837,01:02:38.433,5077677260
3759.990717,3759.433000,-0.557717,01:02:39.433,5078328068
3760.995670,3760.433000,-0.562670,01:02:40.433,5078980003
3761.998888,3761.433000,-0.565888,01:02:41.433,5079634517
3763.006072,3762.433000,-0.573072,01:02:42.433,5080340430
3764.020728,3763.466000,-0.554728,01:02:43.466,5081012850
3765.030062,3764.466000,-0.564062,01:02:44.466,5081651161
3766.034431,3765.466000,-0.568431,01:02:45.466,5082308854
3767.045793,3766.499000,-0.546793,01:02:46.499,5082984905
3768.060790,3767.499000,-0.561790,01:02:47.499,5083636762
3769.069864,3768.499000,-0.570864,01:02:48.499,5084284150
3770.081743,3769.533000,-0.548743,01:02:49.533,5084958910
3771.087664,3770.533000,-0.554664,01:02:50.533,5085659687
3772.095940,3771.533000,-0.562940,01:02:51.533,5086303728
3773.108678,3772.566000,-0.542678,01:02:52.566,5086976441
3774.114887,3773.566000,-0.548887,01:02:53.566,5087632777
3775.125705,3774.566000,-0.559705,01:02:54.566,5088286738
3776.133456,3775.566000,-0.567456,01:02:55.566,5088931393
3777.137758,3776.566000,-0.571758,01:02:56.566,5089560806
3778.140946,3777.566000,-0.574946,01:02:57.566,5090216362
3779.145675,3778.599000,-0.546675,01:02:58.599,5090940954
3780.147329,3779.599000,-0.548329,01:02:59.599,5091589759
3781.153063,3780.599000,-0.554063,01:03:00.599,5092239780
3782.155717,3781.599000,-0.556717,01:03:01.599,5092854508
3783.161506,3782.599000,-0.562506,01:03:02.599,5093508425
3784.165702,3783.599000,-0.566702,01:03:03.599,5094162203
3785.170593,3784.599000,-0.571593,01:03:04.599,5094782207
3786.175528,3785.633000,-0.542528,01:03:05.633,5095449970
3787.178843,3786.633000,-0.545843,01:03:06.633,5096138391
3788.181286,3787.633000,-0.548286,01:03:07.633,5096781148
3789.187062,3788.633000,-0.554062,01:03:08.633,5097412486
3790.188383,3789.633000,-0.555383,01:03:09.633,5098060835
3791.191596,3790.633000,-0.558596,01:03:10.633,5098712555
3792.193359,3791.633000,-0.560359,01:03:11.633,5099367256
3793.197033,3792.633000,-0.564033,01:03:12.633,5100025308
3794.212834,3793.666000,-0.546834,01:03:13.666,5100704229
3795.218771,3794.666000,-0.552771,01:03:14.666,5101361573
3796.221998,3795.666000,-0.555998,01:03:15.666,5102071195
3797.224288,3796.666000,-0.558288,01:03:16.666,5102710681
3798.239788,3797.666000,-0.573788,01:03:17.666,5103355412
3799.244415,3798.699000,-0.545415,01:03:18.699,5104019770
3800.259448,3799.699000,-0.560448,01:03:19.699,5104666626
3801.262830,3800.699000,-0.563830,01:03:20.699,5105312938
3802.276045,3801.733000,-0.543045,01:03:21.733,5105981431
3803.281175,3802.733000,-0.548175,01:03:22.733,5106632206
3804.297219,3803.733000,-0.564219,01:03:23.733,5107337714
3805.312710,3804.766000,-0.546710,01:03:24.766,5108019980
3806.327072,3805.766000,-0.561072,01:03:25.766,5108673279
3807.330040,3806.766000,-0.564040,01:03:26.766,5109325719
3808.344091,3807.799000,-0.545091,01:03:27.799,5109998136
3809.350202,3808.799000,-0.551202,01:03:28.799,5110648036
3810.365901,3809.799000,-0.566901,01:03:29.799,5111303705
3811.378829,3810.833000,-0.545829,01:03:30.833,5111977630
3812.382519,3811.833000,-0.549519,01:03:31.833,5112671676
3813.384168,3812.833000,-0.551168,01:03:32.833,5113328457
3814.385787,3813.833000,-0.552787,01:03:33.833,5113983111
3815.388434,3814.833000,-0.555434,01:03:34.833,5114636529
3816.402705,3815.833000,-0.569705,01:03:35.833,5115298946
3817.414932,3816.866000,-0.548932,01:03:36.866,5115984310
3818.417014,3817.866000,-0.551014,01:03:37.866,5116651644
3819.418878,3818.866000,-0.552878,01:03:38.866,5117316933
3820.435180,3819.866000,-0.569180,01:03:39.866,5118021050
3821.450598,3820.899000,-0.551598,01:03:40.899,5118705625
3822.451616,3821.899000,-0.552616,01:03:41.899,5119355802
3823.465384,3822.899000,-0.566384,01:03:42.899,5119998583
3824.469240,3823.899000,-0.570240,01:03:43.899,5120661877
3825.470370,3824.899000,-0.571370,01:03:44.899,5121323321
3826.473282,3825.899000,-0.574282,01:03:45.899,5121985551
3827.486257,3826.933000,-0.553257,01:03:46.933,5122674471
3828.499170,3827.933000,-0.566170,01:03:47.933,5123340068
3829.515622,3828.966000,-0.549622,01:03:48.966,5124080543
3830.531891,3829.966000,-0.565891,01:03:49.966,5124746868
3831.534918,3830.966000,-0.568918,01:03:50.966,5125408593
3832.540984,3831.966000,-0.574984,01:03:51.966,5126077363
3833.545686,3832.999000,-0.546686,01:03:52.999,5126765423
3834.561609,3833.999000,-0.562609,01:03:53.999,5127438747
3835.577782,3835.033000,-0.544782,01:03:55.033,5128138467
3836.592364,3836.033000,-0.559364,01:03:56.033,5128805599
3837.599425,3837.033000,-0.566425,01:03:57.033,5129519980
3838.602549,3838.033000,-0.569549,01:03:58.033,5130182500
3839.604144,3839.033000,-0.571144,01:03:59.033,5130850543
3840.620475,3840.066000,-0.554475,01:04:00.066,5131534534
3841.623569,3841.066000,-0.557569,01:04:01.066,5132189266
3842.625475,3842.066000,-0.559475,01:04:02.066,5132838055
3843.637238,3843.066000,-0.571238,01:04:03.066,5133489494
3844.653531,3844.099000,-0.554531,01:04:04.099,5134170168
3845.667601,3845.099000,-0.568601,01:04:05.099,5134875050
3846.672711,3846.099000,-0.573711,01:04:06.099,5135544555
3847.687493,3847.133000,-0.554493,01:04:07.133,5136233168
3848.692617,3848.133000,-0.559617,01:04:08.133,5136892586
3849.703801,3849.133000,-0.570801,01:04:09.133,5137554405
3850.715379,3850.166000,-0.549379,01:04:10.166,5138242007
3851.719051,3851.166000,-0.553051,01:04:11.166,5138898418
3852.721055,3852.166000,-0.555055,01:04:12.166,5139553374
3853.736146,3853.166000,-0.570146,01:04:13.166,5140203394
3854.738388,3854.166000,-0.572388,01:04:14.166,5140910389
3855.752252,3855.199000,-0.553252,01:04:15.199,5141581298
3856.753641,3856.199000,-0.554641,01:04:16.199,5142232658
3857.761086,3857.199000,-0.562086,01:04:17.199,5142884575
3858.765366,3858.199000,-0.566366,01:04:18.199,5143551479
3859.766914,3859.199000,-0.567914,01:04:19.199,5144216871
3860.781990,3860.233000,-0.548990,01:04:20.233,5144889849
3861.796240,3861.233000,-0.563240,01:04:21.233,5145541438
3862.810486,3862.266000,-0.544486,01:04:22.266,5146257615
3863.826584,3863.266000,-0.560584,01:04:23.266,5146915241
3864.828056,3864.266000,-0.562056,01:04:24.266,5147566489
3865.835153,3865.266000,-0.569153,01:04:25.266,5148222164
3866.842239,3866.299000,-0.543239,01:04:26.299,5148915595
3867.857401,3867.299000,-0.558401,01:04:27.299,5149559326
3868.861712,3868.299000,-0.562712,01:04:28.299,5150200204
3869.866125,3869.299000,-0.567125,01:04:29.299,5150849975
3870.880770,3870.333000,-0.547770,01:04:30.333,5151575694
3871.895240,3871.333000,-0.562240,01:04:31.333,5152237505
3872.907069,3872.333000,-0.574069,01:04:32.333,5152899108
3873.921764,3873.366000,-0.555764,01:04:33.366,5153565531
3874.936722,3874.366000,-0.570722,01:04:34.366,5154222488
3875.947903,3875.399000,-0.548903,01:04:35.399,5154899798
3876.950263,3876.399000,-0.551263,01:04:36.399,5155561860
3877.965811,3877.399000,-0.566811,01:04:37.399,5156232658
3878.981189,3878.433000,-0.548189,01:04:38.433,5156970542
3879.983197,3879.433000,-0.550197,01:04:39.433,5157640005
3880.988462,3880.433000,-0.555462,01:04:40.433,5158318538
3881.991316,3881.433000,-0.558316,01:04:41.433,5158994056
3882.995074,3882.433000,-0.562074,01:04:42.433,5159663587
3883.998975,3883.433000,-0.565975,01:04:43.433,5160338300
3885.000448,3884.433000,-0.567448,01:04:44.433,5161021166
3886.014591,3885.466000,-0.548591,01:04:45.466,5161722299
3887.016477,3886.466000,-0.550477,01:04:46.466,5162403369
3888.018592,3887.466000,-0.552592,01:04:47.466,5163131234
3889.030199,3888.466000,-0.564199,01:04:48.466,5163808748
3890.032900,3889.466000,-0.566900,01:04:49.466,5164475363
3891.043041,3890.499000,-0.544041,01:04:50.499,5165159869
3892.045257,3891.499000,-0.546257,01:04:51.499,5165814330
3893.048270,3892.499000,-0.549270,01:04:52.499,5166460699
3894.050673,3893.499000,-0.551673,01:04:53.499,5167117776
3895.058379,3894.499000,-0.559379,01:04:54.499,5167776538
3896.074434,3895.499000,-0.575434,01:04:55.499,5168470303
3897.076227,3896.533000,-0.543227,01:04:56.533,5169139547
3898.090365,3897.533000,-0.557365,01:04:57.533,5169786147
3899.094357,3898.533000,-0.561357,01:04:58.533,5170450761
3900.101278,3899.533000,-0.568278,01:04:59.533,5171108103
3901.104116,3900.533000,-0.571116,01:05:00.533,5171778723
3902.106997,3901.533000,-0.573997,01:05:01.533,5172442158
3903.111369,3902.566000,-0.545369,01:05:02.566,5173133982
3904.115268,3903.566000,-0.549268,01:05:03.566,5173847925
3905.118676,3904.566000,-0.552676,01:05:04.566,5174501879
3906.122794,3905.566000,-0.556794,01:05:05.566,5175159212
3907.126402,3906.566000,-0.560402,01:05:06.566,5175813124
3908.131318,3907.566000,-0.565318,01:05:07.566,5176476725
3909.140576,3908.566000,-0.574576,01:05:08.566,5177133726
3910.146384,3909.599000,-0.547384,01:05:09.599,5177819557
3911.149552,3910.599000,-0.550552,01:05:10.599,5178485416
3912.154494,3911.599000,-0.555494,01:05:11.599,5179189433
3913.156078,3912.599000,-0.557078,01:05:12.599,5179856531
3914.166525,3913.599000,-0.567525,01:05:13.599,5180515572
3915.169671,3914.599000,-0.570671,01:05:14.599,5181177764
3916.174403,3915.599000,-0.575403,01:05:15.599,5181839009
3917.179305,3916.633000,-0.546305,01:05:16.633,5182518673
3918.187310,3917.633000,-0.554310,01:05:17.633,5183175237
3919.203360,3918.633000,-0.570360,01:05:18.633,5183831346
3920.215267,3919.666000,-0.549267,01:05:19.666,5184496928
3921.217495,3920.666000,-0.551495,01:05:20.666,5185193772
3922.220271,3921.666000,-0.554271,01:05:21.666,5185840824
3923.228623,3922.666000,-0.562623,01:05:22.666,5186482993
3924.235795,3923.666000,-0.569795,01:05:23.666,5187130996
3925.250080,3924.699000,-0.551080,01:05:24.699,5187801550
3926.266110,3925.699000,-0.567110,01:05:25.699,5188453360
3927.271429,3926.699000,-0.572429,01:05:26.699,5189106254
3928.288137,3927.733000,-0.555137,01:05:27.733,5189784440
3929.298271,3928.733000,-0.565271,01:05:28.733,5190489561
3930.303143,3929.733000,-0.570143,01:05:29.733,5191146833
3931.318867,3930.766000,-0.552867,01:05:30.766,5191822771
3932.327454,3931.766000,-0.561454,01:05:31.766,5192468835
3933.331173,3932.766000,-0.565173,01:05:32.766,5193116242
3934.336297,3933.766000,-0.570297,01:05:33.766,5193768539
3935.340577,3934.766000,-0.574577,01:05:34.766,5194416961
3936.341870,3935.766000,-0.575870,01:05:35.766,5195065938
3937.355009,3936.799000,-0.556009,01:05:36.799,5195798516
3938.362227,3937.799000,-0.563227,01:05:37.799,5196461575
3939.367389,3938.799000,-0.568389,01:05:38.799,5197116471
3940.373002,3939.799000,-0.574002,01:05:39.799,5197770488
3941.377372,3940.833000,-0.544372,01:05:40.833,5198448161
3942.391409,3941.833000,-0.558409,01:05:41.833,5199102293
3943.395282,3942.833000,-0.562282,01:05:42.833,5199756835
3944.402180,3943.833000,-0.569180,01:05:43.833,5200399665
3945.406086,3944.833000,-0.573086,01:05:44.833,5201047515
3946.414650,3945.866000,-0.548650,01:05:45.866,5201758712
3947.421163,3946.866000,-0.555163,01:05:46.866,5202406004
3948.423651,3947.866000,-0.557651,01:05:47.866,5203053624
3949.428485,3948.866000,-0.562485,01:05:48.866,5203707981
3950.434136,3949.866000,-0.568136,01:05:49.866,5204360901
3951.449230,3950.899000,-0.550230,01:05:50.899,5205029705
3952.452139,3951.899000,-0.553139,01:05:51.899,5205671776
3953.462665,3952.899000,-0.563665,01:05:52.899,5206319185
3954.471190,3953.899000,-0.572190,01:05:53.899,5207019995
3955.475303,3954.933000,-0.542303,01:05:54.933,5207694140
3956.484424,3955.933000,-0.551424,01:05:55.933,5208346344
3957.488316,3956.933000,-0.555316,01:05:56.933,5208990704
3958.499374,3957.933000,-0.566374,01:05:57.933,5209637565
3959.505368,3958.933000,-0.572368,01:05:58.933,5210287544
3960.511864,3959.966000,-0.545864,01:05:59.966,5210950942
3961.519918,3960.966000,-0.553918,01:06:00.966,5211590196
3962.522531,3961.966000,-0.556531,01:06:01.966,5212271303
3963.529337,3962.966000,-0.563337,01:06:02.966,5212898978
3964.535582,3963.966000,-0.569582,01:06:03.966,5213547597
3965.544493,3964.999000,-0.545493,01:06:04.999,5214222197
3966.552128,3965.999000,-0.553128,01:06:05.999,5214875588
3967.559386,3966.999000,-0.560386,01:06:06.999,5215527600
3968.568534,3967.999000,-0.569534,01:06:07.999,5216181364
3969.577424,3969.033000,-0.544424,01:06:09.033,5216859681
3970.580600,3970.033000,-0.547600,01:06:10.033,5217561346
3971.585412,3971.033000,-0.552412,01:06:11.033,5218211171
3972.592900,3972.033000,-0.559900,01:06:12.033,5218852072
3973.596179,3973.033000,-0.563179,01:06:13.033,5219486935
3974.601816,3974.033000,-0.568816,01:06:14.033,5220107737
3975.607712,3975.033000,-0.574712,01:06:15.033,5220745374
3976.613479,3976.066000,-0.547479,01:06:16.066,5221410697
3977.617548,3977.066000,-0.551548,01:06:17.066,5222056338
3978.620463,3978.066000,-0.554463,01:06:18.066,5222707370
3979.622957,3979.066000,-0.556957,01:06:19.066,5223407459
3980.638341,3980.066000,-0.572341,01:06:20.066,5224061122
3981.642838,3981.099000,-0.543838,01:06:21.099,5224735093
3982.645242,3982.099000,-0.546242,01:06:22.099,5225396725
3983.650350,3983.099000,-0.551350,01:06:23.099,5226055211
3984.654091,3984.099000,-0.555091,01:06:24.099,5226704651
3985.660229,3985.099000,-0.561229,01:06:25.099,5227346276
3986.675130,3986.099000,-0.576130,01:06:26.099,5227995544
3987.678186,3987.133000,-0.545186,01:06:27.133,5228675253
3988.686168,3988.133000,-0.553168,01:06:28.133,5229316774
3989.690438,3989.133000,-0.557438,01:06:29.133,5229956851
3990.692985,3990.133000,-0.559985,01:06:30.133,5230589146
3991.697121,3991.133000,-0.564121,01:06:31.133,5231229531
3992.701439,3992.133000,-0.568439,01:06:32.133,5231836340
3993.706359,3993.166000,-0.540359,01:06:33.166,5232401982
3994.718243,3994.166000,-0.552243,01:06:34.166,5233057787
3995.732547,3995.166000,-0.566547,01:06:35.166,5233701124
3996.734344,3996.166000,-0.568344,01:06:36.166,5234341334
3997.750273,3997.199000,-0.551273,01:06:37.199,5234926925
3998.765412,3998.199000,-0.566412,01:06:38.199,5235567159
3999.772409,3999.199000,-0.573409,01:06:39.199,5236278781
4000.787004,4000.233000,-0.554004,01:06:40.233,5236843626
4001.802263,4001.233000,-0.569263,01:06:41.233,5237154152
