session_time_s,obs_duration_s,difference_s,output_timecode,output_bytes
0.002416,0.000000,-0.002416,00:00:00.000,5237574465
1.014699,0.433000,-0.581699,00:00:00.433,5237716763
2.018791,1.433000,-0.585791,00:00:01.433,5237828280
3.021920,2.466000,-0.555920,00:00:02.466,5237918257
4.031264,3.466000,-0.565264,00:00:03.466,5237999656
5.039753,4.466000,-0.573753,00:00:04.466,5238077633
6.046260,5.466000,-0.580260,00:00:05.466,5238363899
7.052460,6.499000,-0.553460,00:00:06.499,5238464690
8.059956,7.499000,-0.560956,00:00:07.499,5238557370
9.065822,8.499000,-0.566822,00:00:08.499,5238973853
10.073335,9.499000,-0.574335,00:00:09.499,5239586116
11.077901,10.499000,-0.578901,00:00:10.499,5240225896
12.082049,11.499000,-0.583049,00:00:11.499,5240838699
13.087409,12.499000,-0.588409,00:00:12.499,5241504375
14.095855,13.533000,-0.562855,00:00:13.533,5242246499
15.097819,14.533000,-0.564819,00:00:14.533,5242951164
16.108639,15.533000,-0.575639,00:00:15.533,5243597822
17.117898,16.533000,-0.584898,00:00:16.533,5244222287
18.125567,17.566000,-0.559567,00:00:17.566,5244841309
19.134127,18.566000,-0.568127,00:00:18.566,5245359510
20.139832,19.566000,-0.573832,00:00:19.566,5245984382
21.143351,20.566000,-0.577351,00:00:20.566,5246614785
22.146758,21.566000,-0.580758,00:00:21.566,5247183686
23.155727,22.599000,-0.556727,00:00:22.599,5247830760
24.163551,23.599000,-0.564551,00:00:23.599,5248462673
25.168897,24.599000,-0.569897,00:00:24.599,5249046567
26.172336,25.599000,-0.573336,00:00:25.599,5249183049
27.176886,26.599000,-0.577886,00:00:26.599,5249291484
28.181601,27.599000,-0.582601,00:00:27.599,5249395772
29.187805,28.599000,-0.588805,00:00:28.599,5249502233
30.196846,29.633000,-0.563846,00:00:29.633,5249984977
31.203419,30.633000,-0.570419,00:00:30.633,5250632937
32.207589,31.633000,-0.574589,00:00:31.633,5251295585
33.211360,32.633000,-0.578360,00:00:32.633,5251857701
34.212400,33.633000,-0.579400,00:00:33.633,5252476860
35.214558,34.633000,-0.581558,00:00:34.633,5253158492
36.231326,35.666000,-0.565326,00:00:35.666,5253740601
37.234606,36.666000,-0.568606,00:00:36.666,5254378116
38.237638,37.666000,-0.571638,00:00:37.666,5254976150
39.251481,38.666000,-0.585481,00:00:38.666,5255635002
40.257352,39.699000,-0.558352,00:00:39.699,5256311740
41.258856,40.699000,-0.559856,00:00:40.699,5256959513
42.273790,41.699000,-0.574790,00:00:41.699,5257620755
43.285628,42.699000,-0.586628,00:00:42.699,5258265803
44.288604,43.733000,-0.555604,00:00:43.733,5258925973
45.290049,44.733000,-0.557049,00:00:44.733,5259540063
46.293252,45.733000,-0.560252,00:00:45.733,5260165571
47.308126,46.733000,-0.575126,00:00:46.733,5260823342
48.312751,47.733000,-0.579751,00:00:47.733,5261523598
49.326744,48.766000,-0.560744,00:00:48.766,5262165163
50.342541,49.766000,-0.576541,00:00:49.766,5262795440
51.345793,50.766000,-0.579793,00:00:50.766,5263411057
52.347059,51.766000,-0.581059,00:00:51.766,5264084716
53.351195,52.766000,-0.585195,00:00:52.766,5264698494
54.364860,53.799000,-0.565860,00:00:53.799,5265352705
55.369378,54.799000,-0.570378,00:00:54.799,5265995195
56.374581,55.799000,-0.575581,00:00:55.799,5266670333
57.377001,56.799000,-0.578001,00:00:56.799,5267262877
58.392951,57.833000,-0.559951,00:00:57.833,5267947539
59.394896,58.833000,-0.561896,00:00:58.833,5268554988
60.399394,59.833000,-0.566394,00:00:59.833,5269167363
61.415120,60.833000,-0.582120,00:01:00.833,5269805568
62.422966,61.866000,-0.556966,00:01:01.866,5270462172
63.438719,62.866000,-0.572719,00:01:02.866,5271091179
64.445660,63.866000,-0.579660,00:01:03.866,5271784578
65.449162,64.866000,-0.583162,00:01:04.866,5272420141
66.457844,65.899000,-0.558844,00:01:05.899,5273100269
67.463041,66.899000,-0.564041,00:01:06.899,5273733122
68.473110,67.899000,-0.574110,00:01:07.899,5274325355
69.478979,68.899000,-0.579979,00:01:08.899,5274897695
70.491776,69.933000,-0.558776,00:01:09.933,5275589803
71.495783,70.933000,-0.562783,00:01:10.933,5276219510
72.504772,71.933000,-0.571772,00:01:11.933,5276913492
73.513985,72.933000,-0.580985,00:01:12.933,5277509066
74.518703,73.933000,-0.585703,00:01:13.933,5278127660
75.527525,74.966000,-0.561525,00:01:14.966,5278801693
76.534726,75.966000,-0.568726,00:01:15.966,5279398471
77.545790,76.966000,-0.579790,00:01:16.966,5279999942
78.559085,77.999000,-0.560085,00:01:17.999,5280658758
79.569067,78.999000,-0.570067,00:01:18.999,5281273866
80.576237,79.999000,-0.577237,00:01:19.999,5281904448
81.582884,80.999000,-0.583884,00:01:20.999,5282624448
82.590141,82.033000,-0.557141,00:01:22.033,5283291564
83.598367,83.033000,-0.565367,00:01:23.033,5283907902
84.609015,84.033000,-0.576015,00:01:24.033,5284516330
85.618994,85.033000,-0.585994,00:01:25.033,5285184422
86.627560,86.066000,-0.561560,00:01:26.066,5285820447
87.639664,87.066000,-0.573664,00:01:27.066,5286468442
88.647044,88.066000,-0.581044,00:01:28.066,5287121981
89.652701,89.066000,-0.586701,00:01:29.066,5287771353
90.659840,90.099000,-0.560840,00:01:30.099,5288393586
91.663707,91.099000,-0.564707,00:01:31.099,5288981469
92.672556,92.099000,-0.573556,00:01:32.099,5289623709
93.676952,93.099000,-0.577952,00:01:33.099,5290241398
94.683552,94.099000,-0.584552,00:01:34.099,5290877345
95.686747,95.099000,-0.587747,00:01:35.099,5291456177
96.692758,96.133000,-0.559758,00:01:36.133,5292071693
97.700594,97.133000,-0.567594,00:01:37.133,5292741098
98.705742,98.133000,-0.572742,00:01:38.133,5293326516
99.707921,99.133000,-0.574921,00:01:39.133,5293900139
100.715618,100.133000,-0.582618,00:01:40.133,5294561725
101.721196,101.133000,-0.588196,00:01:41.133,5295197416
102.729634,102.166000,-0.563634,00:01:42.166,5295855211
103.731634,103.166000,-0.565634,00:01:43.166,5296423497
104.733810,104.166000,-0.567810,00:01:44.166,5297061456
105.739657,105.166000,-0.573657,00:01:45.166,5297721424
106.745700,106.166000,-0.579700,00:01:46.166,5298337383
107.759517,107.199000,-0.560517,00:01:47.199,5298971407
108.765571,108.199000,-0.566571,00:01:48.199,5299560651
109.769999,109.199000,-0.570999,00:01:49.199,5300195468
110.775214,110.199000,-0.576214,00:01:50.199,5300811035
111.781488,111.199000,-0.582488,00:01:51.199,5301388173
112.783508,112.199000,-0.584508,00:01:52.199,5302028703
113.786688,113.199000,-0.587688,00:01:53.199,5302631348
114.791120,114.233000,-0.558120,00:01:54.233,5303358616
115.795283,115.233000,-0.562283,00:01:55.233,5304001561
116.800881,116.233000,-0.567881,00:01:56.233,5304625489
117.808441,117.233000,-0.575441,00:01:57.233,5305288860
118.814621,118.233000,-0.581621,00:01:58.233,5305920519
119.829607,119.266000,-0.563607,00:01:59.266,5306552958
120.843617,120.266000,-0.577617,00:02:00.266,5307177609
121.849812,121.266000,-0.583812,00:02:01.266,5307782602
122.852473,122.266000,-0.586473,00:02:02.266,5308460725
123.865431,123.299000,-0.566431,00:02:03.299,5309117155
124.878805,124.299000,-0.579805,00:02:04.299,5309717963
125.881446,125.299000,-0.582446,00:02:05.299,5310286730
126.885672,126.299000,-0.586672,00:02:06.299,5310886532
127.899403,127.333000,-0.566403,00:02:07.333,5311538614
128.912178,128.333000,-0.579178,00:02:08.333,5312131878
129.927961,129.366000,-0.561961,00:02:09.366,5312765306
130.933099,130.366000,-0.567099,00:02:10.366,5313486475
131.936565,131.366000,-0.570565,00:02:11.366,5314147290
132.941456,132.366000,-0.575456,00:02:12.366,5314741587
133.944868,133.366000,-0.578868,00:02:13.366,5315352647
134.947386,134.366000,-0.581386,00:02:14.366,5315964902
135.958073,135.399000,-0.559073,00:02:15.399,5316642842
136.963044,136.399000,-0.564044,00:02:16.399,5317244446
137.969456,137.399000,-0.570456,00:02:17.399,5317847005
138.977395,138.399000,-0.578395,00:02:18.399,5318480789
139.992678,139.433000,-0.559678,00:02:19.433,5319143704
140.999065,140.433000,-0.566065,00:02:20.433,5319763582
142.004044,141.433000,-0.571044,00:02:21.433,5320403067
143.013132,142.433000,-0.580132,00:02:22.433,5321020704
144.017048,143.433000,-0.584048,00:02:23.433,5321637028
145.024038,144.466000,-0.558038,00:02:24.466,5322225323
146.025839,145.466000,-0.559839,00:02:25.466,5322793313
147.041142,146.466000,-0.575142,00:02:26.466,5323449134
148.044134,147.466000,-0.578134,00:02:27.466,5324116739
149.050163,148.466000,-0.584163,00:02:28.466,5324734552
150.054233,149.466000,-0.588233,00:02:29.466,5325390838
151.058622,150.499000,-0.559622,00:02:30.499,5326000899
152.071782,151.499000,-0.572782,00:02:31.499,5326619446
153.075101,152.499000,-0.576101,00:02:32.499,5327252065
154.081055,153.499000,-0.582055,00:02:33.499,5327893414
155.088927,154.499000,-0.589927,00:02:34.499,5328495589
156.098749,155.533000,-0.565749,00:02:35.533,5329180523
157.108606,156.533000,-0.575606,00:02:36.533,5329829028
158.117852,157.533000,-0.584852,00:02:37.533,5330441765
159.127162,158.566000,-0.561162,00:02:38.566,5331031394
160.134907,159.566000,-0.568907,00:02:39.566,5331639877
161.141737,160.566000,-0.575737,00:02:40.566,5332254553
162.152057,161.566000,-0.586057,00:02:41.566,5332856657
163.162611,162.599000,-0.563611,00:02:42.599,5333523238
164.172655,163.599000,-0.573655,00:02:43.599,5334201912
165.182016,164.599000,-0.583016,00:02:44.599,5334824515
166.185603,165.599000,-0.586603,00:02:45.599,5335440393
167.201350,166.633000,-0.568350,00:02:46.633,5336027363
168.216429,167.633000,-0.583429,00:02:47.633,5336676792
169.231890,168.666000,-0.565890,00:02:48.666,5337312184
170.235763,169.666000,-0.569763,00:02:49.666,5337944554
171.238634,170.666000,-0.572634,00:02:50.666,5338528634
172.241078,171.666000,-0.575078,00:02:51.666,5339192883
173.247801,172.666000,-0.581801,00:02:52.666,5339879488
174.249837,173.666000,-0.583837,00:02:53.666,5340504350
175.252424,174.666000,-0.586424,00:02:54.666,5341102897
176.265469,175.699000,-0.566469,00:02:55.699,5341772950
177.271834,176.699000,-0.572834,00:02:56.699,5342442809
178.278542,177.699000,-0.579542,00:02:57.699,5343038294
179.294140,178.733000,-0.561140,00:02:58.733,5343683910
180.303475,179.733000,-0.570475,00:02:59.733,5344332693
181.309900,180.733000,-0.576900,00:03:00.733,5345012729
182.312133,181.733000,-0.579133,00:03:01.733,5345597817
183.325308,182.766000,-0.559308,00:03:02.766,5346189598
184.332867,183.766000,-0.566867,00:03:03.766,5346810587
185.334830,184.766000,-0.568830,00:03:04.766,5347415971
186.349092,185.766000,-0.583092,00:03:05.766,5348038238
187.362646,186.799000,-0.563646,00:03:06.799,5348713890
188.365589,187.799000,-0.566589,00:03:07.799,5349249584
189.378772,188.799000,-0.579772,00:03:08.799,5349943649
190.380197,189.799000,-0.581197,00:03:09.799,5350587598
191.381857,190.799000,-0.582857,00:03:10.799,5351193326
192.384351,191.799000,-0.585351,00:03:11.799,5351808298
193.400229,192.833000,-0.567229,00:03:12.833,5352402795
194.403273,193.833000,-0.570273,00:03:13.833,5353023150
195.406991,194.833000,-0.573991,00:03:14.833,5353629791
196.408603,195.833000,-0.575603,00:03:15.833,5354250297
197.412261,196.833000,-0.579261,00:03:16.833,5354928697
198.414040,197.833000,-0.581040,00:03:17.833,5355485788
199.415889,198.833000,-0.582889,00:03:18.833,5356108039
200.423206,199.866000,-0.557206,00:03:19.866,5356731814
201.427033,200.866000,-0.561033,00:03:20.866,5357342655
202.443182,201.866000,-0.577182,00:03:21.866,5357934144
203.450188,202.866000,-0.584188,00:03:22.866,5358564945
204.453458,203.866000,-0.587458,00:03:23.866,5359162136
205.469338,204.899000,-0.570338,00:03:24.899,5359758732
206.472622,205.899000,-0.573622,00:03:25.899,5360414899
207.486343,206.899000,-0.587343,00:03:26.899,5360989202
208.487515,207.899000,-0.588515,00:03:27.899,5361599350
209.491172,208.933000,-0.558172,00:03:28.933,5362195247
210.502505,209.933000,-0.569505,00:03:29.933,5362831628
211.504026,210.933000,-0.571026,00:03:30.933,5363499454
212.518431,211.933000,-0.585431,00:03:31.933,5364075795
213.533430,212.966000,-0.567430,00:03:32.966,5364705486
214.549407,213.966000,-0.583407,00:03:33.966,5365383112
215.564205,214.999000,-0.565205,00:03:34.999,5366009855
216.566823,215.999000,-0.567823,00:03:35.999,5366640380
217.580845,216.999000,-0.581845,00:03:36.999,5367237438
218.581985,217.999000,-0.582985,00:03:37.999,5367858198
219.588341,218.999000,-0.589341,00:03:38.999,5368496473
220.591952,220.033000,-0.558952,00:03:40.033,5369156043
221.594320,221.033000,-0.561320,00:03:41.033,5369784047
222.607153,222.033000,-0.574153,00:03:42.033,5370479715
223.621013,223.033000,-0.588013,00:03:43.033,5371053964
224.622237,224.033000,-0.589237,00:03:44.033,5371635037
225.625092,225.066000,-0.559092,00:03:45.066,5372222384
226.640984,226.066000,-0.574984,00:03:46.066,5372842752
227.646053,227.066000,-0.580053,00:03:47.066,5373418708
228.647218,228.066000,-0.581218,00:03:48.066,5374062763
229.662474,229.099000,-0.563474,00:03:49.099,5374719350
230.675319,230.099000,-0.576319,00:03:50.099,5375362076
231.691288,231.133000,-0.558288,00:03:51.133,5376006681
232.692468,232.133000,-0.559468,00:03:52.133,5376638764
233.693872,233.133000,-0.560872,00:03:53.133,5377255644
234.706029,234.133000,-0.573029,00:03:54.133,5377898107
235.710539,235.133000,-0.577539,00:03:55.133,5378497884
236.724860,236.166000,-0.558860,00:03:56.166,5379105026
237.738448,237.166000,-0.572448,00:03:57.166,5379734420
238.754232,238.199000,-0.555232,00:03:58.199,5380393041
239.766796,239.199000,-0.567796,00:03:59.199,5381034219
240.767828,240.199000,-0.568828,00:04:00.199,5381630454
241.782274,241.199000,-0.583274,00:04:01.199,5382237159
242.783310,242.199000,-0.584310,00:04:02.199,5382858864
243.798243,243.233000,-0.565243,00:04:03.233,5383485179
244.811946,244.233000,-0.578946,00:04:04.233,5384129546
245.813211,245.233000,-0.580211,00:04:05.233,5384792650
246.815032,246.233000,-0.582032,00:04:06.233,5385355149
247.817008,247.233000,-0.584008,00:04:07.233,5385997923
248.819175,248.233000,-0.586175,00:04:08.233,5386655713
249.832094,249.266000,-0.566094,00:04:09.266,5387271303
250.834535,250.266000,-0.568535,00:04:10.266,5387876518
251.847649,251.266000,-0.581649,00:04:11.266,5388558732
252.858198,252.299000,-0.559198,00:04:12.299,5389193558
253.861362,253.299000,-0.562362,00:04:13.299,5389835209
254.862548,254.299000,-0.563548,00:04:14.299,5390493383
255.867195,255.299000,-0.568195,00:04:15.299,5391196802
256.878144,256.299000,-0.579144,00:04:16.299,5391831727
257.890339,257.333000,-0.557339,00:04:17.333,5392516326
258.894701,258.333000,-0.561701,00:04:18.333,5393196219
259.907445,259.333000,-0.574445,00:04:19.333,5393817953
260.921456,260.366000,-0.555456,00:04:20.366,5394508329
261.922877,261.366000,-0.556877,00:04:21.366,5395174807
262.932131,262.366000,-0.566131,00:04:22.366,5395802747
263.947875,263.366000,-0.581875,00:04:23.366,5396457593
264.951790,264.366000,-0.585790,00:04:24.366,5397098995
265.967526,265.399000,-0.568526,00:04:25.399,5397757078
266.980694,266.399000,-0.581694,00:04:26.399,5398427119
267.996416,267.433000,-0.563416,00:04:27.433,5399099520
269.010105,268.433000,-0.577105,00:04:28.433,5399753787
270.011299,269.433000,-0.578299,00:04:29.433,5400409557
271.026142,270.466000,-0.560142,00:04:30.466,5401035480
272.029221,271.466000,-0.563221,00:04:31.466,5401676859
273.030353,272.466000,-0.564353,00:04:32.466,5402342858
274.034588,273.466000,-0.568588,00:04:33.466,5402984487
275.051227,274.466000,-0.585227,00:04:34.466,5403637793
276.052228,275.466000,-0.586228,00:04:35.466,5404281010
277.054578,276.466000,-0.588578,00:04:36.466,5404882328
278.055673,277.466000,-0.589673,00:04:37.466,5405496140
279.066187,278.499000,-0.567187,00:04:38.499,5406164661
280.071271,279.499000,-0.572271,00:04:39.499,5406759935
281.079137,280.499000,-0.580137,00:04:40.499,5407433808
282.083679,281.499000,-0.584679,00:04:41.499,5408051118
283.093025,282.533000,-0.560025,00:04:42.533,5408741687
284.098207,283.533000,-0.565207,00:04:43.533,5409387483
285.105767,284.533000,-0.572767,00:04:44.533,5409980272
286.108713,285.533000,-0.575713,00:04:45.533,5410595804
287.112256,286.533000,-0.579256,00:04:46.533,5411235822
288.115077,287.533000,-0.582077,00:04:47.533,5411875591
289.125435,288.566000,-0.559435,00:04:48.566,5412631973
290.132082,289.566000,-0.566082,00:04:49.566,5413268303
291.133109,290.566000,-0.567109,00:04:50.566,5413919139
292.139911,291.566000,-0.573911,00:04:51.566,5414594191
293.151553,292.566000,-0.585553,00:04:52.566,5415243822
294.158905,293.599000,-0.559905,00:04:53.599,5415905114
295.162953,294.599000,-0.563953,00:04:54.599,5416540905
296.179831,295.599000,-0.580831,00:04:55.599,5417220186
297.184300,296.599000,-0.585300,00:04:56.599,5417875616
298.200033,297.633000,-0.567033,00:04:57.633,5418591762
299.205697,298.633000,-0.572697,00:04:58.633,5419218750
300.215238,299.633000,-0.582238,00:04:59.633,5419847017
301.221393,300.633000,-0.588393,00:05:00.633,5420514061
302.227362,301.666000,-0.561362,00:05:01.666,5421182276
303.235462,302.666000,-0.569462,00:05:02.666,5421832114
304.239732,303.666000,-0.573732,00:05:03.666,5422474295
305.242526,304.666000,-0.576526,00:05:04.666,5423139574
306.250382,305.666000,-0.584382,00:05:05.666,5423848692
307.254708,306.666000,-0.588708,00:05:06.666,5424479666
308.261451,307.699000,-0.562451,00:05:07.699,5425150881
309.267568,308.699000,-0.568568,00:05:08.699,5425760511
310.283591,309.699000,-0.584591,00:05:09.699,5426443384
311.288416,310.733000,-0.555416,00:05:10.733,5427108023
312.302252,311.733000,-0.569252,00:05:11.733,5427750255
313.316602,312.733000,-0.583602,00:05:12.733,5428373044
314.322553,313.766000,-0.556553,00:05:13.766,5429098108
315.331027,314.766000,-0.565027,00:05:14.766,5429742680
316.335594,315.766000,-0.569594,00:05:15.766,5430363636
317.339139,316.766000,-0.573139,00:05:16.766,5431001327
318.340393,317.766000,-0.574393,00:05:17.766,5431655918
319.353227,318.766000,-0.587227,00:05:18.766,5432311826
320.358541,319.799000,-0.559541,00:05:19.799,5432998448
321.369337,320.799000,-0.570337,00:05:20.799,5433649172
322.374441,321.799000,-0.575441,00:05:21.799,5434334484
323.377321,322.799000,-0.578321,00:05:22.799,5434980165
324.385242,323.833000,-0.552242,00:05:23.833,5435671457
325.387601,324.799000,-0.588601,00:05:24.799,5436282047
326.402370,325.833000,-0.569370,00:05:25.833,5436974039
327.411243,326.833000,-0.578243,00:05:26.833,5437592855
328.413682,327.833000,-0.580682,00:05:27.833,5438213752
329.422187,328.866000,-0.556187,00:05:28.866,5438875554
330.426367,329.866000,-0.560367,00:05:29.866,5439522352
331.429593,330.866000,-0.563593,00:05:30.866,5440225948
332.433509,331.866000,-0.567509,00:05:31.866,5440893939
333.439269,332.866000,-0.573269,00:05:32.866,5441538549
334.447183,333.866000,-0.581183,00:05:33.866,5442188355
335.449237,334.866000,-0.583237,00:05:34.866,5442870768
336.451246,335.866000,-0.585246,00:05:35.866,5443535643
337.466912,336.899000,-0.567912,00:05:36.899,5444226283
338.473134,337.899000,-0.574134,00:05:37.899,5444907992
339.483341,338.899000,-0.584341,00:05:38.899,5445594951
340.485470,339.899000,-0.586470,00:05:39.899,5446261031
341.489692,340.899000,-0.590692,00:05:40.899,5446913829
342.496426,341.933000,-0.563426,00:05:41.933,5447608583
343.500613,342.933000,-0.567613,00:05:42.933,5448291860
344.516430,343.933000,-0.583430,00:05:43.933,5448963041
345.525460,344.966000,-0.559460,00:05:44.966,5449668543
346.535427,345.966000,-0.569427,00:05:45.966,5450319756
347.540879,346.966000,-0.574879,00:05:46.966,5451033581
348.546203,347.966000,-0.580203,00:05:47.966,5451721638
349.554486,348.966000,-0.588486,00:05:48.966,5452388562
350.556471,349.999000,-0.557471,00:05:49.999,5453082981
351.565388,350.999000,-0.566388,00:05:50.999,5453776306
352.568671,351.999000,-0.569671,00:05:51.999,5454472090
353.576109,352.999000,-0.577109,00:05:52.999,5455119156
354.586487,353.999000,-0.587487,00:05:53.999,5455783487
355.599115,355.033000,-0.566115,00:05:55.033,5456484648
356.602483,356.033000,-0.569483,00:05:56.033,5457202568
357.604306,357.033000,-0.571306,00:05:57.033,5457892440
358.614463,358.033000,-0.581463,00:05:58.033,5458545148
359.619869,359.033000,-0.586869,00:05:59.033,5459194687
360.625737,360.066000,-0.559737,00:06:00.066,5459887864
361.628767,361.066000,-0.562767,00:06:01.066,5460560685
362.637321,362.066000,-0.571321,00:06:02.066,5461224679
363.643228,363.066000,-0.577228,00:06:03.066,5461894530
364.647493,364.066000,-0.581493,00:06:04.066,5462606766
365.653577,365.066000,-0.587577,00:06:05.066,5463275701
366.657342,366.099000,-0.558342,00:06:06.099,5463970952
367.665473,367.099000,-0.566473,00:06:07.099,5464644436
368.671311,368.099000,-0.572311,00:06:08.099,5465301221
369.677165,369.099000,-0.578165,00:06:09.099,5465979304
370.684174,370.099000,-0.585174,00:06:10.099,5466659854
371.686027,371.099000,-0.587027,00:06:11.099,5467318797
372.694413,372.133000,-0.561413,00:06:12.133,5468034049
373.699657,373.133000,-0.566657,00:06:13.133,5468699364
374.707724,374.133000,-0.574724,00:06:14.133,5469360457
375.710946,375.133000,-0.577946,00:06:15.133,5470027597
376.712050,376.133000,-0.579050,00:06:16.133,5470695354
377.716464,377.133000,-0.583464,00:06:17.133,5471371118
378.718573,378.133000,-0.585573,00:06:18.133,5472051848
379.723033,379.166000,-0.557033,00:06:19.166,5472749530
380.736409,380.166000,-0.570409,00:06:20.166,5473426645
381.749755,381.166000,-0.583755,00:06:21.166,5474072787
382.765377,382.199000,-0.566377,00:06:22.199,5474757514
383.769532,383.199000,-0.570532,00:06:23.199,5475384575
384.773125,384.199000,-0.574125,00:06:24.199,5476033712
385.776778,385.199000,-0.577778,00:06:25.199,5476721616
386.779297,386.199000,-0.580297,00:06:26.199,5477382974
387.784050,387.199000,-0.585050,00:06:27.199,5478013983
388.788555,388.199000,-0.589555,00:06:28.199,5478655991
389.793348,389.233000,-0.560348,00:06:29.233,5479387144
390.799671,390.233000,-0.566671,00:06:30.233,5480063211
391.813335,391.233000,-0.580335,00:06:31.233,5480729371
392.815345,392.233000,-0.582345,00:06:32.233,5481380701
393.828701,393.266000,-0.562701,00:06:33.266,5482054579
394.831469,394.266000,-0.565469,00:06:34.266,5482710747
395.834127,395.266000,-0.568127,00:06:35.266,5483349845
396.838821,396.266000,-0.572821,00:06:36.266,5483954578
397.841534,397.266000,-0.575534,00:06:37.266,5484684943
398.844158,398.266000,-0.578158,00:06:38.266,5485359837
399.848005,399.266000,-0.582005,00:06:39.266,5486026738
400.864543,400.299000,-0.565543,00:06:40.299,5486704925
401.868439,401.299000,-0.569439,00:06:41.299,5487361913
402.884688,402.299000,-0.585688,00:06:42.299,5488000156
403.893412,403.333000,-0.560412,00:06:43.333,5488701208
404.898747,404.333000,-0.565747,00:06:44.333,5489387526
405.906395,405.333000,-0.573395,00:06:45.333,5490090411
406.911106,406.333000,-0.578106,00:06:46.333,5490753769
407.914768,407.333000,-0.581768,00:06:47.333,5491397134
408.924395,408.366000,-0.558395,00:06:48.366,5492085838
409.939282,409.366000,-0.573282,00:06:49.366,5492733665
410.944292,410.366000,-0.578292,00:06:50.366,5493383527
411.950270,411.366000,-0.584270,00:06:51.366,5494049409
412.954055,412.366000,-0.588055,00:06:52.366,5494718127
413.961367,413.399000,-0.562367,00:06:53.399,5495398935
414.966123,414.399000,-0.567123,00:06:54.399,5496140781
415.973203,415.399000,-0.574203,00:06:55.399,5496807503
416.980052,416.399000,-0.581052,00:06:56.399,5497472174
417.991159,417.433000,-0.558159,00:06:57.433,5498162817
418.994637,418.433000,-0.561637,00:06:58.433,5498814310
420.005300,419.433000,-0.572300,00:06:59.433,5499487282
421.011684,420.433000,-0.578684,00:07:00.433,5500158189
422.017619,421.433000,-0.584619,00:07:01.433,5500804692
423.022465,422.466000,-0.556465,00:07:02.466,5501510287
424.030935,423.466000,-0.564935,00:07:03.466,5502174699
425.042591,424.466000,-0.576591,00:07:04.466,5502836677
426.051425,425.466000,-0.585425,00:07:05.466,5503502512
427.057420,426.499000,-0.558420,00:07:06.499,5504218609
428.063173,427.499000,-0.564173,00:07:07.499,5504881012
429.067765,428.499000,-0.568765,00:07:08.499,5505569753
430.071345,429.499000,-0.572345,00:07:09.499,5506246785
431.083460,430.499000,-0.584460,00:07:10.499,5506990631
432.088701,431.499000,-0.589701,00:07:11.499,5507686151
433.094056,432.533000,-0.561056,00:07:12.533,5508342063
434.104668,433.533000,-0.571668,00:07:13.533,5508997987
435.111351,434.533000,-0.578351,00:07:14.533,5509672932
436.117439,435.533000,-0.584439,00:07:15.533,5510343357
437.120611,436.533000,-0.587611,00:07:16.533,5510999120
438.126527,437.566000,-0.560527,00:07:17.566,5511708145
439.131919,438.566000,-0.565919,00:07:18.566,5512435989
440.134256,439.566000,-0.568256,00:07:19.566,5513095369
441.135389,440.566000,-0.569389,00:07:20.566,5513794681
442.145231,441.566000,-0.579231,00:07:21.566,5514430745
443.148488,442.566000,-0.582488,00:07:22.566,5515119822
444.155122,443.566000,-0.589122,00:07:23.566,5515784864
445.157318,444.599000,-0.558318,00:07:24.599,5516470738
446.171160,445.599000,-0.572160,00:07:25.599,5517153295
447.177669,446.599000,-0.578669,00:07:26.599,5517806025
448.184178,447.599000,-0.585178,00:07:27.599,5518552814
449.187771,448.633000,-0.554771,00:07:28.633,5519208544
450.189603,449.633000,-0.556603,00:07:29.633,5519871602
451.204529,450.633000,-0.571529,00:07:30.633,5520532128
452.207776,451.633000,-0.574776,00:07:31.633,5521214427
453.214697,452.633000,-0.581697,00:07:32.633,5521883440
454.218168,453.633000,-0.585168,00:07:33.633,5522570209
455.234175,454.666000,-0.568175,00:07:34.666,5523253829
456.248840,455.666000,-0.582840,00:07:35.666,5523999370
457.252556,456.666000,-0.586556,00:07:36.666,5524595270
458.259095,457.699000,-0.560095,00:07:37.699,5525269393
459.263998,458.699000,-0.564998,00:07:38.699,5525936557
460.265204,459.699000,-0.566204,00:07:39.699,5526633062
461.269471,460.699000,-0.570471,00:07:40.699,5527313527
462.285161,461.699000,-0.586161,00:07:41.699,5527996005
463.295110,462.733000,-0.562110,00:07:42.733,5528677988
464.304773,463.733000,-0.571773,00:07:43.733,5529373060
465.307562,464.733000,-0.574562,00:07:44.733,5530041459
466.308657,465.733000,-0.575657,00:07:45.733,5530696429
467.322056,466.766000,-0.556056,00:07:46.766,5531389920
468.337895,467.766000,-0.571895,00:07:47.766,5532078845
469.353515,468.766000,-0.587515,00:07:48.766,5532741535
470.357029,469.799000,-0.558029,00:07:49.799,5533401429
471.369991,470.799000,-0.570991,00:07:50.799,5534063127
472.373852,471.799000,-0.574852,00:07:51.799,5534774255
473.378084,472.799000,-0.579084,00:07:52.799,5535416833
474.379951,473.799000,-0.580951,00:07:53.799,5536097952
475.395456,474.833000,-0.562456,00:07:54.833,5536800833
476.407256,475.833000,-0.574256,00:07:55.833,5537443531
477.423086,476.866000,-0.557086,00:07:56.866,5538132671
478.424410,477.866000,-0.558410,00:07:57.866,5538793325
479.427041,478.866000,-0.561041,00:07:58.866,5539470887
480.433471,479.866000,-0.567471,00:07:59.866,5540132222
481.438748,480.866000,-0.572748,00:08:00.866,5540833072
482.439775,481.866000,-0.573775,00:08:01.866,5541484046
483.455390,482.866000,-0.589390,00:08:02.866,5542151017
484.458621,483.899000,-0.559621,00:08:03.899,5542827957
485.473404,484.899000,-0.574404,00:08:04.899,5543475928
486.475305,485.899000,-0.576305,00:08:05.899,5544100187
487.476394,486.899000,-0.577394,00:08:06.899,5544750943
488.478806,487.899000,-0.579806,00:08:07.899,5545343724
489.486705,488.899000,-0.587705,00:08:08.899,5546081983
490.491226,489.933000,-0.558226,00:08:09.933,5546773965
491.492453,490.933000,-0.559453,00:08:10.933,5547460326
492.493649,491.933000,-0.560649,00:08:11.933,5548129241
493.496943,492.933000,-0.563943,00:08:12.933,5548801505
494.510910,493.933000,-0.577910,00:08:13.933,5549447248
495.512259,494.933000,-0.579259,00:08:14.933,5550119122
496.526625,495.966000,-0.560625,00:08:15.966,5550807479
497.543262,496.966000,-0.577262,00:08:16.966,5551472963
498.557720,497.999000,-0.558720,00:08:17.999,5552147194
499.572315,498.999000,-0.573315,00:08:18.999,5552817156
500.588566,499.999000,-0.589566,00:08:19.999,5553465640
501.605901,501.033000,-0.572901,00:08:21.033,5554133444
502.619854,502.033000,-0.586854,00:08:22.033,5554794237
503.631284,503.066000,-0.565284,00:08:23.066,5555494609
504.644247,504.066000,-0.578247,00:08:24.066,5556095399
505.659677,505.099000,-0.560677,00:08:25.099,5556839827
506.673635,506.099000,-0.574635,00:08:26.099,5557493247
507.685512,507.099000,-0.586512,00:08:27.099,5558140884
508.686983,508.099000,-0.587983,00:08:28.099,5558795596
509.698576,509.133000,-0.565576,00:08:29.133,5559451355
510.713374,510.133000,-0.580374,00:08:30.133,5560112225
511.728265,511.166000,-0.562265,00:08:31.166,5560757777
512.742929,512.166000,-0.576929,00:08:32.166,5561443777
513.758585,513.199000,-0.559585,00:08:33.199,5562100323
514.773267,514.199000,-0.574267,00:08:34.199,5562821726
515.788217,515.233000,-0.555217,00:08:35.233,5563533136
516.798328,516.233000,-0.565328,00:08:36.233,5564227699
517.812390,517.233000,-0.579390,00:08:37.233,5564919631
518.827111,518.266000,-0.561111,00:08:38.266,5565616736
519.838913,519.266000,-0.572913,00:08:39.266,5566286376
520.841129,520.266000,-0.575129,00:08:40.266,5566982428
521.853346,521.266000,-0.587346,00:08:41.266,5567669813
522.855476,522.266000,-0.589476,00:08:42.266,5568415996
523.861577,523.299000,-0.562577,00:08:43.299,5569130238
524.863387,524.299000,-0.564387,00:08:44.299,5569823310
525.878302,525.299000,-0.579302,00:08:45.299,5570495698
526.879485,526.299000,-0.580485,00:08:46.299,5571182630
527.881053,527.299000,-0.582053,00:08:47.299,5571865437
528.897027,528.333000,-0.564027,00:08:48.333,5572577952
529.902099,529.333000,-0.569099,00:08:49.333,5573268409
530.917260,530.333000,-0.584260,00:08:50.333,5574004900
531.932443,531.366000,-0.566443,00:08:51.366,5574706067
532.948446,532.366000,-0.582446,00:08:52.366,5575378154
533.952079,533.366000,-0.586079,00:08:53.366,5576063749
534.954441,534.366000,-0.588441,00:08:54.366,5576748648
535.958345,535.399000,-0.559345,00:08:55.399,5577456837
536.963214,536.399000,-0.564214,00:08:56.399,5578142589
537.977952,537.399000,-0.578952,00:08:57.399,5578831212
538.979750,538.399000,-0.580750,00:08:58.399,5579517254
539.993281,539.433000,-0.560281,00:08:59.433,5580284397
541.009172,540.433000,-0.576172,00:09:00.433,5580967016
542.011200,541.433000,-0.578200,00:09:01.433,5581640575
543.026715,542.466000,-0.560715,00:09:02.466,5582345755
544.038833,543.466000,-0.572833,00:09:03.466,5583031773
545.042046,544.466000,-0.576046,00:09:04.466,5583720322
546.045270,545.466000,-0.579270,00:09:05.466,5584405484
547.047705,546.466000,-0.581705,00:09:06.466,5585104875
548.060072,547.499000,-0.561072,00:09:07.499,5585862560
549.076027,548.499000,-0.577027,00:09:08.499,5586550882
550.077654,549.499000,-0.578654,00:09:09.499,5587224697
551.093142,550.533000,-0.560142,00:09:10.533,5587924069
552.108721,551.533000,-0.575721,00:09:11.533,5588613273
553.110091,552.533000,-0.577091,00:09:12.533,5589308130
554.114089,553.533000,-0.581089,00:09:13.533,5589999133
555.129736,554.566000,-0.563736,00:09:14.566,5590721009
556.136184,555.566000,-0.570184,00:09:15.566,5591467734
557.137560,556.566000,-0.571560,00:09:16.566,5592160567
558.141098,557.566000,-0.575098,00:09:17.566,5592848082
559.143461,558.566000,-0.577461,00:09:18.566,5593537757
560.144785,559.566000,-0.578785,00:09:19.566,5594237672
561.146920,560.566000,-0.580920,00:09:20.566,5594932717
562.161398,561.599000,-0.562398,00:09:21.599,5595655451
563.166215,562.599000,-0.567215,00:09:22.599,5596360589
564.167568,563.599000,-0.568568,00:09:23.599,5597113842
565.183176,564.599000,-0.584176,00:09:24.599,5597816112
566.198861,565.633000,-0.565861,00:09:25.633,5598541553
567.212588,566.633000,-0.579588,00:09:26.633,5599244387
568.228907,567.666000,-0.562907,00:09:27.666,5599972343
569.243123,568.666000,-0.577123,00:09:28.666,5600673362
570.257719,569.699000,-0.558719,00:09:29.699,5601397393
571.268986,570.699000,-0.569986,00:09:30.699,5602105357
572.282127,571.699000,-0.583127,00:09:31.699,5602811507
573.293771,572.733000,-0.560771,00:09:32.733,5603581697
574.308393,573.733000,-0.575393,00:09:33.733,5604280043
575.322587,574.733000,-0.589587,00:09:34.733,5604984678
576.335682,575.766000,-0.569682,00:09:35.766,5605711925
577.349730,576.766000,-0.583730,00:09:36.766,5606420602
578.366045,577.799000,-0.567045,00:09:37.799,5607146257
579.377845,578.799000,-0.578845,00:09:38.799,5607849530
580.390951,579.833000,-0.557951,00:09:39.833,5608574726
581.404149,580.833000,-0.571149,00:09:40.833,5609327945
582.416593,581.833000,-0.583593,00:09:41.833,5610037212
583.432304,582.866000,-0.566304,00:09:42.866,5610768373
584.445713,583.866000,-0.579713,00:09:43.866,5611475786
585.458552,584.899000,-0.559552,00:09:44.899,5612205999
586.469909,585.899000,-0.570909,00:09:45.899,5612910645
587.484252,586.899000,-0.585252,00:09:46.899,5613610329
588.485462,587.899000,-0.586462,00:09:47.899,5614310124
589.497473,588.933000,-0.564473,00:09:48.933,5615084534
590.498641,589.933000,-0.565641,00:09:49.933,5615781174
591.513257,590.933000,-0.580257,00:09:50.933,5616485606
592.524378,591.966000,-0.558378,00:09:51.966,5617216410
593.539517,592.966000,-0.573517,00:09:52.966,5617918003
594.554149,593.966000,-0.588149,00:09:53.966,5618620286
595.556488,594.999000,-0.557488,00:09:54.999,5619336977
596.558392,595.999000,-0.559392,00:09:55.999,5620031672
597.563372,596.999000,-0.564372,00:09:56.999,5620781083
598.574139,597.999000,-0.575139,00:09:57.999,5621479785
599.585166,599.033000,-0.552166,00:09:59.033,5622197571
600.587730,600.033000,-0.554730,00:10:00.033,5622898858
601.597155,601.033000,-0.564155,00:10:01.033,5623591762
602.608906,602.033000,-0.575906,00:10:02.033,5624291718
603.614246,603.033000,-0.581246,00:10:03.033,5624992351
604.616442,604.033000,-0.583442,00:10:04.033,5625690891
605.619496,605.033000,-0.586496,00:10:05.033,5626371285
606.623060,606.066000,-0.557060,00:10:06.066,5627141762
607.624183,607.066000,-0.558183,00:10:07.066,5627834299
608.639719,608.066000,-0.573719,00:10:08.066,5628527523
609.642492,609.066000,-0.576492,00:10:09.066,5629210600
610.646128,610.066000,-0.580128,00:10:10.066,5629911565
611.651547,611.066000,-0.585547,00:10:11.066,5630613410
612.657044,612.099000,-0.558044,00:10:12.099,5631338468
613.663333,613.099000,-0.564333,00:10:13.099,5632037492
614.667909,614.099000,-0.568909,00:10:14.099,5632782636
615.675761,615.099000,-0.576761,00:10:15.099,5633475231
616.682257,616.099000,-0.583257,00:10:16.099,5634164792
617.686699,617.099000,-0.587699,00:10:17.099,5634850736
618.693449,618.133000,-0.560449,00:10:18.133,5635561963
619.697924,619.133000,-0.564924,00:10:19.133,5636248948
620.704102,620.133000,-0.571102,00:10:20.133,5636938890
621.705890,621.133000,-0.572890,00:10:21.133,5637631330
622.707920,622.133000,-0.574920,00:10:22.133,5638374669
623.713364,623.133000,-0.580364,00:10:23.133,5639078399
624.717131,624.133000,-0.584131,00:10:24.133,5639774911
625.723039,625.166000,-0.557039,00:10:25.166,5640485922
626.731445,626.166000,-0.565445,00:10:26.166,5641181088
627.737761,627.166000,-0.571761,00:10:27.166,5641867767
628.748106,628.166000,-0.582106,00:10:28.166,5642547254
629.753241,629.166000,-0.587241,00:10:29.166,5643248429
630.759031,630.199000,-0.560031,00:10:30.199,5644018769
631.765044,631.199000,-0.566044,00:10:31.199,5644722823
632.772253,632.199000,-0.573253,00:10:32.199,5645421117
633.777427,633.199000,-0.578427,00:10:33.199,5646109013
634.778943,634.199000,-0.579943,00:10:34.199,5646799171
635.788920,635.233000,-0.555920,00:10:35.233,5647520938
636.794400,636.233000,-0.561400,00:10:36.233,5648214579
637.801550,637.233000,-0.568550,00:10:37.233,5648894262
638.803419,638.233000,-0.570419,00:10:38.233,5649575471
639.806830,639.233000,-0.573830,00:10:39.233,5650319146
640.812434,640.233000,-0.579434,00:10:40.233,5650992186
641.827976,641.266000,-0.561976,00:10:41.266,5651682061
642.833327,642.266000,-0.567327,00:10:42.266,5652333427
643.834508,643.266000,-0.568508,00:10:43.266,5653019629
644.849627,644.266000,-0.583627,00:10:44.266,5653695917
645.864598,645.299000,-0.565598,00:10:45.299,5654413420
646.867760,646.299000,-0.568760,00:10:46.299,5655108653
647.870044,647.299000,-0.571044,00:10:47.299,5655851320
648.873397,648.299000,-0.574397,00:10:48.299,5656546040
649.877827,649.299000,-0.578827,00:10:49.299,5657241554
650.891941,650.333000,-0.558941,00:10:50.333,5657960715
651.896682,651.333000,-0.563682,00:10:51.333,5658655292
652.910837,652.333000,-0.577837,00:10:52.333,5659350344
653.924255,653.366000,-0.558255,00:10:53.366,5660073235
654.938583,654.366000,-0.572583,00:10:54.366,5660774633
655.953412,655.366000,-0.587412,00:10:55.366,5661518792
656.969012,656.399000,-0.570012,00:10:56.399,5662248171
657.984169,657.399000,-0.585169,00:10:57.399,5662948825
658.998909,658.433000,-0.565909,00:10:58.433,5663633136
660.012840,659.433000,-0.579840,00:10:59.433,5664327406
661.026552,660.466000,-0.560552,00:11:00.466,5665033056
662.042146,661.466000,-0.576146,00:11:01.466,5665704009
663.054877,662.499000,-0.555877,00:11:02.499,5666419088
664.069092,663.499000,-0.570092,00:11:03.499,5667150040
665.072211,664.499000,-0.573211,00:11:04.499,5667834870
666.083874,665.499000,-0.584874,00:11:05.499,5668506787
667.098542,666.533000,-0.565542,00:11:06.533,5669205153
668.100418,667.533000,-0.567418,00:11:07.533,5669885490
669.102181,668.533000,-0.569181,00:11:08.533,5670553612
670.103533,669.533000,-0.570533,00:11:09.533,5671220581
671.107461,670.533000,-0.574461,00:11:10.533,5671895761
672.109822,671.533000,-0.576822,00:11:11.533,5672600004
673.112527,672.533000,-0.579527,00:11:12.533,5673366629
674.117991,673.533000,-0.584991,00:11:13.533,5674070498
675.123326,674.566000,-0.557326,00:11:14.566,5674806627
676.139605,675.566000,-0.573605,00:11:15.566,5675501726
677.154816,676.599000,-0.555816,00:11:16.599,5676226121
678.158454,677.599000,-0.559454,00:11:17.599,5676939154
679.163312,678.599000,-0.564312,00:11:18.599,5677635344
680.179100,679.599000,-0.580100,00:11:19.599,5678331701
681.184828,680.599000,-0.585828,00:11:20.599,5679078150
682.191122,681.633000,-0.558122,00:11:21.633,5679803488
683.206361,682.633000,-0.573361,00:11:22.633,5680506772
684.208303,683.633000,-0.575303,00:11:23.633,5681199705
685.223898,684.666000,-0.557898,00:11:24.666,5681941236
686.224981,685.666000,-0.558981,00:11:25.666,5682641286
687.229759,686.666000,-0.563759,00:11:26.666,5683353283
688.235679,687.666000,-0.569679,00:11:27.666,5684070287
689.244964,688.666000,-0.578964,00:11:28.666,5684806933
690.252316,689.699000,-0.553316,00:11:29.699,5685505625
691.260196,690.699000,-0.561196,00:11:30.699,5686204666
692.267023,691.699000,-0.568023,00:11:31.699,5686891894
693.272523,692.699000,-0.573523,00:11:32.699,5687505137
694.281559,693.699000,-0.582559,00:11:33.699,5688183482
695.286723,694.733000,-0.553723,00:11:34.733,5688850626
696.292324,695.733000,-0.559324,00:11:35.733,5689510911
697.301199,696.733000,-0.568199,00:11:36.733,5690170107
698.306600,697.733000,-0.573600,00:11:37.733,5690887568
699.311288,698.733000,-0.578288,00:11:38.733,5691565282
700.318702,699.733000,-0.585702,00:11:39.733,5692139565
701.321523,700.733000,-0.588523,00:11:40.733,5692811662
702.327768,701.766000,-0.561768,00:11:41.766,5693528575
703.331158,702.766000,-0.565158,00:11:42.766,5694210339
704.339750,703.766000,-0.573750,00:11:43.766,5694892692
705.345770,704.766000,-0.579770,00:11:44.766,5695617664
706.348942,705.766000,-0.582942,00:11:45.766,5696270548
707.363783,706.799000,-0.564783,00:11:46.799,5696937562
708.367166,707.799000,-0.568166,00:11:47.799,5697657342
709.372270,708.799000,-0.573270,00:11:48.799,5698332669
710.374758,709.799000,-0.575758,00:11:49.799,5698968734
711.376799,710.799000,-0.577799,00:11:50.799,5699651925
712.382256,711.799000,-0.583256,00:11:51.799,5700311751
713.386529,712.799000,-0.587529,00:11:52.799,5700980064
714.387673,713.799000,-0.588673,00:11:53.799,5701741520
715.393239,714.833000,-0.560239,00:11:54.833,5702410088
716.397644,715.833000,-0.564644,00:11:55.833,5703054956
717.404712,716.833000,-0.571712,00:11:56.833,5703745807
718.419539,717.833000,-0.586539,00:11:57.833,5704387286
719.420788,718.833000,-0.587788,00:11:58.833,5705049457
720.433799,719.866000,-0.567799,00:11:59.866,5705760845
721.435536,720.866000,-0.569536,00:12:00.866,5706448182
722.436719,721.866000,-0.570719,00:12:01.866,5707101749
723.437974,722.866000,-0.571974,00:12:02.866,5707770497
724.440291,723.866000,-0.574291,00:12:03.866,5708430727
725.455596,724.899000,-0.556596,00:12:04.899,5709108444
726.456544,725.899000,-0.557544,00:12:05.899,5709731810
727.464797,726.899000,-0.565797,00:12:06.899,5710435396
728.467810,727.899000,-0.568810,00:12:07.899,5711096701
729.483644,728.899000,-0.584644,00:12:08.899,5711741653
730.499084,729.933000,-0.566084,00:12:09.933,5712398233
731.513307,730.933000,-0.580307,00:12:10.933,5713173398
732.529281,731.966000,-0.563281,00:12:11.966,5713819209
733.543190,732.966000,-0.577190,00:12:12.966,5714416427
734.557817,733.999000,-0.558817,00:12:13.999,5715093194
735.572478,734.999000,-0.573478,00:12:14.999,5715783453
736.576441,735.999000,-0.577441,00:12:15.999,5716404021
737.581420,736.999000,-0.582420,00:12:16.999,5717029137
738.582829,737.999000,-0.583829,00:12:17.999,5717698499
739.588278,738.999000,-0.589278,00:12:18.999,5718391434
740.593031,740.033000,-0.560031,00:12:20.033,5719056899
741.594841,741.033000,-0.561841,00:12:21.033,5719714749
742.598987,742.033000,-0.565987,00:12:22.033,5720377316
743.605921,743.033000,-0.572921,00:12:23.033,5721033737
744.612915,744.033000,-0.579915,00:12:24.033,5721677240
745.629549,745.066000,-0.563549,00:12:25.066,5722329536
746.633323,746.066000,-0.567323,00:12:26.066,5722967156
747.644702,747.066000,-0.578702,00:12:27.066,5723624923
748.654624,748.066000,-0.588624,00:12:28.066,5724217317
749.661109,749.099000,-0.562109,00:12:29.099,5724882641
750.663983,750.099000,-0.564983,00:12:30.099,5725522313
751.671119,751.099000,-0.572119,00:12:31.099,5726126201
752.678877,752.099000,-0.579877,00:12:32.099,5726753978
753.684527,753.099000,-0.585527,00:12:33.099,5727352857
754.691504,754.133000,-0.558504,00:12:34.133,5727984575
755.695003,755.133000,-0.562003,00:12:35.133,5728712885
756.708639,756.133000,-0.575639,00:12:36.133,5729382063
757.713840,757.133000,-0.580840,00:12:37.133,5730059388
758.720927,758.133000,-0.587927,00:12:38.133,5730678484
759.731369,759.166000,-0.565369,00:12:39.166,5731279440
760.738926,760.166000,-0.572926,00:12:40.166,5731979243
761.751098,761.166000,-0.585098,00:12:41.166,5732648867
762.762995,762.199000,-0.563995,00:12:42.199,5733351938
763.772733,763.199000,-0.573733,00:12:43.199,5734007134
764.778837,764.199000,-0.579837,00:12:44.199,5734704115
765.794583,765.233000,-0.561583,00:12:45.233,5735314333
766.801630,766.233000,-0.568630,00:12:46.233,5735966983
767.812691,767.233000,-0.579691,00:12:47.233,5736578827
768.817580,768.233000,-0.584580,00:12:48.233,5737215560
769.828706,769.266000,-0.562706,00:12:49.266,5737897972
770.836691,770.266000,-0.570691,00:12:50.266,5738538648
771.845767,771.266000,-0.579767,00:12:51.266,5739139972
772.849489,772.266000,-0.583489,00:12:52.266,5739836003
773.860137,773.299000,-0.561137,00:12:53.299,5740492361
774.874262,774.299000,-0.575262,00:12:54.299,5741072094
775.876617,775.299000,-0.577617,00:12:55.299,5741661453
776.888703,776.333000,-0.555703,00:12:56.333,5742329285
777.891041,777.333000,-0.558041,00:12:57.333,5742954751
778.901174,778.333000,-0.568174,00:12:58.333,5743559205
779.908480,779.333000,-0.575480,00:12:59.333,5744250882
780.923521,780.366000,-0.557521,00:13:00.366,5744964325
781.928781,781.366000,-0.562781,00:13:01.366,5745577114
782.934312,782.366000,-0.568312,00:13:02.366,5746226148
783.941058,783.366000,-0.575058,00:13:03.366,5746888128
784.942438,784.366000,-0.576438,00:13:04.366,5747547758
785.948764,785.366000,-0.582764,00:13:05.366,5748186220
786.952230,786.366000,-0.586230,00:13:06.366,5748863256
787.954717,787.366000,-0.588717,00:13:07.366,5749550757
788.961203,788.399000,-0.562203,00:13:08.399,5750240677
789.976040,789.399000,-0.577040,00:13:09.399,5750905898
790.979692,790.399000,-0.580692,00:13:10.399,5751551274
791.981430,791.399000,-0.582430,00:13:11.399,5752198958
792.985918,792.399000,-0.586918,00:13:12.399,5752867933
793.988141,793.399000,-0.589141,00:13:13.399,5753499236
794.992401,794.433000,-0.559401,00:13:14.433,5754201094
796.007353,795.433000,-0.574353,00:13:15.433,5754890884
797.013346,796.433000,-0.580346,00:13:16.433,5755535632
798.017228,797.433000,-0.584228,00:13:17.433,5756220366
799.032073,798.466000,-0.566073,00:13:18.466,5756933340
800.037019,799.466000,-0.571019,00:13:19.466,5757578339
801.042140,800.466000,-0.576140,00:13:20.466,5758208184
802.059056,801.499000,-0.560056,00:13:21.499,5758886753
803.074073,802.499000,-0.575073,00:13:22.499,5759507309
804.077752,803.499000,-0.578752,00:13:23.499,5760201215
805.079436,804.499000,-0.580436,00:13:24.499,5760875307
806.084156,805.499000,-0.585156,00:13:25.499,5761594809
807.090897,806.533000,-0.557897,00:13:26.533,5762305587
808.104291,807.533000,-0.571291,00:13:27.533,5763009916
809.107425,808.533000,-0.574425,00:13:28.533,5763637633
810.114323,809.533000,-0.581323,00:13:29.533,5764291413
811.130836,810.566000,-0.564836,00:13:30.566,5764952678
812.145401,811.566000,-0.579401,00:13:31.566,5765590802
813.148005,812.566000,-0.582005,00:13:32.566,5766213675
814.151388,813.566000,-0.585388,00:13:33.566,5766930358
815.157427,814.599000,-0.558427,00:13:34.599,5767607288
816.161087,815.599000,-0.562087,00:13:35.599,5768274637
817.166485,816.599000,-0.567485,00:13:36.599,5768889137
818.182841,817.599000,-0.583841,00:13:37.599,5769507877
819.187968,818.599000,-0.588968,00:13:38.599,5770165694
820.194896,819.633000,-0.561896,00:13:39.633,5770829897
821.201195,820.633000,-0.568195,00:13:40.633,5771388158
822.203871,821.633000,-0.570871,00:13:41.633,5772047860
823.210098,822.633000,-0.577098,00:13:42.633,5772755336
824.216694,823.633000,-0.583694,00:13:43.633,5773395049
825.221929,824.633000,-0.588929,00:13:44.633,5774077267
826.233100,825.666000,-0.567100,00:13:45.666,5774764379
827.241761,826.666000,-0.575761,00:13:46.666,5775436424
828.247685,827.666000,-0.581685,00:13:47.666,5776091401
829.248962,828.666000,-0.582962,00:13:48.666,5776792596
830.257647,829.699000,-0.558647,00:13:49.699,5777449845
831.261011,830.699000,-0.562011,00:13:50.699,5778179661
832.267812,831.699000,-0.568812,00:13:51.699,5778850554
833.276864,832.699000,-0.577864,00:13:52.699,5779564504
834.282457,833.699000,-0.583457,00:13:53.699,5780280006
835.287529,834.699000,-0.588529,00:13:54.699,5780971044
836.291206,835.733000,-0.558206,00:13:55.733,5781689816
837.301378,836.733000,-0.568378,00:13:56.733,5782389548
838.307682,837.733000,-0.574682,00:13:57.733,5783096931
839.313714,838.733000,-0.580714,00:13:58.733,5783865791
840.324478,839.766000,-0.558478,00:13:59.766,5784600164
841.327605,840.766000,-0.561605,00:14:00.766,5785326731
842.335572,841.766000,-0.569572,00:14:01.766,5786000043
843.342709,842.766000,-0.576709,00:14:02.766,5786712999
844.345495,843.766000,-0.579495,00:14:03.766,5787374964
845.351224,844.766000,-0.585224,00:14:04.766,5788109803
846.352928,845.766000,-0.586928,00:14:05.766,5788835708
847.354480,846.766000,-0.588480,00:14:06.766,5789563859
848.356243,847.799000,-0.557243,00:14:07.799,5790299060
849.360981,848.799000,-0.561981,00:14:08.799,5791015045
850.362521,849.799000,-0.563521,00:14:09.799,5791738813
851.365416,850.799000,-0.566416,00:14:10.799,5792452612
852.366699,851.799000,-0.567699,00:14:11.799,5793166114
853.372298,852.799000,-0.573298,00:14:12.799,5793898285
854.377239,853.799000,-0.578239,00:14:13.799,5794645757
855.385849,854.799000,-0.586849,00:14:14.799,5795368917
856.388874,855.833000,-0.555874,00:14:15.833,5796112872
857.394216,856.833000,-0.561216,00:14:16.833,5796852287
858.398162,857.833000,-0.565162,00:14:17.833,5797604980
859.401268,858.833000,-0.568268,00:14:18.833,5798309373
860.407112,859.833000,-0.574112,00:14:19.833,5799015319
861.412951,860.833000,-0.579951,00:14:20.833,5799773932
862.429642,861.866000,-0.563642,00:14:21.866,5800534102
863.435045,862.866000,-0.569045,00:14:22.866,5801245952
864.436586,863.866000,-0.570586,00:14:23.866,5802032359
865.451529,864.866000,-0.585529,00:14:24.866,5802774547
866.455450,865.866000,-0.589450,00:14:25.866,5803498953
867.457601,866.899000,-0.558601,00:14:26.899,5804234539
868.460198,867.899000,-0.561198,00:14:27.899,5804983831
869.474816,868.899000,-0.575816,00:14:28.899,5805706406
870.478199,869.899000,-0.579199,00:14:29.899,5806434623
871.481425,870.899000,-0.582425,00:14:30.899,5807163942
872.485023,871.899000,-0.586023,00:14:31.899,5807946203
873.488474,872.899000,-0.589474,00:14:32.899,5808673140
874.492004,873.933000,-0.559004,00:14:33.933,5809429468
875.493150,874.933000,-0.560150,00:14:34.933,5810164608
876.509663,875.933000,-0.576663,00:14:35.933,5810919409
877.525210,876.966000,-0.559210,00:14:36.966,5811681660
878.539865,877.966000,-0.573865,00:14:37.966,5812410092
879.541269,878.966000,-0.575269,00:14:38.966,5813161088
880.543015,879.966000,-0.577015,00:14:39.966,5813885275
881.557107,880.999000,-0.558107,00:14:40.999,5814696855
882.558751,881.999000,-0.559751,00:14:41.999,5815415797
883.561802,882.999000,-0.562802,00:14:42.999,5816161716
884.563413,883.999000,-0.564413,00:14:43.999,5816912374
885.577665,884.999000,-0.578665,00:14:44.999,5817664933
886.593340,886.033000,-0.560340,00:14:46.033,5818442743
887.595277,887.033000,-0.562277,00:14:47.033,5819175837
888.597566,888.033000,-0.564566,00:14:48.033,5819901317
889.601746,889.033000,-0.568746,00:14:49.033,5820690247
890.605024,890.033000,-0.572024,00:14:50.033,5821439162
891.607628,891.033000,-0.574628,00:14:51.033,5822191009
892.608703,892.033000,-0.575703,00:14:52.033,5822943401
893.624756,893.066000,-0.558756,00:14:53.066,5823726944
894.636974,894.066000,-0.570974,00:14:54.066,5824485214
895.638373,895.066000,-0.572373,00:14:55.066,5825240931
896.641822,896.066000,-0.575822,00:14:56.066,5825990053
897.643661,897.066000,-0.577661,00:14:57.066,5826770492
898.651950,898.066000,-0.585950,00:14:58.066,5827507896
899.656003,899.099000,-0.557003,00:14:59.099,5828251131
900.658971,900.099000,-0.559971,00:15:00.099,5828990794
901.674107,901.099000,-0.575107,00:15:01.099,5829744220
902.689139,902.133000,-0.556139,00:15:02.133,5830524049
903.692337,903.133000,-0.559337,00:15:03.133,5831290011
904.693431,904.133000,-0.560431,00:15:04.133,5832057676
905.708969,905.133000,-0.575969,00:15:05.133,5832859891
906.713448,906.133000,-0.580448,00:15:06.133,5833623988
907.723900,907.166000,-0.557900,00:15:07.166,5834405714
908.738442,908.166000,-0.572442,00:15:08.166,5835160509
909.754412,909.166000,-0.588412,00:15:09.166,5835894056
910.759202,910.199000,-0.560202,00:15:10.199,5836643651
911.760475,911.199000,-0.561475,00:15:11.199,5837385734
912.763363,912.199000,-0.564363,00:15:12.199,5838119907
913.769367,913.199000,-0.570367,00:15:13.199,5838850185
914.776005,914.199000,-0.577005,00:15:14.199,5839631854
915.780244,915.199000,-0.581244,00:15:15.199,5840375043
916.786089,916.199000,-0.587089,00:15:16.199,5841120168
917.795401,917.233000,-0.562401,00:15:17.233,5841889995
918.798642,918.233000,-0.565642,00:15:18.233,5842625669
919.812323,919.233000,-0.579323,00:15:19.233,5843358583
920.827534,920.266000,-0.561534,00:15:20.266,5844121263
921.829108,921.266000,-0.563108,00:15:21.266,5844864419
922.833235,922.266000,-0.567235,00:15:22.266,5845641728
923.838445,923.266000,-0.572445,00:15:23.266,5846372999
924.842033,924.266000,-0.576033,00:15:24.266,5847102147
925.857310,925.299000,-0.558310,00:15:25.299,5847858902
926.868284,926.299000,-0.569284,00:15:26.299,5848600350
927.870695,927.299000,-0.571695,00:15:27.299,5849345122
928.883957,928.299000,-0.584957,00:15:28.299,5850093206
929.899353,929.333000,-0.566353,00:15:29.333,5850874567
930.912731,930.333000,-0.579731,00:15:30.333,5851662817
931.916329,931.333000,-0.583329,00:15:31.333,5852406900
932.922792,932.366000,-0.556792,00:15:32.366,5853175959
933.925955,933.366000,-0.559955,00:15:33.366,5853933942
934.932057,934.366000,-0.566057,00:15:34.366,5854680263
935.944232,935.366000,-0.578232,00:15:35.366,5855432855
936.956415,936.399000,-0.557415,00:15:36.399,5856215525
937.968618,937.399000,-0.569618,00:15:37.399,5856971220
938.970178,938.399000,-0.571178,00:15:38.399,5857720404
939.972475,939.399000,-0.573475,00:15:39.399,5858512793
940.987252,940.399000,-0.588252,00:15:40.399,5859268664
942.001390,941.433000,-0.568390,00:15:41.433,5860055954
943.015795,942.433000,-0.582795,00:15:42.433,5860812262
944.032112,943.466000,-0.566112,00:15:43.466,5861594576
945.045061,944.466000,-0.579061,00:15:44.466,5862352485
946.048420,945.466000,-0.582420,00:15:45.466,5863117987
947.050286,946.466000,-0.584286,00:15:46.466,5863875778
948.063389,947.499000,-0.564389,00:15:47.499,5864692249
949.071427,948.499000,-0.572427,00:15:48.499,5865438926
950.073568,949.499000,-0.574568,00:15:49.499,5866186186
951.075917,950.499000,-0.576917,00:15:50.499,5866925349
952.079085,951.499000,-0.580085,00:15:51.499,5867672513
953.080229,952.499000,-0.581229,00:15:52.499,5868421663
954.083004,953.499000,-0.584004,00:15:53.499,5869175704
955.091817,954.533000,-0.558817,00:15:54.533,5869949395
956.096372,955.533000,-0.563372,00:15:55.533,5870741866
957.099777,956.533000,-0.566777,00:15:56.533,5871488359
958.108525,957.533000,-0.575525,00:15:57.533,5872238759
959.111549,958.533000,-0.578549,00:15:58.533,5873005570
960.117626,959.533000,-0.584626,00:15:59.533,5873766574
961.124101,960.566000,-0.558101,00:16:00.566,5874554763
962.128248,961.566000,-0.562248,00:16:01.566,5875305344
963.133040,962.566000,-0.567040,00:16:02.566,5876065653
964.143196,963.566000,-0.577196,00:16:03.566,5876869062
965.157526,964.599000,-0.558526,00:16:04.599,5877645448
966.162603,965.599000,-0.563603,00:16:05.599,5878404546
967.165948,966.599000,-0.566948,00:16:06.599,5879169061
968.172088,967.599000,-0.573088,00:16:07.599,5879926546
969.187169,968.633000,-0.554169,00:16:08.633,5880702087
970.188340,969.599000,-0.589340,00:16:09.599,5881430780
971.194518,970.633000,-0.561518,00:16:10.633,5882161233
972.211249,971.633000,-0.578249,00:16:11.633,5882901813
973.218567,972.633000,-0.585567,00:16:12.633,5883661311
974.221203,973.666000,-0.555203,00:16:13.666,5884402678
975.225609,974.666000,-0.559609,00:16:14.666,5885131129
976.233180,975.666000,-0.567180,00:16:15.666,5885817904
977.249724,976.666000,-0.583724,00:16:16.666,5886422033
978.265039,977.699000,-0.566039,00:16:17.699,5887085876
979.267438,978.699000,-0.568438,00:16:18.699,5887767049
980.271313,979.699000,-0.572313,00:16:19.699,5888415586
981.275413,980.699000,-0.576413,00:16:20.699,5889144678
982.291023,981.733000,-0.558023,00:16:21.733,5889825200
983.306389,982.733000,-0.573389,00:16:22.733,5890479430
984.312859,983.733000,-0.579859,00:16:23.733,5891145782
985.318036,984.733000,-0.585036,00:16:24.733,5891841435
986.330425,985.766000,-0.564425,00:16:25.766,5892572549
987.337314,986.766000,-0.571314,00:16:26.766,5893220396
988.342876,987.766000,-0.576876,00:16:27.766,5893935375
989.349183,988.766000,-0.583183,00:16:28.766,5894690048
990.356289,989.799000,-0.557289,00:16:29.799,5895364208
991.365150,990.799000,-0.566150,00:16:30.799,5896110160
992.370526,991.799000,-0.571526,00:16:31.799,5896874327
993.375322,992.799000,-0.576322,00:16:32.799,5897605120
994.379331,993.799000,-0.580331,00:16:33.799,5898383927
995.381285,994.799000,-0.582285,00:16:34.799,5899145932
996.389370,995.833000,-0.556370,00:16:35.833,5899905394
997.401425,996.833000,-0.568425,00:16:36.833,5900780214
998.408300,997.833000,-0.575300,00:16:37.833,5901546098
999.415146,998.833000,-0.582146,00:16:38.833,5902256568
1000.419406,999.833000,-0.586406,00:16:39.833,5903028219
1001.422586,1000.866000,-0.556586,00:16:40.866,5903750357
1002.431441,1001.866000,-0.565441,00:16:41.866,5904393045
1003.434381,1002.866000,-0.568381,00:16:42.866,5905076235
1004.438894,1003.866000,-0.572894,00:16:43.866,5905821450
1005.448139,1004.866000,-0.582139,00:16:44.866,5906619583
1006.454332,1005.866000,-0.588332,00:16:45.866,5907379748
1007.459536,1006.899000,-0.560536,00:16:46.899,5908095957
1008.464965,1007.899000,-0.565965,00:16:47.899,5908759723
1009.470043,1008.899000,-0.571043,00:16:48.899,5909454853
1010.478314,1009.899000,-0.579314,00:16:49.899,5910192603
1011.483987,1010.899000,-0.584987,00:16:50.899,5910922356
1012.486418,1011.899000,-0.587418,00:16:51.899,5911740392
1013.496672,1012.933000,-0.563672,00:16:52.933,5912635761
1014.504427,1013.933000,-0.571427,00:16:53.933,5913450223
1015.506772,1014.933000,-0.573772,00:16:54.933,5914262873
1016.511118,1015.933000,-0.578118,00:16:55.933,5914913186
1017.519724,1016.933000,-0.586724,00:16:56.933,5915612745
1018.524322,1017.966000,-0.558322,00:16:57.966,5916358562
1019.529196,1018.966000,-0.563196,00:16:58.966,5917125228
1020.533141,1019.966000,-0.567141,00:16:59.966,5917833114
1021.538836,1020.966000,-0.572836,00:17:00.966,5918596958
1022.543135,1021.966000,-0.577135,00:17:01.966,5919364915
1023.548696,1022.966000,-0.582696,00:17:02.966,5920092789
1024.556138,1023.999000,-0.557138,00:17:03.999,5920833956
1025.561938,1024.999000,-0.562938,00:17:04.999,5921576403
1026.572128,1025.999000,-0.573128,00:17:05.999,5922360481
1027.579684,1026.999000,-0.580684,00:17:06.999,5923097245
1028.587486,1027.999000,-0.588486,00:17:07.999,5923840763
1029.591346,1029.033000,-0.558346,00:17:09.033,5924546816
1030.597474,1030.033000,-0.564474,00:17:10.033,5925205191
1031.601529,1031.033000,-0.568529,00:17:11.033,5925901922
1032.605475,1032.033000,-0.572475,00:17:12.033,5926576304
1033.613131,1033.033000,-0.580131,00:17:13.033,5927236800
1034.618949,1034.033000,-0.585949,00:17:14.033,5928038626
1035.625987,1035.066000,-0.559987,00:17:15.066,5928778423
1036.631293,1036.066000,-0.565293,00:17:16.066,5929444430
1037.635404,1037.066000,-0.569404,00:17:17.066,5930106343
1038.640805,1038.066000,-0.574805,00:17:18.066,5930844203
1039.647256,1039.066000,-0.581256,00:17:19.066,5931653411
1040.651430,1040.066000,-0.585430,00:17:20.066,5932349091
1041.657445,1041.099000,-0.558445,00:17:21.099,5933190704
1042.661257,1042.099000,-0.562257,00:17:22.099,5933862330
1043.668758,1043.099000,-0.569758,00:17:23.099,5934548360
1044.672427,1044.099000,-0.573427,00:17:24.099,5935335176
1045.677578,1045.099000,-0.578578,00:17:25.099,5936014846
1046.682001,1046.099000,-0.583001,00:17:26.099,5936733993
1047.685572,1047.099000,-0.586572,00:17:27.099,5937491741
1048.691133,1048.133000,-0.558133,00:17:28.133,5938220095
1049.695462,1049.133000,-0.562462,00:17:29.133,5938927848
1050.701268,1050.133000,-0.568268,00:17:30.133,5939612018
1051.704959,1051.133000,-0.571959,00:17:31.133,5940313841
1052.709370,1052.133000,-0.576370,00:17:32.133,5941036709
1053.714093,1053.133000,-0.581093,00:17:33.133,5941710500
1054.730227,1054.166000,-0.564227,00:17:34.166,5942428839
1055.735402,1055.166000,-0.569402,00:17:35.166,5943254589
1056.741169,1056.166000,-0.575169,00:17:36.166,5943998221
1057.745033,1057.166000,-0.579033,00:17:37.166,5944684577
1058.758658,1058.199000,-0.559658,00:17:38.199,5945405370
1059.764032,1059.199000,-0.565032,00:17:39.199,5946202226
1060.768593,1060.199000,-0.569593,00:17:40.199,5946900183
1061.770015,1061.199000,-0.571015,00:17:41.199,5947602262
1062.773206,1062.199000,-0.574206,00:17:42.199,5948355969
1063.779432,1063.199000,-0.580432,00:17:43.199,5949052416
1064.784122,1064.199000,-0.585122,00:17:44.199,5949844961
1065.799733,1065.233000,-0.566733,00:17:45.233,5950681409
1066.812324,1066.233000,-0.579324,00:17:46.233,5951471016
1067.814141,1067.233000,-0.581141,00:17:47.233,5952107184
1068.829368,1068.266000,-0.563368,00:17:48.266,5952854964
1069.844218,1069.266000,-0.578218,00:17:49.266,5953576514
1070.846589,1070.266000,-0.580589,00:17:50.266,5954326331
1071.854096,1071.266000,-0.588096,00:17:51.266,5955017601
1072.861334,1072.299000,-0.562334,00:17:52.299,5955856020
1073.875034,1073.299000,-0.576034,00:17:53.299,5956574105
1074.878162,1074.299000,-0.579162,00:17:54.299,5957305415
1075.893967,1075.333000,-0.560967,00:17:55.333,5958037237
1076.902545,1076.333000,-0.569545,00:17:56.333,5958800852
1077.908148,1077.333000,-0.575148,00:17:57.333,5959533509
1078.913101,1078.333000,-0.580101,00:17:58.333,5960208985
1079.921543,1079.333000,-0.588543,00:17:59.333,5960940752
1080.924518,1080.366000,-0.558518,00:18:00.366,5961756773
1081.928253,1081.366000,-0.562253,00:18:01.366,5962407629
1082.934228,1082.366000,-0.568228,00:18:02.366,5963049923
1083.942715,1083.366000,-0.576715,00:18:03.366,5963696938
1084.946053,1084.366000,-0.580053,00:18:04.366,5964279214
1085.951212,1085.366000,-0.585212,00:18:05.366,5964940450
1086.959105,1086.399000,-0.560105,00:18:06.399,5965649913
1087.964474,1087.399000,-0.565474,00:18:07.399,5966368874
1088.969669,1088.399000,-0.570669,00:18:08.399,5967054832
1089.973308,1089.399000,-0.574308,00:18:09.399,5967774464
1090.978725,1090.399000,-0.579725,00:18:10.399,5968446728
1091.981269,1091.399000,-0.582269,00:18:11.399,5969138979
1092.987974,1092.399000,-0.588974,00:18:12.399,5969834594
1093.989239,1093.433000,-0.556239,00:18:13.433,5970519272
1095.001119,1094.433000,-0.568119,00:18:14.433,5971263633
1096.005295,1095.433000,-0.572295,00:18:15.433,5972081062
1097.012502,1096.433000,-0.579502,00:18:16.433,5972952175
1098.027629,1097.466000,-0.561629,00:18:17.466,5973767820
1099.041910,1098.466000,-0.575910,00:18:18.466,5974400592
1100.043323,1099.466000,-0.577323,00:18:19.466,5975097598
1101.053361,1100.466000,-0.587361,00:18:20.466,5975846143
1102.061513,1101.499000,-0.562513,00:18:21.499,5976651840
1103.064198,1102.499000,-0.565198,00:18:22.499,5977428999
1104.075449,1103.499000,-0.576449,00:18:23.499,5978156620
1105.083753,1104.499000,-0.584753,00:18:24.499,5978902587
1106.085341,1105.499000,-0.586341,00:18:25.499,5979691639
1107.090185,1106.533000,-0.557185,00:18:26.533,5980536330
1108.106086,1107.533000,-0.573086,00:18:27.533,5981319054
1109.115370,1108.533000,-0.582370,00:18:28.533,5982123030
1110.117579,1109.533000,-0.584579,00:18:29.533,5982978534
1111.132147,1110.566000,-0.566147,00:18:30.566,5983786317
1112.139342,1111.566000,-0.573342,00:18:31.566,5984652396
1113.141252,1112.566000,-0.575252,00:18:32.566,5985477406
1114.153128,1113.566000,-0.587128,00:18:33.566,5986350127
1115.158726,1114.599000,-0.559726,00:18:34.599,5987209528
1116.164476,1115.599000,-0.565476,00:18:35.599,5987937856
1117.168672,1116.599000,-0.569672,00:18:36.599,5988679151
1118.181573,1117.599000,-0.582573,00:18:37.599,5989435700
1119.185193,1118.599000,-0.586193,00:18:38.599,5990166175
1120.201158,1119.633000,-0.568158,00:18:39.633,5990854826
1121.214293,1120.633000,-0.581293,00:18:40.633,5991618454
1122.229087,1121.666000,-0.563087,00:18:41.666,5992429437
1123.232520,1122.666000,-0.566520,00:18:42.666,5993241795
1124.235247,1123.666000,-0.569247,00:18:43.666,5994088048
1125.239533,1124.666000,-0.573533,00:18:44.666,5994882698
1126.243466,1125.666000,-0.577466,00:18:45.666,5995641313
1127.257885,1126.699000,-0.558885,00:18:46.699,5996485354
1128.270544,1127.699000,-0.571544,00:18:47.699,5997309266
1129.272649,1128.699000,-0.573649,00:18:48.699,5998161272
1130.285195,1129.699000,-0.586195,00:18:49.699,5999057518
1131.299841,1130.733000,-0.566841,00:18:50.733,6000081155
1132.315714,1131.733000,-0.582714,00:18:51.733,6000986403
1133.319712,1132.733000,-0.586712,00:18:52.733,6001878667
1134.323743,1133.766000,-0.557743,00:18:53.766,6002760678
1135.327233,1134.766000,-0.561233,00:18:54.766,6003584383
1136.333124,1135.766000,-0.567124,00:18:55.766,6004372313
1137.338957,1136.766000,-0.572957,00:18:56.766,6005199785
1138.342275,1137.766000,-0.576275,00:18:57.766,6005978394
1139.357881,1138.799000,-0.558881,00:18:58.799,6006807718
1140.367099,1139.799000,-0.568099,00:18:59.799,6007517278
1141.372167,1140.799000,-0.573167,00:19:00.799,6008194682
1142.388490,1141.799000,-0.589490,00:19:01.799,6008921237
1143.392267,1142.833000,-0.559267,00:19:02.833,6009674143
1144.394127,1143.833000,-0.561127,00:19:03.833,6010458860
1145.409372,1144.833000,-0.576372,00:19:04.833,6011198122
1146.424027,1145.866000,-0.558027,00:19:05.866,6011927260
1147.428867,1146.866000,-0.562867,00:19:06.866,6012731032
1148.435062,1147.866000,-0.569062,00:19:07.866,6013485722
1149.439385,1148.866000,-0.573385,00:19:08.866,6014338195
1150.443097,1149.866000,-0.577097,00:19:09.866,6015154792
1151.444340,1150.866000,-0.578340,00:19:10.866,6015875220
1152.448213,1151.866000,-0.582213,00:19:11.866,6016543735
1153.452136,1152.866000,-0.586136,00:19:12.866,6017250905
1154.454212,1153.866000,-0.588212,00:19:13.866,6017887356
1155.455380,1154.866000,-0.589380,00:19:14.866,6018543501
1156.459201,1155.899000,-0.560201,00:19:15.899,6019319570
1157.461601,1156.899000,-0.562601,00:19:16.899,6019976105
1158.476807,1157.899000,-0.577807,00:19:17.899,6020658877
1159.479677,1158.899000,-0.580677,00:19:18.899,6021338139
1160.481886,1159.899000,-0.582886,00:19:19.899,6022063978
1161.485193,1160.899000,-0.586193,00:19:20.899,6022875457
1162.486975,1161.933000,-0.553975,00:19:21.933,6023722929
1163.489653,1162.933000,-0.556653,00:19:22.933,6024455414
1164.490731,1163.933000,-0.557731,00:19:23.933,6025309399
1165.505113,1164.933000,-0.572113,00:19:24.933,6026059008
1166.506754,1165.933000,-0.573754,00:19:25.933,6026844352
1167.522991,1166.966000,-0.556991,00:19:26.966,6027569300
1168.536878,1167.966000,-0.570878,00:19:27.966,6028247469
1169.547899,1168.966000,-0.581899,00:19:28.966,6029001714
1170.563221,1169.999000,-0.564221,00:19:29.999,6029785918
1171.576722,1170.999000,-0.577722,00:19:30.999,6030511966
1172.591328,1172.033000,-0.558328,00:19:32.033,6031413022
1173.605387,1173.033000,-0.572387,00:19:33.033,6032185647
1174.621213,1174.033000,-0.588213,00:19:34.033,6032934424
1175.636756,1175.066000,-0.570756,00:19:35.066,6033853170
1176.638711,1176.066000,-0.572711,00:19:36.066,6034650558
1177.654356,1177.066000,-0.588356,00:19:37.066,6035329723
1178.664902,1178.099000,-0.565902,00:19:38.099,6036109312
1179.666009,1179.099000,-0.567009,00:19:39.099,6036799619
1180.679854,1180.099000,-0.580854,00:19:40.099,6037499116
1181.693279,1181.133000,-0.560279,00:19:41.133,6038223262
1182.706853,1182.133000,-0.573853,00:19:42.133,6038904444
1183.721332,1183.133000,-0.588332,00:19:43.133,6039687724
1184.736743,1184.166000,-0.570743,00:19:44.166,6040349235
1185.738216,1185.166000,-0.572216,00:19:45.166,6041063991
1186.751230,1186.166000,-0.585230,00:19:46.166,6041724620
1187.766144,1187.199000,-0.567144,00:19:47.199,6042501301
1188.767294,1188.199000,-0.568294,00:19:48.199,6043201529
1189.783195,1189.199000,-0.584195,00:19:49.199,6043980258
1190.795109,1190.233000,-0.562109,00:19:50.233,6044773952
1191.805494,1191.233000,-0.572494,00:19:51.233,6045572787
1192.818331,1192.233000,-0.585331,00:19:52.233,6046315742
1193.832435,1193.266000,-0.566435,00:19:53.266,6047095428
1194.848362,1194.266000,-0.582362,00:19:54.266,6047806650
1195.864241,1195.299000,-0.565241,00:19:55.299,6048631018
1196.877199,1196.299000,-0.578199,00:19:56.299,6049330558
1197.891447,1197.333000,-0.558447,00:19:57.333,6050090973
1198.901997,1198.333000,-0.568997,00:19:58.333,6050822948
1199.905357,1199.333000,-0.572357,00:19:59.333,6051541853
1200.918084,1200.333000,-0.585084,00:20:00.333,6052228236
1201.919544,1201.333000,-0.586544,00:20:01.333,6052898640
1202.923859,1202.366000,-0.557859,00:20:02.366,6053666711
1203.927556,1203.366000,-0.561556,00:20:03.366,6054491058
1204.933205,1204.366000,-0.567205,00:20:04.366,6055123437
1205.938624,1205.366000,-0.572624,00:20:05.366,6055861466
1206.944438,1206.366000,-0.578438,00:20:06.366,6056582328
1207.951522,1207.366000,-0.585522,00:20:07.366,6057383529
1208.957997,1208.399000,-0.558997,00:20:08.399,6058201772
1209.959824,1209.399000,-0.560824,00:20:09.399,6058969672
1210.972077,1210.399000,-0.573077,00:20:10.399,6059806522
1211.977723,1211.399000,-0.578723,00:20:11.399,6060526336
1212.982582,1212.399000,-0.583582,00:20:12.399,6061195510
1213.986698,1213.433000,-0.553698,00:20:13.433,6062051062
1215.000731,1214.433000,-0.567731,00:20:14.433,6062783415
1216.003524,1215.433000,-0.570524,00:20:15.433,6063458894
1217.017919,1216.433000,-0.584919,00:20:16.433,6064142060
1218.019935,1217.433000,-0.586935,00:20:17.433,6064888490
1219.021169,1218.466000,-0.555169,00:20:18.466,6065661903
1220.035745,1219.466000,-0.569745,00:20:19.466,6066360310
1221.038724,1220.466000,-0.572724,00:20:20.466,6067056591
1222.052451,1221.466000,-0.586451,00:20:21.466,6067747985
1223.065951,1222.499000,-0.566951,00:20:22.499,6068513380
1224.082307,1223.499000,-0.583307,00:20:23.499,6069305299
1225.084200,1224.499000,-0.585200,00:20:24.499,6070105626
1226.098936,1225.533000,-0.565936,00:20:25.533,6070993117
1227.101164,1226.533000,-0.568164,00:20:26.533,6071805227
1228.103786,1227.533000,-0.570786,00:20:27.533,6072616240
1229.108247,1228.533000,-0.575247,00:20:28.533,6073417545
1230.112149,1229.533000,-0.579149,00:20:29.533,6074092472
1231.127691,1230.566000,-0.561691,00:20:30.566,6074878409
1232.141059,1231.566000,-0.575059,00:20:31.566,6075657695
1233.156710,1232.599000,-0.557710,00:20:32.599,6076534655
1234.173032,1233.599000,-0.574032,00:20:33.599,6077389006
1235.186029,1234.599000,-0.587029,00:20:34.599,6078176737
1236.187645,1235.599000,-0.588645,00:20:35.599,6078932827
1237.188476,1236.599000,-0.589476,00:20:36.599,6079710701
1238.201054,1237.633000,-0.568054,00:20:37.633,6080659059
1239.215959,1238.633000,-0.582959,00:20:38.633,6081582272
1240.228535,1239.666000,-0.562535,00:20:39.666,6082387891
1241.243995,1240.666000,-0.577995,00:20:40.666,6083179949
1242.256406,1241.699000,-0.557406,00:20:41.699,6083903755
1243.270449,1242.699000,-0.571449,00:20:42.699,6084774883
1244.283058,1243.699000,-0.584058,00:20:43.699,6085588778
1245.296941,1244.733000,-0.563941,00:20:44.733,6086393064
1246.312169,1245.733000,-0.579169,00:20:45.733,6087213022
1247.324182,1246.766000,-0.558182,00:20:46.766,6088067560
1248.339743,1247.766000,-0.573743,00:20:47.766,6088977393
1249.351093,1248.766000,-0.585093,00:20:48.766,6089956378
1250.364002,1249.799000,-0.565002,00:20:49.799,6090996262
1251.376557,1250.799000,-0.577557,00:20:50.799,6091919468
1252.389648,1251.833000,-0.556648,00:20:51.833,6092901886
1253.402302,1252.833000,-0.569302,00:20:52.833,6093851853
1254.413439,1253.833000,-0.580439,00:20:53.833,6094827380
1255.428131,1254.866000,-0.562131,00:20:54.866,6095948490
1256.442157,1255.866000,-0.576157,00:20:55.866,6097025235
1257.453010,1256.866000,-0.587010,00:20:56.866,6097957794
1258.466664,1257.899000,-0.567664,00:20:57.899,6098949168
1259.481079,1258.899000,-0.582079,00:20:58.899,6099985788
1260.493361,1259.933000,-0.560361,00:20:59.933,6101112184
1261.508012,1260.933000,-0.575012,00:21:00.933,6102144136
1262.523424,1261.966000,-0.557424,00:21:01.966,6103021402
1263.533812,1262.966000,-0.567812,00:21:02.966,6103810328
1264.548547,1263.966000,-0.582547,00:21:03.966,6104711425
1265.561097,1264.999000,-0.562097,00:21:04.999,6105468545
1266.564387,1265.999000,-0.565387,00:21:05.999,6106138359
1267.576816,1266.999000,-0.577816,00:21:06.999,6106892462
1268.582174,1267.999000,-0.583174,00:21:07.999,6107588746
1269.596710,1269.033000,-0.563710,00:21:09.033,6108279503
1270.598727,1270.033000,-0.565727,00:21:10.033,6108953359
1271.602359,1271.033000,-0.569359,00:21:11.033,6109656152
1272.604186,1272.033000,-0.571186,00:21:12.033,6110258306
1273.611298,1273.033000,-0.578298,00:21:13.033,6110900107
1274.613260,1274.033000,-0.580260,00:21:14.033,6111613935
1275.616711,1275.033000,-0.583711,00:21:15.033,6112271833
1276.631287,1276.066000,-0.565287,00:21:16.066,6112978563
1277.633379,1277.066000,-0.567379,00:21:17.066,6113870687
1278.648938,1278.066000,-0.582938,00:21:18.066,6114641786
1279.652073,1279.066000,-0.586073,00:21:19.066,6115501587
1280.656175,1280.099000,-0.557175,00:21:20.099,6116382978
1281.660997,1281.099000,-0.561997,00:21:21.099,6117131821
1282.662242,1282.099000,-0.563242,00:21:22.099,6117891177
1283.666735,1283.099000,-0.567735,00:21:23.099,6118601422
1284.673190,1284.099000,-0.574190,00:21:24.099,6119376597
1285.678780,1285.099000,-0.579780,00:21:25.099,6120105007
1286.682869,1286.099000,-0.583869,00:21:26.099,6120844714
1287.686835,1287.099000,-0.587835,00:21:27.099,6121597588
1288.690868,1288.133000,-0.557868,00:21:28.133,6122386075
1289.701153,1289.133000,-0.568153,00:21:29.133,6123142227
1290.704926,1290.133000,-0.571926,00:21:30.133,6123910150
1291.713331,1291.133000,-0.580331,00:21:31.133,6124729175
1292.721390,1292.133000,-0.588390,00:21:32.133,6125510859
1293.728872,1293.166000,-0.562872,00:21:33.166,6126384791
1294.737913,1294.166000,-0.571913,00:21:34.166,6127396437
1295.744953,1295.166000,-0.578953,00:21:35.166,6128349738
1296.748867,1296.166000,-0.582867,00:21:36.166,6129237456
1297.753319,1297.166000,-0.587319,00:21:37.166,6130245891
1298.758732,1298.199000,-0.559732,00:21:38.199,6131263600
1299.762280,1299.199000,-0.563280,00:21:39.199,6132184233
1300.769775,1300.199000,-0.570775,00:21:40.199,6133238621
1301.772420,1301.199000,-0.573420,00:21:41.199,6134255510
1302.774793,1302.199000,-0.575793,00:21:42.199,6135242906
1303.779724,1303.199000,-0.580724,00:21:43.199,6136077370
1304.785394,1304.199000,-0.586394,00:21:44.199,6136830439
1305.786660,1305.199000,-0.587660,00:21:45.199,6137608213
1306.787883,1306.233000,-0.554883,00:21:46.233,6138394470
1307.804241,1307.233000,-0.571241,00:21:47.233,6139174186
1308.808059,1308.233000,-0.575059,00:21:48.233,6139903475
1309.814630,1309.233000,-0.581630,00:21:49.233,6140626982
1310.817723,1310.233000,-0.584723,00:21:50.233,6141395571
1311.821312,1311.266000,-0.555312,00:21:51.266,6142222195
1312.824635,1312.266000,-0.558635,00:21:52.266,6142985812
1313.839601,1313.266000,-0.573601,00:21:53.266,6143821313
1314.853156,1314.266000,-0.587156,00:21:54.266,6144635236
1315.867900,1315.299000,-0.568900,00:21:55.299,6145403606
1316.869633,1316.299000,-0.570633,00:21:56.299,6146239039
1317.872118,1317.299000,-0.573118,00:21:57.299,6147036558
1318.886379,1318.299000,-0.587379,00:21:58.299,6147797658
1319.901388,1319.333000,-0.568388,00:21:59.333,6148560590
1320.905751,1320.333000,-0.572751,00:22:00.333,6149343386
1321.917776,1321.333000,-0.584776,00:22:01.333,6150108199
1322.933132,1322.366000,-0.567132,00:22:02.366,6151014223
1323.935535,1323.366000,-0.569535,00:22:03.366,6151895702
1324.946900,1324.366000,-0.580900,00:22:04.366,6152794987
1325.961517,1325.399000,-0.562517,00:22:05.399,6153669607
1326.974340,1326.399000,-0.575340,00:22:06.399,6154535109
1327.985418,1327.399000,-0.586418,00:22:07.399,6155387293
1329.001095,1328.433000,-0.568095,00:22:08.433,6156292268
1330.013005,1329.433000,-0.580005,00:22:09.433,6157117093
1331.025609,1330.466000,-0.559609,00:22:10.466,6158065151
1332.041418,1331.466000,-0.575418,00:22:11.466,6158912082
1333.045565,1332.466000,-0.579565,00:22:12.466,6159811259
1334.058757,1333.499000,-0.559757,00:22:13.499,6160653655
1335.068748,1334.499000,-0.569748,00:22:14.499,6161364949
1336.084963,1335.499000,-0.585963,00:22:15.499,6162078373
1337.087820,1336.499000,-0.588820,00:22:16.499,6162917091
1338.104149,1337.533000,-0.571149,00:22:17.533,6163797630
1339.117774,1338.533000,-0.584774,00:22:18.533,6164599534
1340.134021,1339.566000,-0.568021,00:22:19.566,6165217120
1341.148906,1340.566000,-0.582906,00:22:20.566,6165816766
1342.154167,1341.566000,-0.588167,00:22:21.566,6166519500
1343.155274,1342.566000,-0.589274,00:22:22.566,6167371755
1344.159738,1343.599000,-0.560738,00:22:23.599,6168151516
1345.166826,1344.599000,-0.567826,00:22:24.599,6168830108
1346.172310,1345.599000,-0.573310,00:22:25.599,6169595415
1347.173965,1346.599000,-0.574965,00:22:26.599,6170395919
1348.176067,1347.599000,-0.577067,00:22:27.599,6171230100
1349.178220,1348.599000,-0.579220,00:22:28.599,6171988233
1350.184167,1349.599000,-0.585167,00:22:29.599,6172731011
1351.192228,1350.633000,-0.559228,00:22:30.633,6173538025
1352.198919,1351.633000,-0.565919,00:22:31.633,6174378148
1353.211149,1352.633000,-0.578149,00:22:32.633,6175140405
1354.216932,1353.633000,-0.583932,00:22:33.633,6175863215
1355.222344,1354.666000,-0.556344,00:22:34.666,6176662098
1356.227788,1355.666000,-0.561788,00:22:35.666,6177585279
1357.235934,1356.666000,-0.569934,00:22:36.666,6178451984
1358.251437,1357.666000,-0.585437,00:22:37.666,6179247441
1359.252569,1358.666000,-0.586569,00:22:38.666,6180075404
1360.261290,1359.699000,-0.562290,00:22:39.699,6180873189
1361.269500,1360.699000,-0.570500,00:22:40.699,6181616768
1362.276589,1361.699000,-0.577589,00:22:41.699,6182305723
1363.279934,1362.699000,-0.580934,00:22:42.699,6183107651
1364.286386,1363.699000,-0.587386,00:22:43.699,6183958334
1365.293649,1364.733000,-0.560649,00:22:44.733,6184757948
1366.301577,1365.733000,-0.568577,00:22:45.733,6185468120
1367.307990,1366.733000,-0.574990,00:22:46.733,6186186752
1368.312032,1367.733000,-0.579032,00:22:47.733,6187003894
1369.317928,1368.733000,-0.584928,00:22:48.733,6187824123
1370.322257,1369.766000,-0.556257,00:22:49.766,6188651130
1371.325627,1370.766000,-0.559627,00:22:50.766,6189464187
1372.329751,1371.766000,-0.563751,00:22:51.766,6190304440
1373.335506,1372.766000,-0.569506,00:22:52.766,6191039813
1374.349769,1373.766000,-0.583769,00:22:53.766,6191864697
1375.352175,1374.766000,-0.586175,00:22:54.766,6192601046
1376.366695,1375.799000,-0.567695,00:22:55.799,6193398059
1377.367836,1376.799000,-0.568836,00:22:56.799,6194129405
1378.377475,1377.799000,-0.578475,00:22:57.799,6194861621
1379.386879,1378.799000,-0.587879,00:22:58.799,6195612664
1380.403726,1379.833000,-0.570726,00:22:59.833,6196289909
1381.408858,1380.833000,-0.575858,00:23:00.833,6197040712
1382.421963,1381.833000,-0.588963,00:23:01.833,6197756795
1383.434660,1382.866000,-0.568660,00:23:02.866,6198533732
1384.451097,1383.866000,-0.585097,00:23:03.866,6199249133
1385.465882,1384.899000,-0.566882,00:23:04.899,6200035175
1386.482094,1385.899000,-0.583094,00:23:05.899,6200785614
1387.496714,1386.933000,-0.563714,00:23:06.933,6201610758
1388.512193,1387.933000,-0.579193,00:23:07.933,6202472453
1389.526848,1388.966000,-0.560848,00:23:08.966,6203361511
1390.538331,1389.966000,-0.572331,00:23:09.966,6204215581
1391.539435,1390.966000,-0.573435,00:23:10.966,6204889062
1392.542220,1391.966000,-0.576220,00:23:11.966,6205594528
1393.546511,1392.966000,-0.580511,00:23:12.966,6206312379
1394.552285,1393.966000,-0.586285,00:23:13.966,6207026031
1395.555262,1394.999000,-0.556262,00:23:14.999,6207778382
1396.557573,1395.999000,-0.558573,00:23:15.999,6208485691
1397.572965,1396.999000,-0.573965,00:23:16.999,6209337649
1398.587976,1397.999000,-0.588976,00:23:17.999,6210138170
1399.590733,1399.033000,-0.557733,00:23:19.033,6210995366
1400.592937,1400.033000,-0.559937,00:23:20.033,6211788512
1401.596861,1401.033000,-0.563861,00:23:21.033,6212539385
1402.607375,1402.033000,-0.574375,00:23:22.033,6213259455
1403.609132,1403.033000,-0.576132,00:23:23.033,6213992735
1404.614128,1404.033000,-0.581128,00:23:24.033,6214715718
1405.619800,1405.033000,-0.586800,00:23:25.033,6215477569
1406.627401,1406.066000,-0.561401,00:23:26.066,6216286342
1407.633658,1407.066000,-0.567658,00:23:27.066,6217100737
1408.639922,1408.066000,-0.573922,00:23:28.066,6217866775
1409.644681,1409.066000,-0.578681,00:23:29.066,6218628900
1410.653066,1410.066000,-0.587066,00:23:30.066,6219376769
1411.660162,1411.099000,-0.561162,00:23:31.099,6220113695
1412.662639,1412.099000,-0.563639,00:23:32.099,6220943990
1413.666053,1413.099000,-0.567053,00:23:33.099,6221770377
1414.673599,1414.099000,-0.574599,00:23:34.099,6222675791
1415.681347,1415.099000,-0.582347,00:23:35.099,6223481426
1416.689722,1416.133000,-0.556722,00:23:36.133,6224252238
1417.696421,1417.133000,-0.563421,00:23:37.133,6224945339
1418.704740,1418.133000,-0.571740,00:23:38.133,6225552763
1419.719486,1419.133000,-0.586486,00:23:39.133,6226207510
1420.726721,1420.166000,-0.560721,00:23:40.166,6226907145
1421.735508,1421.166000,-0.569508,00:23:41.166,6227540843
1422.747658,1422.166000,-0.581658,00:23:42.166,6228257160
1423.759025,1423.199000,-0.560025,00:23:43.199,6228860238
1424.766775,1424.199000,-0.567775,00:23:44.199,6229533266
1425.768555,1425.199000,-0.569555,00:23:45.199,6230303077
1426.780359,1426.199000,-0.581359,00:23:46.199,6231057788
1427.791075,1427.233000,-0.558075,00:23:47.233,6231822967
1428.799700,1428.233000,-0.566700,00:23:48.233,6232566828
1429.812899,1429.233000,-0.579899,00:23:49.233,6233261849
1430.825530,1430.266000,-0.559530,00:23:50.266,6234061231
1431.834314,1431.266000,-0.568314,00:23:51.266,6234762723
1432.843605,1432.266000,-0.577605,00:23:52.266,6235506702
1433.856508,1433.299000,-0.557508,00:23:53.299,6236344045
1434.863519,1434.299000,-0.564519,00:23:54.299,6237149207
1435.873572,1435.299000,-0.574572,00:23:55.299,6237898874
1436.881107,1436.299000,-0.582107,00:23:56.299,6238677108
1437.886832,1437.299000,-0.587832,00:23:57.299,6239387560
1438.899705,1438.333000,-0.566705,00:23:58.333,6240235721
1439.908320,1439.333000,-0.575320,00:23:59.333,6241010786
1440.914820,1440.333000,-0.581820,00:24:00.333,6241716522
1441.929612,1441.366000,-0.563612,00:24:01.366,6242502091
1442.937240,1442.366000,-0.571240,00:24:02.366,6243352688
1443.944609,1443.366000,-0.578609,00:24:03.366,6244098244
1444.953660,1444.366000,-0.587660,00:24:04.366,6244777813
1445.956381,1445.399000,-0.557381,00:24:05.399,6245641025
1446.960931,1446.399000,-0.561931,00:24:06.399,6246468542
1447.967581,1447.399000,-0.568581,00:24:07.399,6247372349
1448.975553,1448.399000,-0.576553,00:24:08.399,6248226445
1449.978485,1449.399000,-0.579485,00:24:09.399,6249096905
1450.984524,1450.399000,-0.585524,00:24:10.399,6249972647
1451.990934,1451.433000,-0.557934,00:24:11.433,6250832450
1452.995465,1452.433000,-0.562465,00:24:12.433,6251658687
1454.009895,1453.433000,-0.576895,00:24:13.433,6252497522
1455.024351,1454.466000,-0.558351,00:24:14.466,6253345292
1456.041156,1455.466000,-0.575156,00:24:15.466,6254223652
1457.053376,1456.466000,-0.587376,00:24:16.466,6255041136
1458.058551,1457.499000,-0.559551,00:24:17.499,6255954812
1459.062275,1458.499000,-0.563275,00:24:18.499,6256867777
1460.064491,1459.499000,-0.565491,00:24:19.499,6257726281
1461.071130,1460.499000,-0.572130,00:24:20.499,6258588836
1462.084992,1461.499000,-0.585992,00:24:21.499,6259471606
1463.089991,1462.533000,-0.556991,00:24:22.533,6260429898
1464.092342,1463.533000,-0.559342,00:24:23.533,6261334749
1465.098179,1464.533000,-0.565179,00:24:24.533,6262228562
1466.114038,1465.533000,-0.581038,00:24:25.533,6263046297
1467.116967,1466.533000,-0.583967,00:24:26.533,6263807049
1468.122018,1467.533000,-0.589018,00:24:27.533,6264600041
1469.125811,1468.566000,-0.559811,00:24:28.566,6265474728
1470.132921,1469.566000,-0.566921,00:24:29.566,6266312665
1471.134100,1470.566000,-0.568100,00:24:30.566,6267193703
1472.140929,1471.566000,-0.574929,00:24:31.566,6267977946
1473.148066,1472.566000,-0.582066,00:24:32.566,6268878536
1474.156606,1473.599000,-0.557606,00:24:33.599,6269703253
1475.162307,1474.599000,-0.563307,00:24:34.599,6270516184
1476.170004,1475.599000,-0.571004,00:24:35.599,6271306422
1477.175022,1476.599000,-0.576022,00:24:36.599,6272182579
1478.190060,1477.633000,-0.557060,00:24:37.633,6273061905
1479.196449,1478.633000,-0.563449,00:24:38.633,6273920652
1480.202944,1479.633000,-0.569944,00:24:39.633,6274789704
1481.207036,1480.633000,-0.574036,00:24:40.633,6275688026
1482.212434,1481.633000,-0.579434,00:24:41.633,6276474337
1483.218960,1482.633000,-0.585960,00:24:42.633,6277244018
1484.228930,1483.666000,-0.562930,00:24:43.666,6278019654
1485.239615,1484.666000,-0.573615,00:24:44.666,6278773897
1486.243416,1485.666000,-0.577416,00:24:45.666,6279544863
1487.248869,1486.666000,-0.582869,00:24:46.666,6280338365
1488.256696,1487.699000,-0.557696,00:24:47.699,6281215951
1489.259728,1488.699000,-0.560728,00:24:48.699,6282115904
1490.266443,1489.699000,-0.567443,00:24:49.699,6282982917
1491.276768,1490.699000,-0.577768,00:24:50.699,6283835265
1492.287052,1491.699000,-0.588052,00:24:51.699,6284703964
1493.288470,1492.699000,-0.589470,00:24:52.699,6285515371
1494.291262,1493.733000,-0.558262,00:24:53.733,6286329909
1495.294618,1494.733000,-0.561618,00:24:54.733,6287100469
1496.303681,1495.733000,-0.570681,00:24:55.733,6287934233
1497.309555,1496.733000,-0.576555,00:24:56.733,6288838233
1498.316552,1497.733000,-0.583552,00:24:57.733,6289849463
1499.322599,1498.766000,-0.556599,00:24:58.766,6290821058
1500.331724,1499.766000,-0.565724,00:24:59.766,6291784137
1501.336811,1500.766000,-0.570811,00:25:00.766,6292769824
1502.341270,1501.766000,-0.575270,00:25:01.766,6293853978
1503.349787,1502.766000,-0.583787,00:25:02.766,6294987971
1504.357139,1503.799000,-0.558139,00:25:03.799,6296133286
1505.373352,1504.799000,-0.574352,00:25:04.799,6297230019
1506.380165,1505.799000,-0.581165,00:25:05.799,6298349919
1507.383409,1506.799000,-0.584409,00:25:06.799,6299404846
1508.395201,1507.833000,-0.562201,00:25:07.833,6300507399
1509.400140,1508.833000,-0.567140,00:25:08.833,6301495268
1510.405507,1509.833000,-0.572507,00:25:09.833,6302464060
1511.414439,1510.833000,-0.581439,00:25:10.833,6303367588
1512.421082,1511.833000,-0.588082,00:25:11.833,6304258823
1513.424693,1512.866000,-0.558693,00:25:12.866,6305146298
1514.431182,1513.866000,-0.565182,00:25:13.866,6306056716
1515.433963,1514.866000,-0.567963,00:25:14.866,6306917575
1516.436489,1515.866000,-0.570489,00:25:15.866,6307779739
1517.452675,1516.899000,-0.553675,00:25:16.899,6308667422
1518.454900,1517.899000,-0.555900,00:25:17.899,6309470975
1519.470166,1518.899000,-0.571166,00:25:18.899,6310220606
1520.486299,1519.899000,-0.587299,00:25:19.899,6311044965
1521.487423,1520.899000,-0.588423,00:25:20.899,6311897323
1522.490188,1521.933000,-0.557188,00:25:21.933,6312833170
1523.496458,1522.933000,-0.563458,00:25:22.933,6313711401
1524.512452,1523.933000,-0.579452,00:25:23.933,6314592994
1525.517507,1524.933000,-0.584507,00:25:24.933,6315485045
1526.522520,1525.966000,-0.556520,00:25:25.966,6316453716
1527.525536,1526.966000,-0.559536,00:25:26.966,6317380995
1528.527033,1527.966000,-0.561033,00:25:27.966,6318225350
1529.540220,1528.966000,-0.574220,00:25:28.966,6319136873
1530.556209,1529.999000,-0.557209,00:25:29.999,6319976369
1531.571458,1530.999000,-0.572458,00:25:30.999,6320826109
1532.586669,1531.999000,-0.587669,00:25:31.999,6321580939
1533.587923,1532.999000,-0.588923,00:25:32.999,6322337619
1534.604280,1534.033000,-0.571280,00:25:34.033,6323143040
1535.605639,1535.033000,-0.572639,00:25:35.033,6323938670
1536.611188,1536.033000,-0.578188,00:25:36.033,6324790201
1537.626730,1537.066000,-0.560730,00:25:37.066,6325740674
1538.642543,1538.066000,-0.576543,00:25:38.066,6326703590
1539.655318,1539.066000,-0.589318,00:25:39.066,6327693817
1540.657400,1540.099000,-0.558400,00:25:40.099,6328669004
1541.661852,1541.099000,-0.562852,00:25:41.099,6329655873
1542.666835,1542.099000,-0.567835,00:25:42.099,6330535721
1543.669286,1543.099000,-0.570286,00:25:43.099,6331473362
1544.683368,1544.099000,-0.584368,00:25:44.099,6332462333
1545.698658,1545.133000,-0.565658,00:25:45.133,6333475916
1546.713454,1546.133000,-0.580454,00:25:46.133,6334495833
1547.729732,1547.166000,-0.563732,00:25:47.166,6335546333
1548.732338,1548.166000,-0.566338,00:25:48.166,6336427286
1549.733590,1549.166000,-0.567590,00:25:49.166,6337377575
1550.736055,1550.166000,-0.570055,00:25:50.166,6338288741
1551.739369,1551.166000,-0.573369,00:25:51.166,6339185580
1552.743945,1552.166000,-0.577945,00:25:52.166,6340167893
1553.746212,1553.166000,-0.580212,00:25:53.166,6341075230
1554.749518,1554.166000,-0.583518,00:25:54.166,6341918044
1555.752744,1555.166000,-0.586744,00:25:55.166,6342868558
1556.754004,1556.166000,-0.588004,00:25:56.166,6343790724
1557.770320,1557.199000,-0.571320,00:25:57.199,6344589805
1558.776163,1558.199000,-0.577163,00:25:58.199,6345384213
1559.792123,1559.233000,-0.559123,00:25:59.233,6346168611
1560.805847,1560.233000,-0.572847,00:26:00.233,6346941709
1561.808863,1561.233000,-0.575863,00:26:01.233,6347768729
1562.814149,1562.233000,-0.581149,00:26:02.233,6348596564
1563.816801,1563.233000,-0.583801,00:26:03.233,6349395126
1564.822791,1564.233000,-0.589791,00:26:04.233,6350112143
1565.824066,1565.266000,-0.558066,00:26:05.266,6350803483
1566.837348,1566.266000,-0.571348,00:26:06.266,6351510781
1567.843543,1567.266000,-0.577543,00:26:07.266,6352244093
1568.847678,1568.266000,-0.581678,00:26:08.266,6352938775
1569.851131,1569.266000,-0.585131,00:26:09.266,6353584341
1570.852421,1570.266000,-0.586421,00:26:10.266,6354271078
1571.856339,1571.299000,-0.557339,00:26:11.299,6354961952
1572.863944,1572.299000,-0.564944,00:26:12.299,6355721406
1573.876058,1573.299000,-0.577058,00:26:13.299,6356425096
1574.891264,1574.333000,-0.558264,00:26:14.333,6357230465
1575.906116,1575.333000,-0.573116,00:26:15.333,6358032537
1576.921963,1576.366000,-0.555963,00:26:16.366,6358860702
1577.923296,1577.366000,-0.557296,00:26:17.366,6359540401
1578.939137,1578.366000,-0.573137,00:26:18.366,6360279153
1579.955435,1579.366000,-0.589435,00:26:19.366,6361060604
1580.968434,1580.399000,-0.569434,00:26:20.399,6361875226
1581.983315,1581.399000,-0.584315,00:26:21.399,6362652273
1582.999187,1582.433000,-0.566187,00:26:22.433,6363474955
1584.000414,1583.433000,-0.567414,00:26:23.433,6364267702
1585.014279,1584.433000,-0.581279,00:26:24.433,6365143574
1586.015870,1585.433000,-0.582870,00:26:25.433,6365929309
1587.017469,1586.433000,-0.584469,00:26:26.433,6366739786
1588.018876,1587.433000,-0.585876,00:26:27.433,6367531848
1589.033041,1588.466000,-0.567041,00:26:28.466,6368418696
1590.048041,1589.466000,-0.582041,00:26:29.466,6369154626
1591.061014,1590.499000,-0.562014,00:26:30.499,6369965763
1592.075375,1591.499000,-0.576375,00:26:31.499,6370791472
1593.078129,1592.499000,-0.579129,00:26:32.499,6371676195
1594.082389,1593.499000,-0.583389,00:26:33.499,6372562781
1595.098334,1594.533000,-0.565334,00:26:34.533,6373440180
1596.100417,1595.533000,-0.567417,00:26:35.533,6374249617
1597.103102,1596.533000,-0.570102,00:26:36.533,6375085664
1598.115242,1597.533000,-0.582242,00:26:37.533,6375986059
1599.130119,1598.566000,-0.564119,00:26:38.566,6376887794
1600.132008,1599.566000,-0.566008,00:26:39.566,6377813815
1601.146389,1600.566000,-0.580389,00:26:40.566,6378719260
1602.161635,1601.599000,-0.562635,00:26:41.599,6379577822
1603.163967,1602.599000,-0.564967,00:26:42.599,6380464774
1604.180154,1603.599000,-0.581154,00:26:43.599,6381343379
1605.194102,1604.633000,-0.561102,00:26:44.633,6382236460
1606.196520,1605.633000,-0.563520,00:26:45.633,6383106812
1607.212304,1606.633000,-0.579304,00:26:46.633,6383951104
1608.215579,1607.633000,-0.582579,00:26:47.633,6384815142
1609.218349,1608.633000,-0.585349,00:26:48.633,6385681406
1610.223975,1609.666000,-0.557975,00:26:49.666,6386502284
1611.235171,1610.666000,-0.569171,00:26:50.666,6387312407
1612.238440,1611.666000,-0.572440,00:26:51.666,6388186918
1613.241501,1612.666000,-0.575501,00:26:52.666,6389069074
1614.255533,1613.699000,-0.556533,00:26:53.699,6390015210
1615.262159,1614.699000,-0.563159,00:26:54.699,6390794352
1616.267111,1615.699000,-0.568111,00:26:55.699,6391603524
1617.271896,1616.699000,-0.572896,00:26:56.699,6392458826
1618.273291,1617.699000,-0.574291,00:26:57.699,6393295227
1619.289556,1618.733000,-0.556556,00:26:58.733,6394222293
1620.297395,1619.733000,-0.564395,00:26:59.733,6395141525
1621.313437,1620.733000,-0.580437,00:27:00.733,6395937980
1622.314829,1621.733000,-0.581829,00:27:01.733,6396772742
1623.327477,1622.766000,-0.561477,00:27:02.766,6397703897
1624.331310,1623.766000,-0.565310,00:27:03.766,6398584490
1625.344367,1624.766000,-0.578367,00:27:04.766,6399471368
1626.347217,1625.766000,-0.581217,00:27:05.766,6400341650
1627.349991,1626.766000,-0.583991,00:27:06.766,6401227272
1628.355261,1627.799000,-0.556261,00:27:07.799,6402110937
1629.356596,1628.799000,-0.557596,00:27:08.799,6403053778
1630.365481,1629.799000,-0.566481,00:27:09.799,6403935991
1631.369762,1630.799000,-0.570762,00:27:10.799,6404898179
1632.376934,1631.799000,-0.577934,00:27:11.799,6405859005
1633.379605,1632.799000,-0.580605,00:27:12.799,6406770686
1634.383253,1633.799000,-0.584253,00:27:13.799,6407606633
1635.387578,1634.799000,-0.588578,00:27:14.799,6408468611
1636.392908,1635.833000,-0.559908,00:27:15.833,6409379124
1637.399300,1636.833000,-0.566300,00:27:16.833,6410223568
1638.407406,1637.833000,-0.574406,00:27:17.833,6411123504
1639.415278,1638.833000,-0.582278,00:27:18.833,6412043637
1640.421083,1639.833000,-0.588083,00:27:19.833,6412869025
1641.428061,1640.866000,-0.562061,00:27:20.866,6413679080
1642.436242,1641.866000,-0.570242,00:27:21.866,6414487957
1643.444039,1642.866000,-0.578039,00:27:22.866,6415299780
1644.451990,1643.866000,-0.585990,00:27:23.866,6416057725
1645.466281,1644.899000,-0.567281,00:27:24.899,6416889886
1646.476099,1645.899000,-0.577099,00:27:25.899,6417740380
1647.479664,1646.899000,-0.580664,00:27:26.899,6418650690
1648.481012,1647.899000,-0.582012,00:27:27.899,6419559918
1649.485377,1648.899000,-0.586377,00:27:28.899,6420461242
1650.487374,1649.899000,-0.588374,00:27:29.899,6421325891
1651.497162,1650.933000,-0.564162,00:27:30.933,6422187086
1652.501043,1651.933000,-0.568043,00:27:31.933,6422957856
1653.507447,1652.933000,-0.574447,00:27:32.933,6423734436
1654.511330,1653.933000,-0.578330,00:27:33.933,6424493830
1655.515476,1654.933000,-0.582476,00:27:34.933,6425258181
1656.522170,1655.933000,-0.589170,00:27:35.933,6426195682
1657.525051,1656.966000,-0.559051,00:27:36.966,6427075522
1658.538443,1657.966000,-0.572443,00:27:37.966,6427985088
1659.554302,1658.999000,-0.555302,00:27:38.999,6428911275
1660.563108,1659.999000,-0.564108,00:27:39.999,6429709289
1661.579305,1660.999000,-0.580305,00:27:40.999,6430509709
1662.591523,1662.033000,-0.558523,00:27:42.033,6431397462
1663.597285,1663.033000,-0.564285,00:27:43.033,6432249722
1664.607896,1664.033000,-0.574896,00:27:44.033,6433085148
1665.615134,1665.033000,-0.582134,00:27:45.033,6433930740
1666.627038,1666.066000,-0.561038,00:27:46.066,6434820117
1667.629444,1667.066000,-0.563444,00:27:47.066,6435664262
1668.635486,1668.066000,-0.569486,00:27:48.066,6436515109
1669.642465,1669.066000,-0.576465,00:27:49.066,6437310499
1670.646331,1670.066000,-0.580331,00:27:50.066,6438064855
1671.651784,1671.066000,-0.585784,00:27:51.066,6438893894
1672.656316,1672.099000,-0.557316,00:27:52.099,6439817662
1673.660468,1673.099000,-0.561468,00:27:53.099,6440706625
1674.672225,1674.099000,-0.573225,00:27:54.099,6441570859
1675.675293,1675.099000,-0.576293,00:27:55.099,6442431503
1676.679583,1676.099000,-0.580583,00:27:56.099,6443267869
1677.688934,1677.133000,-0.555934,00:27:57.133,6444181474
1678.694248,1678.133000,-0.561248,00:27:58.133,6445062839
1679.706869,1679.133000,-0.573869,00:27:59.133,6445925269
1680.714892,1680.133000,-0.581892,00:28:00.133,6446875868
1681.720389,1681.166000,-0.554389,00:28:01.166,6447793840
1682.725125,1682.166000,-0.559125,00:28:02.166,6448646760
1683.729619,1683.166000,-0.563619,00:28:03.166,6449510791
1684.734265,1684.166000,-0.568265,00:28:04.166,6450412616
1685.739830,1685.166000,-0.573830,00:28:05.166,6451306076
1686.744311,1686.166000,-0.578311,00:28:06.166,6452222306
1687.751544,1687.166000,-0.585544,00:28:07.166,6453128461
1688.755531,1688.166000,-0.589531,00:28:08.166,6454018865
1689.761157,1689.199000,-0.562157,00:28:09.199,6454995891
1690.770046,1690.199000,-0.571046,00:28:10.199,6455877761
1691.773518,1691.199000,-0.574518,00:28:11.199,6456728909
1692.779670,1692.199000,-0.580670,00:28:12.199,6457553920
1693.783950,1693.199000,-0.584950,00:28:13.199,6458394890
1694.791464,1694.233000,-0.558464,00:28:14.233,6459301883
1695.798876,1695.233000,-0.565876,00:28:15.233,6460197083
1696.808798,1696.233000,-0.575798,00:28:16.233,6461112003
1697.812615,1697.233000,-0.579615,00:28:17.233,6462040653
1698.815129,1698.233000,-0.582129,00:28:18.233,6462932949
1699.829743,1699.266000,-0.563743,00:28:19.266,6463773915
1700.831051,1700.266000,-0.565051,00:28:20.266,6464571065
1701.837003,1701.266000,-0.571003,00:28:21.266,6465389608
1702.845318,1702.266000,-0.579318,00:28:22.266,6466232494
1703.851077,1703.266000,-0.585077,00:28:23.266,6467107947
1704.853294,1704.266000,-0.587294,00:28:24.266,6467995267
1705.855153,1705.266000,-0.589153,00:28:25.266,6468926768
1706.861275,1706.299000,-0.562275,00:28:26.299,6469872561
1707.874658,1707.299000,-0.575658,00:28:27.299,6470738482
1708.878789,1708.299000,-0.579789,00:28:28.299,6471584624
1709.893940,1709.333000,-0.560940,00:28:29.333,6472463689
1710.896088,1710.333000,-0.563088,00:28:30.333,6473305963
1711.911271,1711.333000,-0.578271,00:28:31.333,6474159961
1712.913352,1712.333000,-0.580352,00:28:32.333,6474994109
1713.914610,1713.333000,-0.581610,00:28:33.333,6475768780
1714.930364,1714.366000,-0.564364,00:28:34.366,6476650910
1715.944925,1715.366000,-0.578925,00:28:35.366,6477448978
1716.960335,1716.399000,-0.561335,00:28:36.399,6478334714
1717.963381,1717.399000,-0.564381,00:28:37.399,6479106948
1718.971139,1718.399000,-0.572139,00:28:38.399,6479918112
1719.973883,1719.399000,-0.574883,00:28:39.399,6480774311
1720.977110,1720.399000,-0.578110,00:28:40.399,6481615325
1721.983408,1721.399000,-0.584408,00:28:41.399,6482489843
1722.985528,1722.399000,-0.586528,00:28:42.399,6483359926
1723.992558,1723.433000,-0.559558,00:28:43.433,6484234365
1724.997179,1724.433000,-0.564179,00:28:44.433,6485096258
1726.006462,1725.433000,-0.573462,00:28:45.433,6485924246
1727.012888,1726.433000,-0.579888,00:28:46.433,6486863649
1728.017776,1727.433000,-0.584776,00:28:47.433,6487823287
1729.021443,1728.433000,-0.588443,00:28:48.433,6488762638
1730.035272,1729.466000,-0.569272,00:28:49.466,6489705425
1731.039581,1730.466000,-0.573581,00:28:50.466,6490651792
1732.045323,1731.466000,-0.579323,00:28:51.466,6491520152
1733.047950,1732.466000,-0.581950,00:28:52.466,6492397235
1734.050005,1733.466000,-0.584005,00:28:53.466,6493276186
1735.065310,1734.499000,-0.566310,00:28:54.499,6494206227
1736.081134,1735.499000,-0.582134,00:28:55.499,6495109803
1737.096846,1736.533000,-0.563846,00:28:56.533,6496065290
1738.101178,1737.533000,-0.568178,00:28:57.533,6496945049
1739.107915,1738.533000,-0.574915,00:28:58.533,6497812013
1740.115379,1739.533000,-0.582379,00:28:59.533,6498755738
1741.122334,1740.566000,-0.556334,00:29:00.566,6499690627
1742.128789,1741.566000,-0.562789,00:29:01.566,6500470106
1743.134121,1742.566000,-0.568121,00:29:02.566,6501248684
1744.141110,1743.566000,-0.575110,00:29:03.566,6502058438
1745.148085,1744.566000,-0.582085,00:29:04.566,6502932132
1746.154590,1745.566000,-0.588590,00:29:05.566,6503661940
1747.164351,1746.599000,-0.565351,00:29:06.599,6504432837
1748.171113,1747.599000,-0.572113,00:29:07.599,6505217787
1749.174185,1748.599000,-0.575185,00:29:08.599,6505952594
1750.181342,1749.599000,-0.582342,00:29:09.599,6506749282
1751.184403,1750.599000,-0.585403,00:29:10.599,6507577265
1752.189840,1751.633000,-0.556840,00:29:11.633,6508439463
1753.195041,1752.633000,-0.562041,00:29:12.633,6509310868
1754.199585,1753.633000,-0.566585,00:29:13.633,6510228784
1755.208696,1754.633000,-0.575696,00:29:14.633,6511123242
1756.211009,1755.633000,-0.578009,00:29:15.633,6512008725
1757.215323,1756.633000,-0.582323,00:29:16.633,6512771827
1758.219711,1757.633000,-0.586711,00:29:17.633,6513530355
1759.221220,1758.633000,-0.588220,00:29:18.633,6514424432
1760.228685,1759.666000,-0.562685,00:29:19.666,6515345089
1761.237469,1760.666000,-0.571469,00:29:20.666,6516215281
1762.242350,1761.666000,-0.576350,00:29:21.666,6517089414
1763.249427,1762.666000,-0.583427,00:29:22.666,6517928551
1764.257525,1763.699000,-0.558525,00:29:23.699,6518809432
1765.269485,1764.699000,-0.570485,00:29:24.699,6519635935
1766.285576,1765.699000,-0.586576,00:29:25.699,6520484291
1767.301063,1766.733000,-0.568063,00:29:26.733,6521354738
1768.307089,1767.733000,-0.574089,00:29:27.733,6522172942
1769.308379,1768.733000,-0.575379,00:29:28.733,6522988696
1770.311338,1769.733000,-0.578338,00:29:29.733,6523767445
1771.319741,1770.766000,-0.553741,00:29:30.766,6524572998
1772.324261,1771.766000,-0.558261,00:29:31.766,6525464740
1773.329588,1772.766000,-0.563588,00:29:32.766,6526318998
1774.333936,1773.766000,-0.567936,00:29:33.766,6527236369
1775.338698,1774.766000,-0.572698,00:29:34.766,6528178057
1776.343420,1775.766000,-0.577420,00:29:35.766,6529181801
1777.345404,1776.766000,-0.579404,00:29:36.766,6530006666
1778.351388,1777.766000,-0.585388,00:29:37.766,6530959322
1779.353248,1778.766000,-0.587248,00:29:38.766,6531858132
1780.355029,1779.766000,-0.589029,00:29:39.766,6532697636
1781.357621,1780.799000,-0.558621,00:29:40.799,6533577914
1782.371031,1781.799000,-0.572031,00:29:41.799,6534346981
1783.383378,1782.799000,-0.584378,00:29:42.799,6535113169
1784.385233,1783.799000,-0.586233,00:29:43.799,6535852424
1785.387334,1784.799000,-0.588334,00:29:44.799,6536622572
1786.398763,1785.833000,-0.565763,00:29:45.833,6537465260
1787.400402,1786.833000,-0.567402,00:29:46.833,6538233878
1788.405291,1787.833000,-0.572291,00:29:47.833,6539017902
1789.417928,1788.833000,-0.584928,00:29:48.833,6539872231
1790.433215,1789.866000,-0.567215,00:29:49.866,6540768343
1791.449561,1790.866000,-0.583561,00:29:50.866,6541644099
1792.464872,1791.899000,-0.565872,00:29:51.899,6542508695
1793.480965,1792.899000,-0.581965,00:29:52.899,6543330277
1794.482381,1793.899000,-0.583381,00:29:53.899,6544161109
1795.498490,1794.933000,-0.565490,00:29:54.933,6545003315
1796.503266,1795.933000,-0.570266,00:29:55.933,6545811147
1797.504568,1796.933000,-0.571568,00:29:56.933,6546687583
1798.518935,1797.966000,-0.552935,00:29:57.966,6547539372
1799.522541,1798.966000,-0.556541,00:29:58.966,6548362953
1800.537686,1799.966000,-0.571686,00:29:59.966,6549268697
1801.539019,1800.966000,-0.573019,00:30:00.966,6550173424
1802.553081,1801.966000,-0.587081,00:30:01.966,6551004190
1803.554548,1802.999000,-0.555548,00:30:02.999,6551889864
1804.567883,1803.999000,-0.568883,00:30:03.999,6552743366
1805.572242,1804.999000,-0.573242,00:30:04.999,6553567611
1806.586945,1805.999000,-0.587945,00:30:05.999,6554525219
1807.592873,1807.033000,-0.559873,00:30:07.033,6555347387
1808.607696,1808.033000,-0.574696,00:30:08.033,6556079699
1809.609792,1809.033000,-0.576792,00:30:09.033,6556815474
1810.613956,1810.033000,-0.580956,00:30:10.033,6557553337
1811.629501,1811.066000,-0.563501,00:30:11.066,6558316638
1812.633369,1812.066000,-0.567369,00:30:12.066,6559144630
1813.648555,1813.066000,-0.582555,00:30:13.066,6560038083
1814.649652,1814.066000,-0.583652,00:30:14.066,6560968219
1815.664585,1815.099000,-0.565585,00:30:15.099,6561835788
1816.679725,1816.099000,-0.580725,00:30:16.099,6562634421
1817.695271,1817.133000,-0.562271,00:30:17.133,6563477800
1818.696677,1818.133000,-0.563677,00:30:18.133,6564218287
1819.708709,1819.133000,-0.575709,00:30:19.133,6565041073
1820.723214,1820.166000,-0.557214,00:30:20.166,6565803888
1821.736353,1821.166000,-0.570353,00:30:21.166,6566648492
1822.738703,1822.166000,-0.572703,00:30:22.166,6567446157
1823.752191,1823.166000,-0.586191,00:30:23.166,6568222249
1824.767645,1824.199000,-0.568645,00:30:24.199,6568937775
1825.782342,1825.199000,-0.583342,00:30:25.199,6569687200
1826.784313,1826.199000,-0.585313,00:30:26.199,6570456574
1827.787663,1827.199000,-0.588663,00:30:27.199,6571253164
1828.789449,1828.233000,-0.556449,00:30:28.233,6572081338
1829.793534,1829.233000,-0.560534,00:30:29.233,6572866328
1830.805483,1830.233000,-0.572483,00:30:30.233,6573672144
1831.820967,1831.266000,-0.554967,00:30:31.266,6574462608
1832.834089,1832.266000,-0.568089,00:30:32.266,6575157146
1833.835220,1833.266000,-0.569220,00:30:33.266,6575986576
1834.837630,1834.266000,-0.571630,00:30:34.266,6576782819
1835.853414,1835.299000,-0.554414,00:30:35.299,6577557521
1836.869722,1836.299000,-0.570722,00:30:36.299,6578319512
1837.883263,1837.299000,-0.584263,00:30:37.299,6579015602
1838.894114,1838.333000,-0.561114,00:30:38.333,6579797213
1839.909650,1839.333000,-0.576650,00:30:39.333,6580646043
1840.924096,1840.366000,-0.558096,00:30:40.366,6581405156
1841.937636,1841.366000,-0.571636,00:30:41.366,6582162082
1842.950992,1842.366000,-0.584992,00:30:42.366,6582859577
1843.962128,1843.399000,-0.563128,00:30:43.399,6583673674
1844.978306,1844.399000,-0.579306,00:30:44.399,6584463423
1845.994369,1845.433000,-0.561369,00:30:45.433,6585300949
1847.007838,1846.433000,-0.574838,00:30:46.433,6586110927
1848.024299,1847.466000,-0.558299,00:30:47.466,6586890083
1849.036756,1848.466000,-0.570756,00:30:48.466,6587540103
1850.038525,1849.466000,-0.572525,00:30:49.466,6588290561
1851.054132,1850.466000,-0.588132,00:30:50.466,6589026630
1852.057188,1851.499000,-0.558188,00:30:51.499,6589904195
1853.059143,1852.499000,-0.560143,00:30:52.499,6590751384
1854.074769,1853.499000,-0.575769,00:30:53.499,6591590205
1855.089873,1854.533000,-0.556873,00:30:54.533,6592384199
1856.093406,1855.533000,-0.560406,00:30:55.533,6593208540
1857.106852,1856.533000,-0.573852,00:30:56.533,6593964772
1858.108941,1857.533000,-0.575941,00:30:57.533,6594777688
1859.123401,1858.566000,-0.557401,00:30:58.566,6595539718
1860.126072,1859.566000,-0.560072,00:30:59.566,6596325765
1861.129571,1860.566000,-0.563571,00:31:00.566,6597140711
1862.134223,1861.566000,-0.568223,00:31:01.566,6597993750
1863.135911,1862.566000,-0.569911,00:31:02.566,6598793655
1864.152395,1863.566000,-0.586395,00:31:03.566,6599645395
1865.155979,1864.599000,-0.556979,00:31:04.599,6600461224
1866.157901,1865.599000,-0.558901,00:31:05.599,6601209000
1867.159856,1866.599000,-0.560856,00:31:06.599,6602014178
1868.173169,1867.599000,-0.574169,00:31:07.599,6602855748
1869.189286,1868.633000,-0.556286,00:31:08.633,6603742204
1870.192892,1869.633000,-0.559892,00:31:09.633,6604544283
1871.197490,1870.633000,-0.564490,00:31:10.633,6605267075
1872.202186,1871.633000,-0.569186,00:31:11.633,6606021932
1873.205155,1872.633000,-0.572155,00:31:12.633,6606811185
1874.206974,1873.633000,-0.573974,00:31:13.633,6607603345
1875.212773,1874.633000,-0.579773,00:31:14.633,6608349579
1876.215931,1875.633000,-0.582931,00:31:15.633,6609146468
1877.231807,1876.666000,-0.565807,00:31:16.666,6609938593
1878.233261,1877.666000,-0.567261,00:31:17.666,6610766650
1879.237502,1878.666000,-0.571502,00:31:18.666,6611596489
1880.241278,1879.666000,-0.575278,00:31:19.666,6612439722
1881.256760,1880.699000,-0.557760,00:31:20.699,6613309707
1882.273366,1881.699000,-0.574366,00:31:21.699,6614167355
1883.276900,1882.699000,-0.577900,00:31:22.699,6615019457
1884.278687,1883.699000,-0.579687,00:31:23.699,6615808317
1885.293238,1884.733000,-0.560238,00:31:24.733,6616684334
1886.307752,1885.733000,-0.574752,00:31:25.733,6617559320
1887.323113,1886.733000,-0.590113,00:31:26.733,6618376651
1888.337710,1887.766000,-0.571710,00:31:27.766,6619190776
1889.354037,1888.766000,-0.588037,00:31:28.766,6620081078
1890.355708,1889.766000,-0.589708,00:31:29.766,6620892881
1891.369477,1890.799000,-0.570477,00:31:30.799,6621738143
1892.383206,1891.799000,-0.584206,00:31:31.799,6622581910
1893.395586,1892.833000,-0.562586,00:31:32.833,6623433825
1894.408955,1893.833000,-0.575955,00:31:33.833,6624221324
1895.423350,1894.866000,-0.557350,00:31:34.866,6625054109
1896.437128,1895.866000,-0.571128,00:31:35.866,6625834776
1897.450219,1896.866000,-0.584219,00:31:36.866,6626665948
1898.464368,1897.899000,-0.565368,00:31:37.899,6627519208
1899.478429,1898.899000,-0.579429,00:31:38.899,6628317398
1900.492138,1899.933000,-0.559138,00:31:39.933,6629109284
1901.505182,1900.933000,-0.572182,00:31:40.933,6629880715
1902.517257,1901.933000,-0.584257,00:31:41.933,6630640539
1903.531173,1902.966000,-0.565173,00:31:42.966,6631463984
1904.543897,1903.966000,-0.577897,00:31:43.966,6632213081
1905.556110,1904.999000,-0.557110,00:31:44.999,6632955389
1906.569309,1905.999000,-0.570309,00:31:45.999,6633763702
1907.584930,1906.999000,-0.585930,00:31:46.999,6634544649
1908.595371,1908.033000,-0.562371,00:31:48.033,6635378697
1909.606604,1909.033000,-0.573604,00:31:49.033,6636229396
1910.619139,1910.033000,-0.586139,00:31:50.033,6637134580
1911.634026,1911.066000,-0.568026,00:31:51.066,6638146542
1912.649636,1912.066000,-0.583636,00:31:52.066,6639203985
1913.664855,1913.099000,-0.565855,00:31:53.099,6640326282
1914.681527,1914.099000,-0.582527,00:31:54.099,6641491877
1915.683079,1915.099000,-0.584079,00:31:55.099,6642578302
1916.685271,1916.099000,-0.586271,00:31:56.099,6643719257
1917.696480,1917.133000,-0.563480,00:31:57.133,6644951322
1918.711518,1918.133000,-0.578518,00:31:58.133,6646059641
1919.725448,1919.166000,-0.559448,00:31:59.166,6647243390
1920.738537,1920.166000,-0.572537,00:32:00.166,6648330661
1921.753942,1921.166000,-0.587942,00:32:01.166,6649478815
1922.769243,1922.199000,-0.570243,00:32:02.199,6650668725
1923.785241,1923.199000,-0.586241,00:32:03.199,6651739623
1924.787802,1924.199000,-0.588802,00:32:04.199,6652882153
1925.803271,1925.233000,-0.570271,00:32:05.233,6654039075
1926.807673,1926.233000,-0.574673,00:32:06.233,6655192053
1927.816829,1927.233000,-0.583829,00:32:07.233,6656308652
1928.822352,1928.233000,-0.589352,00:32:08.233,6657373061
1929.828274,1929.266000,-0.562274,00:32:09.266,6658480696
1930.833265,1930.266000,-0.567265,00:32:10.266,6659467814
1931.846241,1931.266000,-0.580241,00:32:11.266,6660425984
1932.847684,1932.266000,-0.581684,00:32:12.266,6661369832
1933.848997,1933.266000,-0.582997,00:32:13.266,6662248511
1934.851387,1934.266000,-0.585387,00:32:14.266,6663129141
1935.853451,1935.266000,-0.587451,00:32:15.266,6664019759
1936.861304,1936.299000,-0.562304,00:32:16.299,6664927503
1937.868250,1937.299000,-0.569250,00:32:17.299,6665799626
1938.874985,1938.299000,-0.575985,00:32:18.299,6666699949
1939.879357,1939.299000,-0.580357,00:32:19.299,6667664764
1940.887992,1940.299000,-0.588992,00:32:20.299,6668599341
1941.890887,1941.333000,-0.557887,00:32:21.333,6669549624
1942.898871,1942.333000,-0.565871,00:32:22.333,6670432642
1943.908282,1943.333000,-0.575282,00:32:23.333,6671284365
1944.914306,1944.333000,-0.581306,00:32:24.333,6672146902
1945.924767,1945.366000,-0.558767,00:32:25.366,6673041937
1946.936599,1946.366000,-0.570599,00:32:26.366,6673897228
1947.947682,1947.366000,-0.581682,00:32:27.366,6674807177
1948.953164,1948.366000,-0.587164,00:32:28.366,6675650037
1949.958960,1949.399000,-0.559960,00:32:29.399,6676534806
1950.962971,1950.399000,-0.563971,00:32:30.399,6677403104
1951.967652,1951.399000,-0.568652,00:32:31.399,6678313649
1952.972857,1952.399000,-0.573857,00:32:32.399,6679224199
1953.981003,1953.399000,-0.582003,00:32:33.399,6680154111
1954.984581,1954.399000,-0.585581,00:32:34.399,6681136926
1955.987554,1955.399000,-0.588554,00:32:35.399,6682129849
1956.991967,1956.433000,-0.558967,00:32:36.433,6683119554
1957.995505,1957.433000,-0.562505,00:32:37.433,6684072592
1958.997743,1958.433000,-0.564743,00:32:38.433,6684985521
1960.001097,1959.433000,-0.568097,00:32:39.433,6685897740
1961.004451,1960.433000,-0.571451,00:32:40.433,6686753607
1962.019808,1961.433000,-0.586808,00:32:41.433,6687589927
1963.021464,1962.466000,-0.555464,00:32:42.466,6688432096
1964.023059,1963.466000,-0.557059,00:32:43.466,6689309838
1965.024469,1964.466000,-0.558469,00:32:44.466,6690122881
1966.025754,1965.466000,-0.559754,00:32:45.466,6690950852
1967.039406,1966.466000,-0.573406,00:32:46.466,6691744550
1968.041002,1967.466000,-0.575002,00:32:47.466,6692627507
1969.056375,1968.499000,-0.557375,00:32:48.499,6693507132
1970.071889,1969.499000,-0.572889,00:32:49.499,6694362135
1971.086644,1970.499000,-0.587644,00:32:50.499,6695239974
1972.089550,1971.533000,-0.556550,00:32:51.533,6696209753
1973.103295,1972.533000,-0.570295,00:32:52.533,6697159393
1974.104531,1973.533000,-0.571531,00:32:53.533,6698057993
1975.120096,1974.533000,-0.587096,00:32:54.533,6698919641
1976.124094,1975.566000,-0.558094,00:32:55.566,6699820510
1977.136551,1976.566000,-0.570551,00:32:56.566,6700692476
1978.152931,1977.566000,-0.586931,00:32:57.566,6701519433
1979.166600,1978.599000,-0.567600,00:32:58.599,6702410719
1980.182097,1979.599000,-0.583097,00:32:59.599,6703286936
1981.182933,1980.599000,-0.583933,00:33:00.599,6704225640
1982.196858,1981.633000,-0.563858,00:33:01.633,6705161592
1983.209039,1982.633000,-0.576039,00:33:02.633,6706049275
1984.223043,1983.666000,-0.557043,00:33:03.666,6706925671
1985.238815,1984.666000,-0.572815,00:33:04.666,6707754422
1986.254008,1985.699000,-0.555008,00:33:05.699,6708639616
1987.270339,1986.699000,-0.571339,00:33:06.699,6709444453
1988.286653,1987.699000,-0.587653,00:33:07.699,6710292227
1989.293321,1988.733000,-0.560321,00:33:08.733,6711243849
1990.307685,1989.733000,-0.574685,00:33:09.733,6712115757
1991.322279,1990.733000,-0.589279,00:33:10.733,6713007783
1992.323434,1991.766000,-0.557434,00:33:11.766,6713905257
1993.325694,1992.766000,-0.559694,00:33:12.766,6714809897
1994.339813,1993.766000,-0.573813,00:33:13.766,6715720962
1995.342421,1994.766000,-0.576421,00:33:14.766,6716573395
1996.347739,1995.766000,-0.581739,00:33:15.766,6717470902
1997.351527,1996.766000,-0.585527,00:33:16.766,6718394530
1998.359227,1997.799000,-0.560227,00:33:17.799,6719280359
1999.366569,1998.799000,-0.567569,00:33:18.799,6720158606
2000.369217,1999.799000,-0.570217,00:33:19.799,6721068395
2001.385831,2000.799000,-0.586831,00:33:20.799,6721944774
2002.390940,2001.833000,-0.557940,00:33:21.833,6722815178
2003.397352,2002.833000,-0.564352,00:33:22.833,6723638543
2004.401286,2003.833000,-0.568286,00:33:23.833,6724464348
2005.407748,2004.833000,-0.574748,00:33:24.833,6725299607
2006.414725,2005.833000,-0.581725,00:33:25.833,6726180553
2007.422793,2006.866000,-0.556793,00:33:26.866,6727062090
2008.427774,2007.866000,-0.561774,00:33:27.866,6727943787
2009.431900,2008.866000,-0.565900,00:33:28.866,6728798658
2010.437401,2009.866000,-0.571401,00:33:29.866,6729690815
2011.445651,2010.866000,-0.579651,00:33:30.866,6730589319
2012.451064,2011.866000,-0.585064,00:33:31.866,6731496549
2013.458432,2012.899000,-0.559432,00:33:32.899,6732361527
2014.466028,2013.899000,-0.567028,00:33:33.899,6733234480
2015.472106,2014.899000,-0.573106,00:33:34.899,6734035037
2016.474792,2015.899000,-0.575792,00:33:35.899,6734814553
2017.481947,2016.899000,-0.582947,00:33:36.899,6735634869
2018.487443,2017.933000,-0.554443,00:33:37.933,6736520762
2019.490629,2018.933000,-0.557629,00:33:38.933,6737380311
2020.498606,2019.933000,-0.565606,00:33:39.933,6738201552
2021.503755,2020.933000,-0.570755,00:33:40.933,6739033968
2022.507887,2021.933000,-0.574887,00:33:41.933,6739927227
2023.513741,2022.933000,-0.580741,00:33:42.933,6740806511
2024.518817,2023.933000,-0.585817,00:33:43.933,6741704843
2025.526364,2024.966000,-0.560364,00:33:44.966,6742656117
2026.528883,2025.966000,-0.562883,00:33:45.966,6743558387
2027.532214,2026.966000,-0.566214,00:33:46.966,6744408746
2028.536237,2027.966000,-0.570237,00:33:47.966,6745215534
2029.538403,2028.966000,-0.572403,00:33:48.966,6746010696
2030.542393,2029.966000,-0.576393,00:33:49.966,6746799138
2031.559010,2030.999000,-0.560010,00:33:50.999,6747665303
2032.563716,2031.999000,-0.564716,00:33:51.999,6748503877
2033.571229,2032.999000,-0.572229,00:33:52.999,6749354446
2034.578139,2033.999000,-0.579139,00:33:53.999,6750213329
2035.579300,2034.999000,-0.580300,00:33:54.999,6751067658
2036.586641,2035.999000,-0.587641,00:33:55.999,6751934670
2037.601864,2037.033000,-0.568864,00:33:57.033,6752813519
2038.606749,2038.033000,-0.573749,00:33:58.033,6753614152
2039.609765,2039.033000,-0.576765,00:33:59.033,6754443106
2040.614369,2040.033000,-0.581369,00:34:00.033,6755218943
2041.619747,2041.033000,-0.586747,00:34:01.033,6755988551
2042.621207,2042.033000,-0.588207,00:34:02.033,6756764482
2043.635672,2043.066000,-0.569672,00:34:03.066,6757601027
2044.637544,2044.066000,-0.571544,00:34:04.066,6758409552
2045.640225,2045.066000,-0.574225,00:34:05.066,6759242084
2046.643701,2046.066000,-0.577701,00:34:06.066,6760095142
2047.645308,2047.066000,-0.579308,00:34:07.066,6760967865
2048.657860,2048.099000,-0.558860,00:34:08.099,6761777894
2049.666426,2049.099000,-0.567426,00:34:09.099,6762548864
2050.682064,2050.099000,-0.583064,00:34:10.099,6763370676
2051.685872,2051.099000,-0.586872,00:34:11.099,6764189651
2052.690689,2052.133000,-0.557689,00:34:12.133,6764992905
2053.697941,2053.133000,-0.564941,00:34:13.133,6765788610
2054.701128,2054.133000,-0.568128,00:34:14.133,6766651534
2055.704976,2055.133000,-0.571976,00:34:15.133,6767560359
2056.709137,2056.133000,-0.576137,00:34:16.133,6768424309
2057.724935,2057.166000,-0.558935,00:34:17.166,6769281303
2058.729495,2058.166000,-0.563495,00:34:18.166,6770151210
2059.734721,2059.166000,-0.568721,00:34:19.166,6771025172
2060.737039,2060.166000,-0.571039,00:34:20.166,6771850712
2061.739915,2061.166000,-0.573915,00:34:21.166,6772682244
2062.745604,2062.166000,-0.579604,00:34:22.166,6773537194
2063.750948,2063.166000,-0.584948,00:34:23.166,6774391296
2064.758512,2064.199000,-0.559512,00:34:24.199,6775357791
2065.766262,2065.199000,-0.567262,00:34:25.199,6776281252
2066.772688,2066.199000,-0.573688,00:34:26.199,6777185670
2067.782729,2067.199000,-0.583729,00:34:27.199,6778053441
2068.797607,2068.233000,-0.564607,00:34:28.233,6778947226
2069.801321,2069.233000,-0.568321,00:34:29.233,6779845383
2070.812754,2070.233000,-0.579754,00:34:30.233,6780735890
2071.820761,2071.266000,-0.554761,00:34:31.266,6781664003
2072.833661,2072.266000,-0.567661,00:34:32.266,6782550649
2073.843606,2073.266000,-0.577606,00:34:33.266,6783315698
2074.850827,2074.266000,-0.584827,00:34:34.266,6784122819
2075.861129,2075.299000,-0.562129,00:34:35.299,6785037080
2076.868820,2076.299000,-0.569820,00:34:36.299,6785917830
2077.874621,2077.299000,-0.575621,00:34:37.299,6786802196
2078.884486,2078.299000,-0.585486,00:34:38.299,6787719234
2079.893689,2079.333000,-0.560689,00:34:39.333,6788660984
2080.902872,2080.333000,-0.569872,00:34:40.333,6789614184
2081.915446,2081.333000,-0.582446,00:34:41.333,6790498032
2082.924303,2082.366000,-0.558303,00:34:42.366,6791427811
2083.933486,2083.366000,-0.567486,00:34:43.366,6792364846
2084.941106,2084.366000,-0.575106,00:34:44.366,6793313775
2085.949953,2085.366000,-0.583953,00:34:45.366,6794227863
2086.960996,2086.399000,-0.561996,00:34:46.399,6795157673
2087.971293,2087.399000,-0.572293,00:34:47.399,6796082564
2088.980843,2088.399000,-0.581843,00:34:48.399,6796990033
2089.992691,2089.433000,-0.559691,00:34:49.433,6798000643
2090.998622,2090.433000,-0.565622,00:34:50.433,6798968720
2092.007173,2091.433000,-0.574173,00:34:51.433,6799939295
2093.016200,2092.433000,-0.583200,00:34:52.433,6800883454
2094.023425,2093.466000,-0.557425,00:34:53.466,6801817720
2095.037401,2094.466000,-0.571401,00:34:54.466,6802707799
2096.046435,2095.466000,-0.580435,00:34:55.466,6803608761
2097.049581,2096.466000,-0.583581,00:34:56.466,6804540378
2098.062029,2097.499000,-0.563029,00:34:57.499,6805588314
2099.069103,2098.499000,-0.570103,00:34:58.499,6806469630
2100.085233,2099.499000,-0.586233,00:34:59.499,6807325385
2101.092355,2100.533000,-0.559355,00:35:00.533,6808210368
2102.097761,2101.533000,-0.564761,00:35:01.533,6809079511
2103.103491,2102.533000,-0.570491,00:35:02.533,6809931759
2104.107143,2103.533000,-0.574143,00:35:03.533,6810771412
2105.116983,2104.533000,-0.583983,00:35:04.533,6811617767
2106.123418,2105.566000,-0.557418,00:35:05.566,6812610376
2107.139197,2106.566000,-0.573197,00:35:06.566,6813578085
2108.143265,2107.566000,-0.577265,00:35:07.566,6814487323
2109.148379,2108.566000,-0.582379,00:35:08.566,6815404017
2110.163291,2109.599000,-0.564291,00:35:09.599,6816388820
2111.169439,2110.599000,-0.570439,00:35:10.599,6817332254
2112.172566,2111.599000,-0.573566,00:35:11.599,6818232257
2113.188388,2112.633000,-0.555388,00:35:12.633,6819166277
2114.191234,2113.633000,-0.558234,00:35:13.633,6820152465
2115.206787,2114.633000,-0.573787,00:35:14.633,6821098769
2116.209685,2115.633000,-0.576685,00:35:15.633,6822047186
2117.215108,2116.633000,-0.582108,00:35:16.633,6823016614
2118.231208,2117.666000,-0.565208,00:35:17.666,6823965960
2119.234753,2118.666000,-0.568753,00:35:18.666,6824800785
2120.240081,2119.666000,-0.574081,00:35:19.666,6825678076
2121.243372,2120.666000,-0.577372,00:35:20.666,6826672531
2122.245104,2121.666000,-0.579104,00:35:21.666,6827669257
2123.248256,2122.666000,-0.582256,00:35:22.666,6828691707
2124.263686,2123.699000,-0.564686,00:35:23.699,6829672735
2125.264882,2124.699000,-0.565882,00:35:24.699,6830539383
2126.267197,2125.699000,-0.568197,00:35:25.699,6831414852
2127.272042,2126.699000,-0.573042,00:35:26.699,6832309228
2128.278767,2127.699000,-0.579767,00:35:27.699,6833187392
2129.283942,2128.699000,-0.584942,00:35:28.699,6834047313
2130.287973,2129.699000,-0.588973,00:35:29.699,6834946086
2131.289840,2130.733000,-0.556840,00:35:30.733,6835943931
2132.298335,2131.733000,-0.565335,00:35:31.733,6836867706
2133.304265,2132.733000,-0.571265,00:35:32.733,6837794585
2134.310886,2133.733000,-0.577886,00:35:33.733,6838720260
2135.315592,2134.733000,-0.582592,00:35:34.733,6839641583
2136.324624,2135.766000,-0.558624,00:35:35.766,6840581517
2137.329387,2136.766000,-0.563387,00:35:36.766,6841538128
2138.334451,2137.766000,-0.568451,00:35:37.766,6842567487
2139.341811,2138.766000,-0.575811,00:35:38.766,6843616922
2140.343661,2139.766000,-0.577661,00:35:39.766,6844578809
2141.352223,2140.766000,-0.586223,00:35:40.766,6845460664
2142.355953,2141.799000,-0.556953,00:35:41.799,6846390728
2143.360204,2142.799000,-0.561204,00:35:42.799,6847346483
2144.367181,2143.799000,-0.568181,00:35:43.799,6848280380
2145.369641,2144.799000,-0.570641,00:35:44.799,6849203571
2146.374558,2145.799000,-0.575558,00:35:45.799,6850113051
2147.391188,2146.833000,-0.558188,00:35:46.833,6851068698
2148.396395,2147.833000,-0.563395,00:35:47.833,6851898639
2149.403733,2148.833000,-0.570733,00:35:48.833,6852736098
2150.411017,2149.833000,-0.578017,00:35:49.833,6853615917
2151.414717,2150.833000,-0.581717,00:35:50.833,6854490146
2152.418247,2151.833000,-0.585247,00:35:51.833,6855359420
2153.422619,2152.866000,-0.556619,00:35:52.866,6856296407
2154.424394,2153.866000,-0.558394,00:35:53.866,6857184968
2155.432508,2154.866000,-0.566508,00:35:54.866,6858107842
2156.448332,2155.866000,-0.582332,00:35:55.866,6859020507
2157.454416,2156.899000,-0.555416,00:35:56.899,6859921382
2158.458048,2157.899000,-0.559048,00:35:57.899,6860782297
2159.461400,2158.899000,-0.562400,00:35:58.899,6861663604
2160.468576,2159.899000,-0.569576,00:35:59.899,6862585494
2161.472149,2160.899000,-0.573149,00:36:00.899,6863543983
2162.476307,2161.899000,-0.577307,00:36:01.899,6864490442
2163.478326,2162.899000,-0.579326,00:36:02.899,6865428960
2164.483686,2163.899000,-0.584686,00:36:03.899,6866433024
2165.501263,2164.933000,-0.568263,00:36:04.933,6867434239
2166.515068,2165.933000,-0.582068,00:36:05.933,6868381804
2167.521023,2166.966000,-0.555023,00:36:06.966,6869367585
2168.527466,2167.966000,-0.561466,00:36:07.966,6870322844
2169.543525,2168.966000,-0.577525,00:36:08.966,6871243036
2170.549563,2169.966000,-0.583563,00:36:09.966,6872185526
2171.552352,2170.966000,-0.586352,00:36:10.966,6873118344
2172.553497,2171.966000,-0.587497,00:36:11.966,6874044033
2173.566028,2172.999000,-0.567028,00:36:12.999,6874922252
2174.568787,2173.999000,-0.569787,00:36:13.999,6875778440
2175.569993,2174.999000,-0.570993,00:36:14.999,6876631277
2176.584261,2175.999000,-0.585261,00:36:15.999,6877501337
2177.597125,2177.033000,-0.564125,00:36:17.033,6878457630
2178.598382,2178.033000,-0.565382,00:36:18.033,6879415280
2179.609338,2179.033000,-0.576338,00:36:19.033,6880365941
2180.623572,2180.066000,-0.557572,00:36:20.066,6881329864
2181.624948,2181.066000,-0.558948,00:36:21.066,6882337434
2182.641244,2182.066000,-0.575244,00:36:22.066,6883326677
2183.646082,2183.066000,-0.580082,00:36:23.066,6884308943
2184.647339,2184.066000,-0.581339,00:36:24.066,6885253996
2185.649255,2185.066000,-0.583255,00:36:25.066,6886208925
2186.655739,2186.099000,-0.556739,00:36:26.099,6887211596
2187.659339,2187.099000,-0.560339,00:36:27.099,6888158357
2188.662716,2188.099000,-0.563716,00:36:28.099,6889048283
2189.664329,2189.099000,-0.565329,00:36:29.099,6889967948
2190.679474,2190.099000,-0.580474,00:36:30.099,6890808090
2191.681280,2191.099000,-0.582280,00:36:31.099,6891673318
2192.682369,2192.099000,-0.583369,00:36:32.099,6892612152
2193.685175,2193.099000,-0.586175,00:36:33.099,6893544176
2194.688664,2194.099000,-0.589664,00:36:34.099,6894435759
2195.693480,2195.133000,-0.560480,00:36:35.133,6895296361
2196.706986,2196.133000,-0.573986,00:36:36.133,6896134183
2197.721019,2197.133000,-0.588019,00:36:37.133,6897052419
2198.732068,2198.166000,-0.566068,00:36:38.166,6897977964
2199.743979,2199.166000,-0.577979,00:36:39.166,6898935779
2200.748992,2200.166000,-0.582992,00:36:40.166,6899907719
2201.752172,2201.166000,-0.586172,00:36:41.166,6900944395
2202.753894,2202.166000,-0.587894,00:36:42.166,6902090491
2203.767883,2203.199000,-0.568883,00:36:43.199,6903279545
2204.783003,2204.199000,-0.584003,00:36:44.199,6904431897
2205.797207,2205.233000,-0.564207,00:36:45.233,6905666041
2206.800726,2206.233000,-0.567726,00:36:46.233,6906825969
2207.803984,2207.233000,-0.570984,00:36:47.233,6907973514
2208.811790,2208.233000,-0.578790,00:36:48.233,6909134079
2209.826699,2209.266000,-0.560699,00:36:49.266,6910309132
2210.842400,2210.266000,-0.576400,00:36:50.266,6911391962
2211.847293,2211.266000,-0.581293,00:36:51.266,6912419524
2212.853921,2212.266000,-0.587921,00:36:52.266,6913379758
2213.866706,2213.299000,-0.567706,00:36:53.299,6914363958
2214.881677,2214.299000,-0.582677,00:36:54.299,6915357002
2215.885890,2215.299000,-0.586890,00:36:55.299,6916286351
2216.900229,2216.333000,-0.567229,00:36:56.333,6917180357
2217.915961,2217.333000,-0.582961,00:36:57.333,6918007152
2218.917295,2218.333000,-0.584295,00:36:58.333,6918851552
2219.930564,2219.366000,-0.564564,00:36:59.366,6919737124
2220.946144,2220.366000,-0.580144,00:37:00.366,6920575036
2221.949182,2221.366000,-0.583182,00:37:01.366,6921384098
2222.953042,2222.366000,-0.587042,00:37:02.366,6922273083
2223.969102,2223.399000,-0.570102,00:37:03.399,6923177829
2224.984628,2224.399000,-0.585628,00:37:04.399,6924028991
2225.989980,2225.433000,-0.556980,00:37:05.433,6924886411
2226.991275,2226.433000,-0.558275,00:37:06.433,6925708954
2227.997329,2227.433000,-0.564329,00:37:07.433,6926526072
2229.010956,2228.433000,-0.577956,00:37:08.433,6927341916
2230.026818,2229.466000,-0.560818,00:37:09.466,6928216005
2231.030287,2230.466000,-0.564287,00:37:10.466,6929158056
2232.045815,2231.466000,-0.579815,00:37:11.466,6930111417
2233.047216,2232.466000,-0.581216,00:37:12.466,6931024749
2234.063374,2233.499000,-0.564374,00:37:13.499,6932003265
2235.076032,2234.499000,-0.577032,00:37:14.499,6932901586
2236.077274,2235.499000,-0.578274,00:37:15.499,6933743040
2237.090449,2236.533000,-0.557449,00:37:16.533,6934601106
2238.105623,2237.533000,-0.572623,00:37:17.533,6935443991
2239.119294,2238.533000,-0.586294,00:37:18.533,6936349882
2240.135216,2239.566000,-0.569216,00:37:19.566,6937273305
2241.147288,2240.566000,-0.581288,00:37:20.566,6938170444
2242.148838,2241.566000,-0.582838,00:37:21.566,6939086465
2243.163155,2242.599000,-0.564155,00:37:22.599,6940137531
2244.164430,2243.599000,-0.565430,00:37:23.599,6941152592
2245.174948,2244.599000,-0.575948,00:37:24.599,6942111555
2246.178607,2245.599000,-0.579607,00:37:25.599,6942966183
2247.179771,2246.599000,-0.580771,00:37:26.599,6943794709
2248.191765,2247.633000,-0.558765,00:37:27.633,6944694976
2249.195562,2248.633000,-0.562562,00:37:28.633,6945330427
2250.200623,2249.633000,-0.567623,00:37:29.633,6946042425
2251.202886,2250.633000,-0.569886,00:37:30.633,6946797091
2252.218335,2251.633000,-0.585335,00:37:31.633,6947565448
2253.221976,2252.666000,-0.555976,00:37:32.666,6948435517
2254.235311,2253.666000,-0.569311,00:37:33.666,6949283093
2255.238358,2254.666000,-0.572358,00:37:34.666,6950113085
2256.243180,2255.666000,-0.577180,00:37:35.666,6950974733
2257.244498,2256.666000,-0.578498,00:37:36.666,6951808208
2258.256972,2257.699000,-0.557972,00:37:37.699,6952713808
2259.264060,2258.699000,-0.565060,00:37:38.699,6953591084
2260.266842,2259.699000,-0.567842,00:37:39.699,6954454730
2261.282548,2260.699000,-0.583548,00:37:40.699,6955333493
2262.287425,2261.699000,-0.588425,00:37:41.699,6956102630
2263.304080,2262.733000,-0.571080,00:37:42.733,6956895662
2264.312492,2263.733000,-0.579492,00:37:43.733,6957799787
2265.327840,2264.766000,-0.561840,00:37:44.766,6958664958
2266.329939,2265.766000,-0.563939,00:37:45.766,6959422548
2267.333814,2266.766000,-0.567814,00:37:46.766,6960294864
2268.336152,2267.766000,-0.570152,00:37:47.766,6961026814
2269.341245,2268.766000,-0.575245,00:37:48.766,6961846435
2270.343107,2269.766000,-0.577107,00:37:49.766,6962663816
2271.349953,2270.766000,-0.583953,00:37:50.766,6963510586
2272.355994,2271.799000,-0.556994,00:37:51.799,6964344898
2273.363344,2272.799000,-0.564344,00:37:52.799,6965122333
2274.368159,2273.799000,-0.569159,00:37:53.799,6965964437
2275.373646,2274.799000,-0.574646,00:37:54.799,6966768607
2276.379701,2275.799000,-0.580701,00:37:55.799,6967625239
2277.383124,2276.799000,-0.584124,00:37:56.799,6968509840
2278.397912,2277.833000,-0.564912,00:37:57.833,6969408156
2279.407170,2278.833000,-0.574170,00:37:58.833,6970211389
2280.413262,2279.833000,-0.580262,00:37:59.833,6971103176
2281.419386,2280.833000,-0.586386,00:38:00.833,6972054746
2282.423006,2281.866000,-0.557006,00:38:01.866,6972899025
2283.429575,2282.866000,-0.563575,00:38:02.866,6973817836
2284.439664,2283.866000,-0.573664,00:38:03.866,6974688888
2285.446923,2284.866000,-0.580923,00:38:04.866,6975589530
2286.451565,2285.866000,-0.585565,00:38:05.866,6976487595
2287.456787,2286.899000,-0.557787,00:38:06.899,6977389240
2288.465364,2287.899000,-0.566364,00:38:07.899,6978340309
2289.472818,2288.899000,-0.573818,00:38:08.899,6979403599
2290.479551,2289.899000,-0.580551,00:38:09.899,6980388532
2291.487313,2290.899000,-0.588313,00:38:10.899,6981353783
2292.493044,2291.933000,-0.560044,00:38:11.933,6982260750
2293.496548,2292.933000,-0.563548,00:38:12.933,6983181595
2294.502041,2293.933000,-0.569041,00:38:13.933,6984077548
2295.506020,2294.933000,-0.573020,00:38:14.933,6985000831
2296.515498,2295.933000,-0.582498,00:38:15.933,6985950960
2297.530077,2296.966000,-0.564077,00:38:16.966,6987181928
2298.545912,2297.966000,-0.579912,00:38:17.966,6988044025
2299.555278,2298.999000,-0.556278,00:38:18.999,6989027812
2300.566121,2299.999000,-0.567121,00:38:19.999,6989935297
2301.570322,2300.999000,-0.571322,00:38:20.999,6990898238
2302.573091,2301.999000,-0.574091,00:38:21.999,6991860858
2303.586372,2303.033000,-0.553372,00:38:23.033,6992882741
2304.599595,2304.033000,-0.566595,00:38:24.033,6993728106
2305.615037,2305.033000,-0.582037,00:38:25.033,6994472309
2306.623281,2306.066000,-0.557281,00:38:26.066,6995385150
2307.639124,2307.066000,-0.573124,00:38:27.066,6996129043
2308.652246,2308.066000,-0.586246,00:38:28.066,6996891533
2309.659115,2309.099000,-0.560115,00:38:29.099,6997715879
2310.661204,2310.099000,-0.562204,00:38:30.099,6998504953
2311.669524,2311.099000,-0.570524,00:38:31.099,6999220804
2312.673107,2312.099000,-0.574107,00:38:32.099,7000064940
2313.677426,2313.099000,-0.578426,00:38:33.099,7000925102
2314.680967,2314.099000,-0.581967,00:38:34.099,7001827989
2315.686799,2315.099000,-0.587799,00:38:35.099,7002620771
2316.692323,2316.133000,-0.559323,00:38:36.133,7003462072
2317.697330,2317.133000,-0.564330,00:38:37.133,7004271560
2318.701859,2318.133000,-0.568859,00:38:38.133,7005041076
2319.704247,2319.133000,-0.571247,00:38:39.133,7005745284
2320.711179,2320.133000,-0.578179,00:38:40.133,7006488420
2321.716315,2321.133000,-0.583315,00:38:41.133,7007199737
2322.727311,2322.166000,-0.561311,00:38:42.166,7007958264
2323.733922,2323.166000,-0.567922,00:38:43.166,7008701064
2324.738657,2324.166000,-0.572657,00:38:44.166,7009427325
2325.744020,2325.166000,-0.578020,00:38:45.166,7010121558
2326.749868,2326.166000,-0.583868,00:38:46.166,7010995017
2327.753918,2327.166000,-0.587918,00:38:47.166,7011811509
2328.769750,2328.199000,-0.570750,00:38:48.199,7012622131
2329.770989,2329.199000,-0.571989,00:38:49.199,7013483112
2330.779115,2330.199000,-0.580115,00:38:50.199,7014236036
2331.786284,2331.199000,-0.587284,00:38:51.199,7014928036
2332.794215,2332.233000,-0.561215,00:38:52.233,7015730102
2333.802229,2333.233000,-0.569229,00:38:53.233,7016486250
2334.808601,2334.233000,-0.575601,00:38:54.233,7017254268
2335.820141,2335.266000,-0.554141,00:38:55.266,7018042066
2336.829712,2336.266000,-0.563712,00:38:56.266,7018846829
2337.832262,2337.266000,-0.566262,00:38:57.266,7019593459
2338.835408,2338.266000,-0.569408,00:38:58.266,7020340709
2339.842878,2339.266000,-0.576878,00:38:59.266,7021142935
2340.849003,2340.266000,-0.583003,00:39:00.266,7021925626
2341.855443,2341.266000,-0.589443,00:39:01.266,7022659325
2342.865620,2342.299000,-0.566620,00:39:02.299,7023399666
2343.869456,2343.299000,-0.570456,00:39:03.299,7024153996
2344.878869,2344.299000,-0.579869,00:39:04.299,7024791879
2345.894288,2345.333000,-0.561288,00:39:05.333,7025544802
2346.911205,2346.333000,-0.578205,00:39:06.333,7026390321
2347.916813,2347.333000,-0.583813,00:39:07.333,7027354002
2348.921369,2348.366000,-0.555369,00:39:08.366,7028126805
2349.926148,2349.366000,-0.560148,00:39:09.366,7028757500
2350.937045,2350.366000,-0.571045,00:39:10.366,7029483843
2351.947139,2351.366000,-0.581139,00:39:11.366,7030172152
2352.955314,2352.366000,-0.589314,00:39:12.366,7030869601
2353.961539,2353.399000,-0.562539,00:39:13.399,7031658769
2354.965884,2354.399000,-0.566884,00:39:14.399,7032357105
2355.980981,2355.399000,-0.581981,00:39:15.399,7033126725
2356.984056,2356.399000,-0.585056,00:39:16.399,7033894051
2357.989234,2357.433000,-0.556234,00:39:17.433,7034764312
2358.996218,2358.433000,-0.563218,00:39:18.433,7035467949
2359.998632,2359.433000,-0.565632,00:39:19.433,7036283333
2361.008266,2360.433000,-0.575266,00:39:20.433,7037146445
2362.009621,2361.433000,-0.576621,00:39:21.433,7037915869
2363.015119,2362.433000,-0.582119,00:39:22.433,7038776708
2364.024988,2363.466000,-0.558988,00:39:23.466,7039668731
2365.027984,2364.466000,-0.561984,00:39:24.466,7040483858
2366.030831,2365.466000,-0.564831,00:39:25.466,7041387297
2367.033086,2366.466000,-0.567086,00:39:26.466,7042202382
2368.045043,2367.466000,-0.579043,00:39:27.466,7043169094
2369.048247,2368.466000,-0.582247,00:39:28.466,7044063059
2370.062068,2369.499000,-0.563068,00:39:29.499,7044984463
2371.075956,2370.499000,-0.576956,00:39:30.499,7045864464
2372.090867,2371.533000,-0.557867,00:39:31.533,7046700463
2373.092797,2372.533000,-0.559797,00:39:32.533,7047508543
2374.096000,2373.533000,-0.563000,00:39:33.533,7048269980
2375.108645,2374.533000,-0.575645,00:39:34.533,7048993437
2376.113164,2375.533000,-0.580164,00:39:35.533,7049811483
2377.122233,2376.566000,-0.556233,00:39:36.566,7050593871
2378.127075,2377.566000,-0.561075,00:39:37.566,7051368185
2379.142815,2378.566000,-0.576815,00:39:38.566,7052084586
2380.149374,2379.566000,-0.583374,00:39:39.566,7052795534
2381.155156,2380.599000,-0.556156,00:39:40.599,7053551683
2382.160992,2381.599000,-0.561992,00:39:41.599,7054266680
2383.165368,2382.599000,-0.566368,00:39:42.599,7054947851
2384.171953,2383.599000,-0.572953,00:39:43.599,7055725714
2385.187001,2384.633000,-0.554001,00:39:44.633,7056503062
2386.193774,2385.633000,-0.560774,00:39:45.633,7057224504
2387.194986,2386.633000,-0.561986,00:39:46.633,7058041876
2388.199684,2387.633000,-0.566684,00:39:47.633,7058859774
2389.214179,2388.633000,-0.581179,00:39:48.633,7059745358
2390.216164,2389.633000,-0.583164,00:39:49.633,7060560791
2391.225073,2390.666000,-0.559073,00:39:50.666,7061402944
2392.228736,2391.666000,-0.562736,00:39:51.666,7062222270
2393.236893,2392.666000,-0.570893,00:39:52.666,7063074206
2394.238899,2393.666000,-0.572899,00:39:53.666,7063892219
2395.246856,2394.666000,-0.580856,00:39:54.666,7064724614
2396.249437,2395.666000,-0.583437,00:39:55.666,7065525515
2397.252451,2396.666000,-0.586451,00:39:56.666,7066323727
2398.255854,2397.699000,-0.556854,00:39:57.699,7067180071
2399.257497,2398.699000,-0.558497,00:39:58.699,7067970935
2400.265250,2399.699000,-0.566250,00:39:59.699,7068729590
2401.274183,2400.699000,-0.575183,00:40:00.699,7069504045
2402.281081,2401.699000,-0.582081,00:40:01.699,7070308540
2403.287804,2402.699000,-0.588804,00:40:02.699,7071080595
2404.299970,2403.733000,-0.566970,00:40:03.733,7071912756
2405.310953,2404.733000,-0.577953,00:40:04.733,7072707765
2406.313187,2405.733000,-0.580187,00:40:05.733,7073569450
2407.320339,2406.733000,-0.587339,00:40:06.733,7074316418
2408.328619,2407.766000,-0.562619,00:40:07.766,7075137052
2409.331907,2408.766000,-0.565907,00:40:08.766,7075861162
2410.339373,2409.766000,-0.573373,00:40:09.766,7076676684
2411.345118,2410.766000,-0.579118,00:40:10.766,7077477604
2412.351309,2411.766000,-0.585309,00:40:11.766,7078269573
2413.358412,2412.799000,-0.559412,00:40:12.799,7079085392
2414.361032,2413.799000,-0.562032,00:40:13.799,7079934075
2415.367704,2414.799000,-0.568704,00:40:14.799,7080756211
2416.375132,2415.799000,-0.576132,00:40:15.799,7081645379
2417.378547,2416.799000,-0.579547,00:40:16.799,7082492997
2418.383310,2417.799000,-0.584310,00:40:17.799,7083305410
2419.389389,2418.833000,-0.556389,00:40:18.833,7084119712
2420.404176,2419.833000,-0.571176,00:40:19.833,7084825707
2421.407815,2420.833000,-0.574815,00:40:20.833,7085618810
2422.409418,2421.833000,-0.576418,00:40:21.833,7086424806
2423.412953,2422.833000,-0.579953,00:40:22.833,7087135843
2424.419650,2423.833000,-0.586650,00:40:23.833,7087884098
2425.434534,2424.866000,-0.568534,00:40:24.866,7088705764
2426.437275,2425.866000,-0.571275,00:40:25.866,7089527227
2427.439262,2426.866000,-0.573262,00:40:26.866,7090392517
2428.452240,2427.866000,-0.586240,00:40:27.866,7091259754
2429.454295,2428.899000,-0.555295,00:40:28.899,7092178859
2430.470126,2429.899000,-0.571126,00:40:29.899,7092968904
2431.474051,2430.899000,-0.575051,00:40:30.899,7093795631
2432.487080,2431.899000,-0.588080,00:40:31.899,7094575111
2433.503241,2432.933000,-0.570241,00:40:32.933,7095354181
2434.508257,2433.933000,-0.575257,00:40:33.933,7096075545
2435.513456,2434.933000,-0.580456,00:40:34.933,7096863297
2436.515289,2435.933000,-0.582289,00:40:35.933,7097574072
2437.522033,2436.966000,-0.556033,00:40:36.966,7098325704
2438.536770,2437.966000,-0.570770,00:40:37.966,7099090688
2439.538397,2438.966000,-0.572397,00:40:38.966,7099965690
2440.554938,2439.966000,-0.588938,00:40:39.966,7100837853
2441.558711,2440.999000,-0.559711,00:40:40.999,7101652274
2442.572902,2441.999000,-0.573902,00:40:41.999,7102400202
2443.586938,2442.999000,-0.587938,00:40:42.999,7103180546
2444.593670,2444.033000,-0.560670,00:40:44.033,7103968501
2445.601440,2445.033000,-0.568440,00:40:45.033,7104727477
2446.603161,2446.033000,-0.570161,00:40:46.033,7105594618
2447.611700,2447.033000,-0.578700,00:40:47.033,7106512781
2448.613095,2448.033000,-0.580095,00:40:48.033,7107288137
2449.617022,2449.033000,-0.584022,00:40:49.033,7108114528
2450.621034,2450.033000,-0.588034,00:40:50.033,7108946688
2451.626870,2451.066000,-0.560870,00:40:51.066,7109744749
2452.629189,2452.066000,-0.563189,00:40:52.066,7110482791
2453.632486,2453.066000,-0.566486,00:40:53.066,7111163128
2454.638033,2454.066000,-0.572033,00:40:54.066,7111934492
2455.643727,2455.066000,-0.577727,00:40:55.066,7112795102
2456.646903,2456.066000,-0.580903,00:40:56.066,7113724617
2457.652911,2457.066000,-0.586911,00:40:57.066,7114563859
2458.655339,2458.066000,-0.589339,00:40:58.066,7115478516
2459.657944,2459.099000,-0.558944,00:40:59.099,7116404375
2460.662716,2460.099000,-0.563716,00:41:00.099,7117281901
2461.666731,2461.099000,-0.567731,00:41:01.099,7118129548
2462.668878,2462.099000,-0.569878,00:41:02.099,7119036339
2463.670254,2463.099000,-0.571254,00:41:03.099,7120008891
2464.685012,2464.099000,-0.586012,00:41:04.099,7120986433
2465.691216,2465.133000,-0.558216,00:41:05.133,7121891421
2466.693087,2466.133000,-0.560087,00:41:06.133,7122778319
2467.706899,2467.133000,-0.573899,00:41:07.133,7123721609
2468.723744,2468.166000,-0.557744,00:41:08.166,7124600696
2469.725389,2469.166000,-0.559389,00:41:09.166,7125553462
2470.727943,2470.166000,-0.561943,00:41:10.166,7126475047
2471.729285,2471.166000,-0.563285,00:41:11.166,7127396284
2472.745121,2472.166000,-0.579121,00:41:12.166,7128391312
2473.747840,2473.166000,-0.581840,00:41:13.166,7129312571
2474.764320,2474.199000,-0.565320,00:41:14.199,7130237911
2475.767651,2475.199000,-0.568651,00:41:15.199,7131178347
2476.782002,2476.199000,-0.583002,00:41:16.199,7132053465
2477.798417,2477.233000,-0.565417,00:41:17.233,7132831497
2478.812107,2478.233000,-0.579107,00:41:18.233,7133583265
2479.824370,2479.266000,-0.558370,00:41:19.266,7134370267
2480.837629,2480.266000,-0.571629,00:41:20.266,7135222175
2481.851593,2481.266000,-0.585593,00:41:21.266,7136027235
2482.866684,2482.299000,-0.567684,00:41:22.299,7136813360
2483.882239,2483.299000,-0.583239,00:41:23.299,7137536117
2484.894315,2484.333000,-0.561315,00:41:24.333,7138307164
2485.907621,2485.333000,-0.574621,00:41:25.333,7138988546
2486.921794,2486.333000,-0.588794,00:41:26.333,7139742177
2487.937569,2487.366000,-0.571569,00:41:27.366,7140507748
2488.953771,2488.366000,-0.587771,00:41:28.366,7141231469
2489.966234,2489.399000,-0.567234,00:41:29.399,7142009227
2490.982114,2490.399000,-0.583114,00:41:30.399,7142804386
2491.995126,2491.433000,-0.562126,00:41:31.433,7143633116
2493.007637,2492.433000,-0.574637,00:41:32.433,7144463004
2494.022919,2493.466000,-0.556919,00:41:33.466,7145321917
2495.026400,2494.466000,-0.560400,00:41:34.466,7146145760
2496.039167,2495.466000,-0.573167,00:41:35.466,7146963762
2497.053251,2496.466000,-0.587251,00:41:36.466,7147970979
2498.067635,2497.499000,-0.568635,00:41:37.499,7149132282
2499.081845,2498.499000,-0.582845,00:41:38.499,7150190523
2500.083985,2499.499000,-0.584985,00:41:39.499,7151217133
2501.099016,2500.533000,-0.566016,00:41:40.533,7152210692
2502.100230,2501.533000,-0.567230,00:41:41.533,7153326365
2503.114863,2502.533000,-0.581863,00:41:42.533,7154495198
2504.129784,2503.566000,-0.563784,00:41:43.566,7155520799
2505.132151,2504.566000,-0.566151,00:41:44.566,7156584582
2506.136640,2505.566000,-0.570640,00:41:45.566,7157634398
2507.138345,2506.566000,-0.572345,00:41:46.566,7158664362
2508.143369,2507.566000,-0.577369,00:41:47.566,7159671506
2509.147625,2508.566000,-0.581625,00:41:48.566,7160643334
2510.153483,2509.566000,-0.587483,00:41:49.566,7161598459
2511.156983,2510.599000,-0.557983,00:41:50.599,7162562964
2512.162218,2511.599000,-0.563218,00:41:51.599,7163475093
2513.168522,2512.599000,-0.569522,00:41:52.599,7164364052
2514.171230,2513.599000,-0.572230,00:41:53.599,7165195675
2515.184990,2514.599000,-0.585990,00:41:54.599,7166016792
2516.192882,2515.633000,-0.559882,00:41:55.633,7166763092
2517.208562,2516.633000,-0.575562,00:41:56.633,7167535132
2518.225154,2517.666000,-0.559154,00:41:57.666,7168405417
2519.226475,2518.666000,-0.560475,00:41:58.666,7169332845
2520.228446,2519.666000,-0.562446,00:41:59.666,7170106773
2521.243223,2520.666000,-0.577223,00:42:00.666,7170946972
2522.245583,2521.666000,-0.579583,00:42:01.666,7171719902
2523.261039,2522.699000,-0.562039,00:42:02.699,7172607891
2524.276493,2523.699000,-0.577493,00:42:03.699,7173342550
2525.292977,2524.733000,-0.559977,00:42:04.733,7174083262
2526.307317,2525.733000,-0.574317,00:42:05.733,7174920804
2527.322129,2526.733000,-0.589129,00:42:06.733,7175751508
2528.323359,2527.766000,-0.557359,00:42:07.766,7176569950
2529.336789,2528.766000,-0.570789,00:42:08.766,7177266112
2530.349696,2529.766000,-0.583696,00:42:09.766,7178095857
2531.364009,2530.799000,-0.565009,00:42:10.799,7179056817
2532.366706,2531.799000,-0.567706,00:42:11.799,7179865968
2533.371807,2532.799000,-0.572807,00:42:12.799,7180695766
2534.377541,2533.799000,-0.578541,00:42:13.799,7181463875
2535.393237,2534.833000,-0.560237,00:42:14.833,7182268605
2536.408538,2535.833000,-0.575538,00:42:15.833,7183068204
2537.422023,2536.866000,-0.556023,00:42:16.866,7183900861
2538.437496,2537.866000,-0.571496,00:42:17.866,7184722820
2539.440302,2538.866000,-0.574302,00:42:18.866,7185632000
2540.455648,2539.866000,-0.589648,00:42:19.866,7186478113
2541.458352,2540.899000,-0.559352,00:42:20.899,7187267582
2542.459871,2541.899000,-0.560871,00:42:21.899,7188091829
2543.463181,2542.899000,-0.564181,00:42:22.899,7188929198
2544.477652,2543.899000,-0.578652,00:42:23.899,7189740413
2545.488676,2544.899000,-0.589676,00:42:24.899,7190523703
2546.503323,2545.933000,-0.570323,00:42:25.933,7191315842
2547.516801,2546.933000,-0.583801,00:42:26.933,7192205827
2548.533172,2547.966000,-0.567172,00:42:27.966,7193072456
2549.549722,2548.966000,-0.583722,00:42:28.966,7193914564
2550.563933,2549.999000,-0.564933,00:42:29.999,7194666006
2551.566463,2550.999000,-0.567463,00:42:30.999,7195393653
2552.567628,2551.999000,-0.568628,00:42:31.999,7196248091
2553.583260,2552.999000,-0.584260,00:42:32.999,7197061401
2554.594097,2554.033000,-0.561097,00:42:34.033,7197873546
2555.607550,2555.033000,-0.574550,00:42:35.033,7198672507
2556.608952,2556.033000,-0.575952,00:42:36.033,7199620008
2557.611018,2557.033000,-0.578018,00:42:37.033,7200466530
2558.622984,2558.066000,-0.556984,00:42:38.066,7201297887
2559.637356,2559.066000,-0.571356,00:42:39.066,7202015286
2560.650745,2560.066000,-0.584745,00:42:40.066,7202833904
2561.666796,2561.099000,-0.567796,00:42:41.099,7203663440
2562.681002,2562.099000,-0.582002,00:42:42.099,7204396553
2563.683897,2563.099000,-0.584897,00:42:43.099,7205118576
2564.699281,2564.133000,-0.566281,00:42:44.133,7206012933
2565.700543,2565.133000,-0.567543,00:42:45.133,7206720332
2566.711087,2566.133000,-0.578087,00:42:46.133,7207415160
2567.725006,2567.166000,-0.559006,00:42:47.166,7208248462
2568.738960,2568.166000,-0.572960,00:42:48.166,7209090453
2569.751769,2569.166000,-0.585769,00:42:49.166,7209992164
2570.763224,2570.199000,-0.564224,00:42:50.199,7210904187
2571.776075,2571.199000,-0.577075,00:42:51.199,7211739558
2572.790277,2572.233000,-0.557277,00:42:52.233,7212632167
2573.803679,2573.233000,-0.570679,00:42:53.233,7213360100
2574.817462,2574.233000,-0.584462,00:42:54.233,7214128292
2575.819636,2575.266000,-0.553636,00:42:55.266,7214859819
2576.834894,2576.266000,-0.568894,00:42:56.266,7215591573
2577.838956,2577.266000,-0.572956,00:42:57.266,7216424650
2578.843814,2578.266000,-0.577814,00:42:58.266,7217223494
2579.859203,2579.299000,-0.560203,00:42:59.299,7218087979
2580.873838,2580.299000,-0.574838,00:43:00.299,7219001696
2581.880199,2581.299000,-0.581199,00:43:01.299,7219837275
2582.884982,2582.299000,-0.585982,00:43:02.299,7220631704
2583.890930,2583.333000,-0.557930,00:43:03.333,7221471335
2584.896333,2584.333000,-0.563333,00:43:04.333,7222223111
2585.905400,2585.333000,-0.572400,00:43:05.333,7222972043
2586.910904,2586.333000,-0.577904,00:43:06.333,7223738323
2587.924921,2587.366000,-0.558921,00:43:07.366,7224534188
2588.926577,2588.366000,-0.560577,00:43:08.366,7225325241
2589.932217,2589.366000,-0.566217,00:43:09.366,7226231311
2590.935766,2590.366000,-0.569766,00:43:10.366,7227037305
2591.939528,2591.366000,-0.573528,00:43:11.366,7227907319
2592.953284,2592.366000,-0.587284,00:43:12.366,7228744738
2593.958438,2593.399000,-0.559438,00:43:13.399,7229676986
2594.963197,2594.399000,-0.564197,00:43:14.399,7230569077
2595.977768,2595.399000,-0.578768,00:43:15.399,7231401864
2596.993067,2596.433000,-0.560067,00:43:16.433,7232298527
2597.995517,2597.433000,-0.562517,00:43:17.433,7233208549
2598.998888,2598.433000,-0.565888,00:43:18.433,7234039063
2600.004957,2599.433000,-0.571957,00:43:19.433,7234863861
2601.007783,2600.433000,-0.574783,00:43:20.433,7235643605
2602.015552,2601.433000,-0.582552,00:43:21.433,7236445395
2603.023005,2602.466000,-0.557005,00:43:22.466,7237150414
2604.032030,2603.466000,-0.566030,00:43:23.466,7237909192
2605.035523,2604.466000,-0.569523,00:43:24.466,7238605383
2606.038341,2605.466000,-0.572341,00:43:25.466,7239387570
2607.051136,2606.466000,-0.585136,00:43:26.466,7240137312
2608.057797,2607.499000,-0.558797,00:43:27.499,7240979814
2609.062409,2608.499000,-0.563409,00:43:28.499,7241716089
2610.068834,2609.499000,-0.569834,00:43:29.499,7242477062
2611.072022,2610.499000,-0.573022,00:43:30.499,7243225781
2612.074507,2611.499000,-0.575507,00:43:31.499,7244067299
2613.081300,2612.499000,-0.582300,00:43:32.499,7244901931
2614.082979,2613.499000,-0.583979,00:43:33.499,7245712697
2615.087650,2614.499000,-0.588650,00:43:34.499,7246518016
2616.103133,2615.533000,-0.570133,00:43:35.533,7247395612
2617.104489,2616.533000,-0.571489,00:43:36.533,7248160685
2618.113012,2617.533000,-0.580012,00:43:37.533,7248914970
2619.128240,2618.566000,-0.562240,00:43:38.566,7249733502
2620.132958,2619.566000,-0.566958,00:43:39.566,7250526313
2621.137838,2620.566000,-0.571838,00:43:40.566,7251319780
2622.147303,2621.566000,-0.581303,00:43:41.566,7252106669
2623.162802,2622.599000,-0.563802,00:43:42.599,7252921653
2624.177345,2623.599000,-0.578345,00:43:43.599,7253710804
2625.191929,2624.633000,-0.558929,00:43:44.633,7254542851
2626.194362,2625.633000,-0.561362,00:43:45.633,7255369944
2627.209576,2626.633000,-0.576576,00:43:46.633,7256152814
2628.224244,2627.666000,-0.558244,00:43:47.666,7257045676
2629.225500,2628.666000,-0.559500,00:43:48.666,7257836469
2630.238601,2629.666000,-0.572601,00:43:49.666,7258650225
2631.254493,2630.666000,-0.588493,00:43:50.666,7259528298
2632.255750,2631.699000,-0.556750,00:43:51.699,7260386839
2633.268441,2632.699000,-0.569441,00:43:52.699,7261227471
2634.281805,2633.699000,-0.582805,00:43:53.699,7262097635
2635.294134,2634.733000,-0.561134,00:43:54.733,7262992032
2636.308700,2635.733000,-0.575700,00:43:55.733,7263881879
2637.317392,2636.733000,-0.584392,00:43:56.733,7264794135
2638.332186,2637.766000,-0.566186,00:43:57.766,7265679828
2639.335289,2638.766000,-0.569289,00:43:58.766,7266652973
2640.347670,2639.766000,-0.581670,00:43:59.766,7267588484
2641.361317,2640.799000,-0.562317,00:44:00.799,7268545710
2642.376792,2641.799000,-0.577792,00:44:01.799,7269469577
2643.388470,2642.799000,-0.589470,00:44:02.799,7270384990
2644.391801,2643.833000,-0.558801,00:44:03.833,7271280480
2645.407637,2644.833000,-0.574637,00:44:04.833,7272165745
2646.418562,2645.833000,-0.585562,00:44:05.833,7273013547
2647.434996,2646.866000,-0.568996,00:44:06.866,7273902028
2648.449622,2647.866000,-0.583622,00:44:07.866,7274704393
2649.453803,2648.866000,-0.587803,00:44:08.866,7275482180
2650.469342,2649.899000,-0.570342,00:44:09.899,7276295725
2651.485309,2650.899000,-0.586309,00:44:10.899,7277128750
2652.486696,2651.899000,-0.587696,00:44:11.899,7277867275
2653.494009,2652.933000,-0.561009,00:44:12.933,7278636391
2654.497936,2653.933000,-0.564936,00:44:13.933,7279385917
2655.505163,2654.933000,-0.572163,00:44:14.933,7280178834
2656.507621,2655.933000,-0.574621,00:44:15.933,7280960744
2657.523763,2656.966000,-0.557763,00:44:16.966,7281735727
2658.539613,2657.966000,-0.573613,00:44:17.966,7282490067
2659.547184,2658.966000,-0.581184,00:44:18.966,7283247865
2660.555074,2659.966000,-0.589074,00:44:19.966,7283977615
2661.556297,2660.999000,-0.557297,00:44:20.999,7284745919
2662.562018,2661.999000,-0.563018,00:44:21.999,7285432939
2663.569713,2662.999000,-0.570713,00:44:22.999,7286153603
2664.574463,2663.999000,-0.575463,00:44:23.999,7286950984
2665.579121,2664.999000,-0.580121,00:44:24.999,7287653830
2666.583487,2665.999000,-0.584487,00:44:25.999,7288383689
2667.585381,2666.999000,-0.586381,00:44:26.999,7289050330
2668.591851,2668.033000,-0.558851,00:44:28.033,7289778966
2669.596328,2669.033000,-0.563328,00:44:29.033,7290461417
2670.603607,2670.033000,-0.570607,00:44:30.033,7291119129
2671.613747,2671.033000,-0.580747,00:44:31.033,7291770889
2672.618658,2672.033000,-0.585658,00:44:32.033,7292529067
2673.621287,2673.033000,-0.588287,00:44:33.033,7293290195
2674.636426,2674.066000,-0.570426,00:44:34.066,7294159027
2675.643616,2675.066000,-0.577616,00:44:35.066,7294922235
2676.649889,2676.066000,-0.583889,00:44:36.066,7295688715
2677.653467,2677.066000,-0.587467,00:44:37.066,7296479412
2678.658376,2678.099000,-0.559376,00:44:38.099,7297306238
2679.663621,2679.099000,-0.564621,00:44:39.099,7297969743
2680.671012,2680.099000,-0.572012,00:44:40.099,7298788994
2681.676444,2681.099000,-0.577444,00:44:41.099,7299484672
2682.681143,2682.099000,-0.582143,00:44:42.099,7300307689
2683.685516,2683.099000,-0.586516,00:44:43.099,7301125413
2684.701343,2684.133000,-0.568343,00:44:44.133,7301911954
2685.703073,2685.133000,-0.570073,00:44:45.133,7302694901
2686.717492,2686.133000,-0.584492,00:44:46.133,7303494346
2687.719060,2687.133000,-0.586060,00:44:47.133,7304278909
2688.721248,2688.133000,-0.588248,00:44:48.133,7305016253
2689.724230,2689.166000,-0.558230,00:44:49.166,7305844983
2690.726421,2690.166000,-0.560421,00:44:50.166,7306555965
2691.741218,2691.166000,-0.575218,00:44:51.166,7307254207
2692.755562,2692.166000,-0.589562,00:44:52.166,7308022832
2693.770365,2693.199000,-0.571365,00:44:53.199,7308732736
2694.784829,2694.199000,-0.585829,00:44:54.199,7309418289
2695.798749,2695.233000,-0.565749,00:44:55.233,7310271085
2696.802108,2696.233000,-0.569108,00:44:56.233,7311120510
2697.816347,2697.233000,-0.583347,00:44:57.233,7311988193
2698.831988,2698.266000,-0.565988,00:44:58.266,7312785816
2699.846572,2699.266000,-0.580572,00:44:59.266,7313478087
2700.848434,2700.266000,-0.582434,00:45:00.266,7314299913
2701.851151,2701.266000,-0.585151,00:45:01.266,7315084494
2702.853770,2702.266000,-0.587770,00:45:02.266,7315904632
2703.865899,2703.299000,-0.566899,00:45:03.299,7316722214
2704.870085,2704.299000,-0.571085,00:45:04.299,7317532643
2705.882955,2705.299000,-0.583955,00:45:05.299,7318354967
2706.896464,2706.333000,-0.563464,00:45:06.333,7319247160
2707.898685,2707.333000,-0.565685,00:45:07.333,7320088759
2708.904602,2708.333000,-0.571602,00:45:08.333,7320898476
2709.918134,2709.333000,-0.585134,00:45:09.333,7321723814
2710.921075,2710.333000,-0.588075,00:45:10.333,7322623059
2711.936330,2711.366000,-0.570330,00:45:11.366,7323462535
2712.941289,2712.366000,-0.575289,00:45:12.366,7324378009
2713.952771,2713.366000,-0.586771,00:45:13.366,7325250117
2714.956866,2714.399000,-0.557866,00:45:14.399,7326210492
2715.961311,2715.399000,-0.562311,00:45:15.399,7327095116
2716.964284,2716.399000,-0.565284,00:45:16.399,7327923124
2717.972837,2717.399000,-0.573837,00:45:17.399,7328760414
2718.979218,2718.399000,-0.580218,00:45:18.399,7329673048
2719.994039,2719.433000,-0.561039,00:45:19.433,7330522086
2720.998493,2720.433000,-0.565493,00:45:20.433,7331326629
2722.003346,2721.433000,-0.570346,00:45:21.433,7332176869
2723.008869,2722.433000,-0.575869,00:45:22.433,7333127905
2724.024482,2723.466000,-0.558482,00:45:23.466,7334014695
2725.034618,2724.466000,-0.568618,00:45:24.466,7334844231
2726.042675,2725.466000,-0.576675,00:45:25.466,7335685579
2727.049771,2726.466000,-0.583771,00:45:26.466,7336530062
2728.057740,2727.499000,-0.558740,00:45:27.499,7337384805
2729.064411,2728.499000,-0.565411,00:45:28.499,7338189965
2730.073584,2729.499000,-0.574584,00:45:29.499,7339051820
2731.081051,2730.499000,-0.582051,00:45:30.499,7339994391
2732.091822,2731.533000,-0.558822,00:45:31.533,7340864874
2733.101327,2732.533000,-0.568327,00:45:32.533,7341722966
2734.108835,2733.533000,-0.575835,00:45:33.533,7342604299
2735.110256,2734.533000,-0.577256,00:45:34.533,7343394223
2736.116586,2735.533000,-0.583586,00:45:35.533,7344155017
2737.123512,2736.566000,-0.557512,00:45:36.566,7344982266
2738.132358,2737.566000,-0.566358,00:45:37.566,7345725479
2739.144424,2738.566000,-0.578424,00:45:38.566,7346549387
2740.156606,2739.566000,-0.590606,00:45:39.566,7347243660
2741.167359,2740.599000,-0.568359,00:45:40.599,7348062378
2742.178270,2741.599000,-0.579270,00:45:41.599,7348807474
2743.187539,2742.599000,-0.588539,00:45:42.599,7349656084
2744.193449,2743.633000,-0.560449,00:45:43.633,7350502883
2745.205069,2744.633000,-0.572069,00:45:44.633,7351279307
2746.208465,2745.633000,-0.575465,00:45:45.633,7352132228
2747.220042,2746.633000,-0.587042,00:45:46.633,7352999542
2748.228577,2747.666000,-0.562577,00:45:47.666,7353896150
2749.239972,2748.666000,-0.573972,00:45:48.666,7354776079
2750.241133,2749.666000,-0.575133,00:45:49.666,7355716797
2751.248425,2750.666000,-0.582425,00:45:50.666,7356723047
2752.254084,2751.666000,-0.588084,00:45:51.666,7357683887
2753.260459,2752.699000,-0.561459,00:45:52.699,7358674640
2754.271034,2753.699000,-0.572034,00:45:53.699,7359698951
2755.273761,2754.699000,-0.574761,00:45:54.699,7360763156
2756.281048,2755.699000,-0.582048,00:45:55.699,7361849876
2757.285008,2756.699000,-0.586008,00:45:56.699,7362921163
2758.289858,2757.733000,-0.556858,00:45:57.733,7364040926
2759.298047,2758.733000,-0.565047,00:45:58.733,7365200384
2760.303820,2759.733000,-0.570820,00:45:59.733,7366328035
2761.318231,2760.733000,-0.585231,00:46:00.733,7367512721
2762.320662,2761.733000,-0.587662,00:46:01.733,7368628488
2763.325971,2762.766000,-0.559971,00:46:02.766,7369798727
2764.340707,2763.766000,-0.574707,00:46:03.766,7371022042
2765.348229,2764.766000,-0.582229,00:46:04.766,7372076742
2766.363778,2765.799000,-0.564778,00:46:05.799,7373166251
2767.377745,2766.799000,-0.578745,00:46:06.799,7374293468
2768.380864,2767.799000,-0.581864,00:46:07.799,7375439050
2769.386121,2768.799000,-0.587121,00:46:08.799,7376568982
2770.387934,2769.799000,-0.588934,00:46:09.799,7377710063
2771.401141,2770.833000,-0.568141,00:46:10.833,7378801242
2772.402495,2771.833000,-0.569495,00:46:11.833,7379947440
2773.414797,2772.833000,-0.581797,00:46:12.833,7381023807
2774.416177,2773.833000,-0.583177,00:46:13.833,7382082951
2775.420990,2774.833000,-0.587990,00:46:14.833,7383142485
2776.423868,2775.866000,-0.557868,00:46:15.866,7384167260
2777.439625,2776.866000,-0.573625,00:46:16.866,7385042462
2778.445814,2777.866000,-0.579814,00:46:17.866,7385851717
2779.455320,2778.866000,-0.589320,00:46:18.866,7386714453
2780.456400,2779.899000,-0.557400,00:46:19.899,7387533645
2781.470993,2780.899000,-0.571993,00:46:20.899,7388289943
2782.475841,2781.899000,-0.576841,00:46:21.899,7388979138
2783.480664,2782.899000,-0.581664,00:46:22.899,7389704238
2784.486035,2783.899000,-0.587035,00:46:23.899,7390466272
2785.487901,2784.899000,-0.588901,00:46:24.899,7391227117
2786.498932,2785.933000,-0.565932,00:46:25.933,7392031965
2787.515007,2786.933000,-0.582007,00:46:26.933,7392830407
2788.520009,2787.933000,-0.587009,00:46:27.933,7393641730
2789.526823,2788.966000,-0.560823,00:46:28.966,7394523865
2790.533824,2789.966000,-0.567824,00:46:29.966,7395374300
2791.538506,2790.966000,-0.572506,00:46:30.966,7396174797
2792.554785,2791.966000,-0.588785,00:46:31.966,7396965733
2793.562754,2792.999000,-0.563754,00:46:32.999,7397741587
2794.566543,2793.999000,-0.567543,00:46:33.999,7398500953
2795.575597,2794.999000,-0.576597,00:46:34.999,7399276114
2796.576785,2795.999000,-0.577785,00:46:35.999,7400050801
2797.592817,2797.033000,-0.559817,00:46:37.033,7400909524
2798.594603,2798.033000,-0.561603,00:46:38.033,7401637685
2799.602308,2799.033000,-0.569308,00:46:39.033,7402347274
2800.609148,2800.033000,-0.576148,00:46:40.033,7403133268
2801.616664,2801.033000,-0.583664,00:46:41.033,7403871637
2802.619593,2802.033000,-0.586593,00:46:42.033,7404564991
2803.631050,2803.066000,-0.565050,00:46:43.066,7405356499
2804.637564,2804.066000,-0.571564,00:46:44.066,7406096028
2805.644576,2805.066000,-0.578576,00:46:45.066,7406841363
2806.650749,2806.066000,-0.584749,00:46:46.066,7407676289
2807.659301,2807.099000,-0.560301,00:46:47.099,7408459705
2808.662408,2808.099000,-0.563408,00:46:48.099,7409224408
2809.671078,2809.099000,-0.572078,00:46:49.099,7410018436
2810.676405,2810.099000,-0.577405,00:46:50.099,7410760905
2811.681145,2811.099000,-0.582145,00:46:51.099,7411538365
2812.688873,2812.099000,-0.589873,00:46:52.099,7412321363
2813.696456,2813.133000,-0.563456,00:46:53.133,7413218455
2814.706843,2814.133000,-0.573843,00:46:54.133,7414069623
2815.708429,2815.133000,-0.575429,00:46:55.133,7414918923
2816.723219,2816.166000,-0.557219,00:46:56.166,7415705433
2817.725759,2817.166000,-0.559759,00:46:57.166,7416394068
2818.731079,2818.166000,-0.565079,00:46:58.166,7417113242
2819.733683,2819.166000,-0.567683,00:46:59.166,7417807953
2820.739436,2820.166000,-0.573436,00:47:00.166,7418557989
2821.745338,2821.166000,-0.579338,00:47:01.166,7419289746
2822.748983,2822.166000,-0.582983,00:47:02.166,7420149119
2823.753742,2823.166000,-0.587742,00:47:03.166,7420919625
2824.756249,2824.199000,-0.557249,00:47:04.199,7421737710
2825.771279,2825.199000,-0.572279,00:47:05.199,7422534825
2826.777605,2826.199000,-0.578605,00:47:06.199,7423384738
2827.783115,2827.199000,-0.584115,00:47:07.199,7424187878
2828.796070,2828.233000,-0.563070,00:47:08.233,7425060712
2829.812349,2829.233000,-0.579349,00:47:09.233,7425919882
2830.816334,2830.233000,-0.583334,00:47:10.233,7426802331
2831.819619,2831.266000,-0.553619,00:47:11.266,7427698531
2832.823175,2832.266000,-0.557175,00:47:12.266,7428532981
2833.825529,2833.266000,-0.559529,00:47:13.266,7429336896
2834.831388,2834.266000,-0.565388,00:47:14.266,7430152137
2835.833647,2835.266000,-0.567647,00:47:15.266,7431023514
2836.836828,2836.266000,-0.570828,00:47:16.266,7431903425
2837.850864,2837.266000,-0.584864,00:47:17.266,7432628692
2838.852773,2838.266000,-0.586773,00:47:18.266,7433368801
2839.868416,2839.299000,-0.569416,00:47:19.299,7434168994
2840.874000,2840.299000,-0.575000,00:47:20.299,7434898993
2841.876967,2841.299000,-0.577967,00:47:21.299,7435673012
2842.882426,2842.299000,-0.583426,00:47:22.299,7436449665
2843.884702,2843.299000,-0.585702,00:47:23.299,7437250493
2844.899123,2844.333000,-0.566123,00:47:24.333,7438092486
2845.901725,2845.333000,-0.568725,00:47:25.333,7438955692
2846.914695,2846.333000,-0.581695,00:47:26.333,7439854663
2847.918672,2847.333000,-0.585672,00:47:27.333,7440721005
2848.931085,2848.366000,-0.565085,00:47:28.366,7441624032
2849.945369,2849.366000,-0.579369,00:47:29.366,7442430008
2850.961808,2850.399000,-0.562808,00:47:30.399,7443325771
2851.978186,2851.399000,-0.579186,00:47:31.399,7444082836
2852.993607,2852.433000,-0.560607,00:47:32.433,7444998987
2854.008152,2853.433000,-0.575152,00:47:33.433,7445820764
2855.022904,2854.433000,-0.589904,00:47:34.433,7446639730
2856.036217,2855.466000,-0.570217,00:47:35.466,7447545393
2857.039477,2856.466000,-0.573477,00:47:36.466,7448396842
2858.052680,2857.466000,-0.586680,00:47:37.466,7449178014
2859.064778,2858.499000,-0.565778,00:47:38.499,7449980497
2860.080664,2859.499000,-0.581664,00:47:39.499,7450817028
2861.097005,2860.533000,-0.564005,00:47:40.533,7451669490
2862.100868,2861.533000,-0.567868,00:47:41.533,7452447776
2863.117218,2862.533000,-0.584218,00:47:42.533,7453187465
2864.119431,2863.533000,-0.586431,00:47:43.533,7454066679
2865.135682,2864.566000,-0.569682,00:47:44.566,7455009796
2866.148894,2865.566000,-0.582894,00:47:45.566,7455898359
2867.154226,2866.566000,-0.588226,00:47:46.566,7456673793
2868.157295,2867.599000,-0.558295,00:47:47.599,7457490970
2869.173117,2868.599000,-0.574117,00:47:48.599,7458289898
2870.176183,2869.599000,-0.577183,00:47:49.599,7459045575
2871.184240,2870.599000,-0.585240,00:47:50.599,7459878764
2872.187825,2871.599000,-0.588825,00:47:51.599,7460729664
2873.189191,2872.633000,-0.556191,00:47:52.633,7461655873
2874.193901,2873.633000,-0.560901,00:47:53.633,7462432738
2875.207009,2874.633000,-0.574009,00:47:54.633,7463198458
2876.222020,2875.633000,-0.589020,00:47:55.633,7463982146
2877.234764,2876.666000,-0.568764,00:47:56.666,7464802673
2878.236648,2877.666000,-0.570648,00:47:57.666,7465577744
2879.251194,2878.666000,-0.585194,00:47:58.666,7466397167
2880.253557,2879.666000,-0.587557,00:47:59.666,7467263222
2881.255755,2880.699000,-0.556755,00:48:00.699,7468249551
2882.260372,2881.699000,-0.561372,00:48:01.699,7469125249
2883.277086,2882.699000,-0.578086,00:48:02.699,7470058236
2884.293094,2883.733000,-0.560094,00:48:03.733,7470956054
2885.307547,2884.733000,-0.574547,00:48:04.733,7471877529
2886.321319,2885.733000,-0.588319,00:48:05.733,7472732546
2887.336287,2886.766000,-0.570287,00:48:06.766,7473591289
2888.349256,2887.766000,-0.583256,00:48:07.766,7474411587
2889.362653,2888.799000,-0.563653,00:48:08.799,7475374655
2890.363941,2889.799000,-0.564941,00:48:09.799,7476224182
2891.375805,2890.799000,-0.576805,00:48:10.799,7476981459
2892.377428,2891.799000,-0.578428,00:48:11.799,7477716336
2893.381807,2892.799000,-0.582807,00:48:12.799,7478405591
2894.398344,2893.833000,-0.565344,00:48:13.833,7479170528
2895.403336,2894.833000,-0.570336,00:48:14.833,7479882677
2896.409174,2895.833000,-0.576174,00:48:15.833,7480546742
2897.413098,2896.833000,-0.580098,00:48:16.833,7481273885
2898.414267,2897.833000,-0.581267,00:48:17.833,7481991698
2899.415890,2898.833000,-0.582890,00:48:18.833,7482696892
2900.430790,2899.866000,-0.564790,00:48:19.866,7483476448
2901.439139,2900.866000,-0.573139,00:48:20.866,7484290812
2902.450682,2901.866000,-0.584682,00:48:21.866,7485077226
2903.452968,2902.866000,-0.586968,00:48:22.866,7485875754
2904.467999,2903.899000,-0.568999,00:48:23.899,7486679660
2905.482037,2904.899000,-0.583037,00:48:24.899,7487423433
2906.484785,2905.899000,-0.585785,00:48:25.899,7488237246
2907.488901,2906.933000,-0.555901,00:48:26.933,7489074399
2908.490392,2907.933000,-0.557392,00:48:27.933,7489853631
2909.495365,2908.933000,-0.562365,00:48:28.933,7490652656
2910.510040,2909.933000,-0.577040,00:48:29.933,7491394690
2911.524409,2910.966000,-0.558409,00:48:30.966,7492059441
2912.540043,2911.966000,-0.574043,00:48:31.966,7492786641
2913.541213,2912.966000,-0.575213,00:48:32.966,7493564988
2914.544301,2913.966000,-0.578301,00:48:33.966,7494365390
2915.558498,2914.999000,-0.559498,00:48:34.999,7495214684
2916.562979,2915.999000,-0.563979,00:48:35.999,7496061719
2917.566279,2916.999000,-0.567279,00:48:36.999,7496936849
2918.570999,2917.999000,-0.571999,00:48:37.999,7497801687
2919.575843,2918.999000,-0.576843,00:48:38.999,7498685006
2920.592030,2920.033000,-0.559030,00:48:40.033,7499624251
2921.607942,2921.033000,-0.574942,00:48:41.033,7500497632
2922.624043,2922.066000,-0.558043,00:48:42.066,7501332827
2923.624995,2923.066000,-0.558995,00:48:43.066,7502172099
2924.638253,2924.066000,-0.572253,00:48:44.066,7502936068
2925.641209,2925.066000,-0.575209,00:48:45.066,7503716430
2926.647386,2926.066000,-0.581386,00:48:46.066,7504460595
2927.650862,2927.066000,-0.584862,00:48:47.066,7505198233
2928.658770,2928.099000,-0.559770,00:48:48.099,7505982112
2929.672166,2929.099000,-0.573166,00:48:49.099,7506858927
2930.674986,2930.099000,-0.575986,00:48:50.099,7507712243
2931.679649,2931.099000,-0.580649,00:48:51.099,7508463642
2932.686965,2932.099000,-0.587965,00:48:52.099,7509219762
2933.690552,2933.133000,-0.557552,00:48:53.133,7509964017
2934.697140,2934.133000,-0.564140,00:48:54.133,7510713516
2935.701965,2935.133000,-0.568965,00:48:55.133,7511505360
2936.705242,2936.133000,-0.572242,00:48:56.133,7512279127
2937.712612,2937.133000,-0.579612,00:48:57.133,7513017595
2938.717264,2938.133000,-0.584264,00:48:58.133,7513704217
2939.723741,2939.166000,-0.557741,00:48:59.166,7514434581
2940.727319,2940.166000,-0.561319,00:49:00.166,7515243144
2941.742197,2941.166000,-0.576197,00:49:01.166,7515980852
2942.749653,2942.166000,-0.583653,00:49:02.166,7516768679
2943.754048,2943.166000,-0.588048,00:49:03.166,7517519640
2944.758618,2944.199000,-0.559618,00:49:04.199,7518348730
2945.773601,2945.199000,-0.574601,00:49:05.199,7519081864
2946.775208,2946.199000,-0.576208,00:49:06.199,7519783280
2947.789319,2947.233000,-0.556319,00:49:07.233,7520736390
2948.790979,2948.233000,-0.557979,00:49:08.233,7521587464
2949.794919,2949.233000,-0.561919,00:49:09.233,7522382040
2950.802369,2950.233000,-0.569369,00:49:10.233,7523169382
2951.808568,2951.233000,-0.575568,00:49:11.233,7523967980
2952.815745,2952.233000,-0.582745,00:49:12.233,7524789545
2953.821908,2953.233000,-0.588908,00:49:13.233,7525552601
2954.826959,2954.266000,-0.560959,00:49:14.266,7526284776
2955.829278,2955.266000,-0.563278,00:49:15.266,7527043443
2956.835095,2956.266000,-0.569095,00:49:16.266,7527732618
2957.839214,2957.266000,-0.573214,00:49:17.266,7528420950
2958.849281,2958.266000,-0.583281,00:49:18.266,7529167140
2959.859455,2959.299000,-0.560455,00:49:19.299,7529959151
2960.866192,2960.299000,-0.567192,00:49:20.299,7530883178
2961.868427,2961.299000,-0.569427,00:49:21.299,7531783412
2962.873208,2962.299000,-0.574208,00:49:22.299,7532561888
2963.875080,2963.299000,-0.576080,00:49:23.299,7533265280
2964.882730,2964.299000,-0.583730,00:49:24.299,7533956801
2965.890186,2965.333000,-0.557186,00:49:25.333,7534795860
2966.897251,2966.333000,-0.564251,00:49:26.333,7535472566
2967.901576,2967.333000,-0.568576,00:49:27.333,7536192076
2968.907995,2968.333000,-0.574995,00:49:28.333,7536971351
2969.911329,2969.333000,-0.578329,00:49:29.333,7537734506
2970.915680,2970.333000,-0.582680,00:49:30.333,7538514143
2971.919155,2971.333000,-0.586155,00:49:31.333,7539220706
2972.926987,2972.366000,-0.560987,00:49:32.366,7540126668
2973.932081,2973.366000,-0.566081,00:49:33.366,7540965603
2974.946029,2974.366000,-0.580029,00:49:34.366,7541775832
2975.955160,2975.366000,-0.589160,00:49:35.366,7542630860
2976.958993,2976.399000,-0.559993,00:49:36.399,7543480927
2977.965158,2977.399000,-0.566158,00:49:37.399,7544191954
2978.971201,2978.399000,-0.572201,00:49:38.399,7544970482
2979.977768,2979.399000,-0.578768,00:49:39.399,7545843348
2980.984566,2980.399000,-0.585566,00:49:40.399,7546770554
2981.993297,2981.433000,-0.560297,00:49:41.433,7547657998
2982.997963,2982.433000,-0.564963,00:49:42.433,7548489580
2984.000160,2983.433000,-0.567160,00:49:43.433,7549249070
2985.005857,2984.433000,-0.572857,00:49:44.433,7549965273
2986.011147,2985.433000,-0.578147,00:49:45.433,7550640488
2987.017646,2986.433000,-0.584646,00:49:46.433,7551450667
2988.020446,2987.433000,-0.587446,00:49:47.433,7552207346
2989.022120,2988.433000,-0.589120,00:49:48.433,7553114960
2990.024894,2989.466000,-0.558894,00:49:49.466,7554034161
2991.035899,2990.466000,-0.569899,00:49:50.466,7554868118
2992.051952,2991.466000,-0.585952,00:49:51.466,7555667584
2993.053291,2992.466000,-0.587291,00:49:52.466,7556488927
2994.061261,2993.499000,-0.562261,00:49:53.499,7557375730
2995.063732,2994.499000,-0.564732,00:49:54.499,7558169380
2996.071160,2995.499000,-0.572160,00:49:55.499,7558967028
2997.078793,2996.499000,-0.579793,00:49:56.499,7559762845
2998.081820,2997.499000,-0.582820,00:49:57.499,7560689978
2999.088566,2998.499000,-0.589566,00:49:58.499,7561536789
3000.090774,2999.533000,-0.557774,00:49:59.533,7562373020
3001.100809,3000.533000,-0.567809,00:50:00.533,7563203179
3002.109488,3001.533000,-0.576488,00:50:01.533,7563959814
3003.114783,3002.533000,-0.581783,00:50:02.533,7564736554
3004.126005,3003.566000,-0.560005,00:50:03.566,7565561133
3005.132957,3004.566000,-0.566957,00:50:04.566,7566307173
3006.138712,3005.566000,-0.572712,00:50:05.566,7567061963
3007.145522,3006.566000,-0.579522,00:50:06.566,7567759028
3008.151228,3007.566000,-0.585228,00:50:07.566,7568570719
3009.161285,3008.599000,-0.562285,00:50:08.599,7569307658
3010.166879,3009.599000,-0.567879,00:50:09.599,7570015967
3011.172161,3010.599000,-0.573161,00:50:10.599,7570749754
3012.175251,3011.599000,-0.576251,00:50:11.599,7571543230
3013.191986,3012.633000,-0.558986,00:50:12.633,7572260609
3014.208476,3013.633000,-0.575476,00:50:13.633,7573068965
3015.214295,3014.633000,-0.581295,00:50:14.633,7573931703
3016.219391,3015.633000,-0.586391,00:50:15.633,7574775889
3017.235835,3016.666000,-0.569835,00:50:16.666,7575653037
3018.237255,3017.666000,-0.571255,00:50:17.666,7576391335
3019.251835,3018.666000,-0.585835,00:50:18.666,7577147786
3020.258567,3019.699000,-0.559567,00:50:19.699,7577871289
3021.274306,3020.699000,-0.575306,00:50:20.699,7578549174
3022.279434,3021.699000,-0.580434,00:50:21.699,7579242992
3023.280639,3022.699000,-0.581639,00:50:22.699,7579934635
3024.296454,3023.733000,-0.563454,00:50:23.733,7580703303
3025.299616,3024.733000,-0.566616,00:50:24.733,7581393020
3026.314233,3025.733000,-0.581233,00:50:25.733,7582012980
3027.319337,3026.766000,-0.553337,00:50:26.766,7582641000
3028.324708,3027.766000,-0.558708,00:50:27.766,7583388087
3029.327080,3028.766000,-0.561080,00:50:28.766,7584201129
3030.328359,3029.766000,-0.562359,00:50:29.766,7584897436
3031.333746,3030.766000,-0.567746,00:50:30.766,7585704432
3032.338555,3031.766000,-0.572555,00:50:31.766,7586448449
3033.341307,3032.766000,-0.575307,00:50:32.766,7587227609
3034.351742,3033.766000,-0.585742,00:50:33.766,7587977355
3035.352830,3034.766000,-0.586830,00:50:34.766,7588742494
3036.363899,3035.799000,-0.564899,00:50:35.799,7589482354
3037.378240,3036.799000,-0.579240,00:50:36.799,7590217952
3038.381066,3037.799000,-0.582066,00:50:37.799,7590960943
3039.384912,3038.799000,-0.585912,00:50:38.799,7591853103
3040.400817,3039.833000,-0.567817,00:50:39.833,7592614722
3041.402237,3040.833000,-0.569237,00:50:40.833,7593416299
3042.405066,3041.833000,-0.572066,00:50:41.833,7594131176
3043.409354,3042.833000,-0.576354,00:50:42.833,7594864879
3044.414076,3043.833000,-0.581076,00:50:43.833,7595682284
3045.422943,3044.866000,-0.556943,00:50:44.866,7596568117
3046.430228,3045.866000,-0.564228,00:50:45.866,7597358998
3047.445169,3046.866000,-0.579169,00:50:46.866,7598199153
3048.449037,3047.866000,-0.583037,00:50:47.866,7599004404
3049.453001,3048.866000,-0.587001,00:50:48.866,7599990543
3050.457703,3049.899000,-0.558703,00:50:49.899,7600934598
3051.468527,3050.899000,-0.569527,00:50:50.899,7601897134
3052.474048,3051.899000,-0.575048,00:50:51.899,7602889090
3053.475536,3052.899000,-0.576536,00:50:52.899,7603703499
3054.476903,3053.899000,-0.577903,00:50:53.899,7604544529
3055.484804,3054.899000,-0.585804,00:50:54.899,7605436645
3056.488803,3055.899000,-0.589803,00:50:55.899,7606338054
3057.489786,3056.933000,-0.556786,00:50:56.933,7607177078
3058.493360,3057.933000,-0.560360,00:50:57.933,7608036943
3059.503911,3058.933000,-0.570911,00:50:58.933,7608831840
3060.509971,3059.933000,-0.576971,00:50:59.933,7609670037
3061.512058,3060.933000,-0.579058,00:51:00.933,7610474069
3062.515928,3061.933000,-0.582928,00:51:01.933,7611254304
3063.517412,3062.933000,-0.584412,00:51:02.933,7612084182
3064.524115,3063.966000,-0.558115,00:51:03.966,7612840356
3065.528654,3064.966000,-0.562654,00:51:04.966,7613489122
3066.543963,3065.966000,-0.577963,00:51:05.966,7614219498
3067.550698,3066.966000,-0.584698,00:51:06.966,7615017159
3068.557626,3067.999000,-0.558626,00:51:07.999,7615889573
3069.563165,3068.999000,-0.564165,00:51:08.999,7616730313
3070.568754,3069.999000,-0.569754,00:51:09.999,7617599846
3071.575205,3070.999000,-0.576205,00:51:10.999,7618476428
3072.581095,3071.999000,-0.582095,00:51:11.999,7619347390
3073.583190,3072.999000,-0.584190,00:51:12.999,7620248350
3074.592882,3074.033000,-0.559882,00:51:14.033,7621032085
3075.598388,3075.033000,-0.565388,00:51:15.033,7621817046
3076.604350,3076.033000,-0.571350,00:51:16.033,7622652953
3077.613096,3077.033000,-0.580096,00:51:17.033,7623492217
3078.615856,3078.033000,-0.582856,00:51:18.033,7624238928
3079.620914,3079.033000,-0.587914,00:51:19.033,7625115308
3080.629562,3080.066000,-0.563562,00:51:20.066,7626003338
3081.631927,3081.066000,-0.565927,00:51:21.066,7626794614
3082.634783,3082.066000,-0.568783,00:51:22.066,7627535105
3083.639227,3083.066000,-0.573227,00:51:23.066,7628357617
3084.641074,3084.066000,-0.575074,00:51:24.066,7629091290
3085.646010,3085.066000,-0.580010,00:51:25.066,7629834550
3086.657405,3086.099000,-0.558405,00:51:26.099,7630549571
3087.663112,3087.099000,-0.564112,00:51:27.099,7631224302
3088.669676,3088.099000,-0.570676,00:51:28.099,7631989665
3089.673049,3089.099000,-0.574049,00:51:29.099,7632829745
3090.682125,3090.099000,-0.583125,00:51:30.099,7633574686
3091.687524,3091.099000,-0.588524,00:51:31.099,7634406274
3092.703021,3092.133000,-0.570021,00:51:32.133,7635182823
3093.707411,3093.133000,-0.574411,00:51:33.133,7635934965
3094.715047,3094.133000,-0.582047,00:51:34.133,7636688966
3095.718648,3095.133000,-0.585648,00:51:35.133,7637473562
3096.723862,3096.166000,-0.557862,00:51:36.166,7638221241
3097.727045,3097.166000,-0.561045,00:51:37.166,7639030951
3098.729535,3098.166000,-0.563535,00:51:38.166,7639814609
3099.731097,3099.166000,-0.565097,00:51:39.166,7640554163
3100.747238,3100.166000,-0.581238,00:51:40.166,7641342868
3101.752048,3101.166000,-0.586048,00:51:41.166,7642167489
3102.765214,3102.199000,-0.566214,00:51:42.199,7642972177
3103.779367,3103.199000,-0.580367,00:51:43.199,7643779251
3104.781124,3104.199000,-0.582124,00:51:44.199,7644577284
3105.788659,3105.233000,-0.555659,00:51:45.233,7645416685
3106.805250,3106.233000,-0.572250,00:51:46.233,7646174701
3107.809224,3107.233000,-0.576224,00:51:47.233,7646932745
3108.824794,3108.266000,-0.558794,00:51:48.266,7647674925
3109.827726,3109.266000,-0.561726,00:51:49.266,7648357851
3110.830795,3110.266000,-0.564795,00:51:50.266,7649074296
3111.845858,3111.266000,-0.579858,00:51:51.266,7649814425
3112.862253,3112.299000,-0.563253,00:51:52.299,7650569728
3113.863696,3113.299000,-0.564696,00:51:53.299,7651394543
3114.869167,3114.299000,-0.570167,00:51:54.299,7652284323
3115.885305,3115.299000,-0.586305,00:51:55.299,7653130254
3116.886923,3116.299000,-0.587923,00:51:56.299,7653923049
3117.889223,3117.333000,-0.556223,00:51:57.333,7654760073
3118.902204,3118.333000,-0.569204,00:51:58.333,7655578735
3119.903839,3119.333000,-0.570839,00:51:59.333,7656424711
3120.918940,3120.333000,-0.585940,00:52:00.333,7657238779
3121.925718,3121.366000,-0.559718,00:52:01.366,7658076977
3122.932087,3122.366000,-0.566087,00:52:02.366,7658972377
3123.935694,3123.366000,-0.569694,00:52:03.366,7659770847
3124.951146,3124.366000,-0.585146,00:52:04.366,7660555792
3125.954102,3125.366000,-0.588102,00:52:05.366,7661393775
3126.955193,3126.399000,-0.556193,00:52:06.399,7662244730
3127.959583,3127.399000,-0.560583,00:52:07.399,7663080366
3128.963046,3128.399000,-0.564046,00:52:08.399,7663877692
3129.966627,3129.399000,-0.567627,00:52:09.399,7664647748
3130.971966,3130.399000,-0.572966,00:52:10.399,7665429105
3131.976773,3131.399000,-0.577773,00:52:11.399,7666243687
3132.992156,3132.433000,-0.559156,00:52:12.433,7667149268
3134.007354,3133.433000,-0.574354,00:52:13.433,7667904369
3135.021907,3134.433000,-0.588907,00:52:14.433,7668671222
3136.026741,3135.466000,-0.560741,00:52:15.466,7669454416
3137.028755,3136.466000,-0.562755,00:52:16.466,7670200272
3138.044128,3137.466000,-0.578128,00:52:17.466,7670925832
3139.058540,3138.499000,-0.559540,00:52:18.499,7671834096
3140.072818,3139.499000,-0.573818,00:52:19.499,7672692563
3141.074256,3140.499000,-0.575256,00:52:20.499,7673504181
3142.088651,3141.499000,-0.589651,00:52:21.499,7674317556
3143.102918,3142.533000,-0.569918,00:52:22.533,7675152445
3144.118787,3143.566000,-0.552787,00:52:23.566,7675984756
3145.121225,3144.566000,-0.555225,00:52:24.566,7676761817
3146.136802,3145.566000,-0.570802,00:52:25.566,7677497874
3147.149546,3146.566000,-0.583546,00:52:26.566,7678221706
3148.150770,3147.566000,-0.584770,00:52:27.566,7679065568
3149.153183,3148.599000,-0.554183,00:52:28.599,7679947408
3150.166505,3149.599000,-0.567505,00:52:29.599,7680756270
3151.183039,3150.599000,-0.584039,00:52:30.599,7681564875
3152.196248,3151.633000,-0.563248,00:52:31.633,7682373706
3153.211234,3152.633000,-0.578234,00:52:32.633,7683154712
3154.212511,3153.633000,-0.579511,00:52:33.633,7683884686
3155.226647,3154.666000,-0.560647,00:52:34.666,7684706156
3156.238301,3155.666000,-0.572301,00:52:35.666,7685508068
3157.239507,3156.666000,-0.573507,00:52:36.666,7686246468
3158.252930,3157.666000,-0.586930,00:52:37.666,7686956230
3159.266652,3158.699000,-0.567652,00:52:38.699,7687694547
3160.268427,3159.699000,-0.569427,00:52:39.699,7688348540
3161.283885,3160.699000,-0.584885,00:52:40.699,7689087348
3162.299123,3161.733000,-0.566123,00:52:41.733,7689762936
3163.315100,3162.733000,-0.582100,00:52:42.733,7690477330
3164.329816,3163.766000,-0.563816,00:52:43.766,7691185731
3165.334550,3164.766000,-0.568550,00:52:44.766,7691853418
3166.347774,3165.766000,-0.581774,00:52:45.766,7692507334
3167.363084,3166.799000,-0.564084,00:52:46.799,7693215381
3168.365179,3167.799000,-0.566179,00:52:47.799,7693888379
3169.370130,3168.799000,-0.571130,00:52:48.799,7694570607
3170.374138,3169.799000,-0.575138,00:52:49.799,7695309818
3171.388209,3170.833000,-0.555209,00:52:50.833,7695988213
3172.390939,3171.833000,-0.557939,00:52:51.833,7696748506
3173.392164,3172.833000,-0.559164,00:52:52.833,7697455575
3174.395107,3173.833000,-0.562107,00:52:53.833,7698129322
3175.410444,3174.833000,-0.577444,00:52:54.833,7698788380
3176.425917,3175.866000,-0.559917,00:52:55.866,7699532649
3177.442086,3176.866000,-0.576086,00:52:56.866,7700231265
3178.455928,3177.899000,-0.556928,00:52:57.899,7700980064
3179.457284,3178.899000,-0.558284,00:52:58.899,7701672065
3180.471261,3179.899000,-0.572261,00:52:59.899,7702289838
3181.487291,3180.899000,-0.588291,00:53:00.899,7703004115
3182.489240,3181.933000,-0.556240,00:53:01.933,7703676764
3183.503830,3182.933000,-0.570830,00:53:02.933,7704328516
3184.517797,3183.933000,-0.584797,00:53:03.933,7704991367
3185.519589,3184.933000,-0.586589,00:53:04.933,7705576392
3186.522791,3185.966000,-0.556791,00:53:05.966,7706198222
3187.537661,3186.966000,-0.571661,00:53:06.966,7706850139
3188.554112,3187.966000,-0.588112,00:53:07.966,7707497027
3189.570691,3188.999000,-0.571691,00:53:08.999,7708235770
3190.578048,3189.999000,-0.579048,00:53:09.999,7708947809
3191.593673,3191.033000,-0.560673,00:53:11.033,7709618090
3192.594644,3192.033000,-0.561644,00:53:12.033,7710240044
3193.608715,3193.033000,-0.575715,00:53:13.033,7710883949
3194.610097,3194.033000,-0.577097,00:53:14.033,7711497633
3195.613306,3195.033000,-0.580306,00:53:15.033,7712186984
3196.627680,3196.066000,-0.561680,00:53:16.066,7712930322
3197.629389,3197.066000,-0.563389,00:53:17.066,7713669502
3198.637337,3198.066000,-0.571337,00:53:18.066,7714356644
3199.652966,3199.066000,-0.586966,00:53:19.066,7715062157
3200.669712,3200.099000,-0.570712,00:53:20.099,7715798620
3201.671221,3201.099000,-0.572221,00:53:21.099,7716513262
3202.675248,3202.099000,-0.576248,00:53:22.099,7717223407
3203.687807,3203.099000,-0.588807,00:53:23.099,7717923571
3204.690771,3204.133000,-0.557771,00:53:24.133,7718662340
3205.693172,3205.133000,-0.560172,00:53:25.133,7719425934
3206.696171,3206.133000,-0.563171,00:53:26.133,7720137031
3207.698361,3207.133000,-0.565361,00:53:27.133,7720852264
3208.702026,3208.133000,-0.569026,00:53:28.133,7721541861
3209.703457,3209.133000,-0.570457,00:53:29.133,7722243985
3210.718672,3210.133000,-0.585672,00:53:30.133,7722950899
3211.734168,3211.166000,-0.568168,00:53:31.166,7723686029
3212.749715,3212.166000,-0.583715,00:53:32.166,7724408133
3213.763038,3213.199000,-0.564038,00:53:33.199,7725153022
3214.778336,3214.199000,-0.579336,00:53:34.199,7725904809
3215.793070,3215.233000,-0.560070,00:53:35.233,7726632908
3216.807549,3216.233000,-0.574549,00:53:36.233,7727341770
3217.821146,3217.233000,-0.588146,00:53:37.233,7728045537
3218.833259,3218.266000,-0.567259,00:53:38.266,7728767219
3219.848857,3219.266000,-0.582857,00:53:39.266,7729473832
3220.859776,3220.299000,-0.560776,00:53:40.299,7730205192
3221.875388,3221.299000,-0.576388,00:53:41.299,7730920192
3222.889501,3222.299000,-0.590501,00:53:42.299,7731681701
3223.905175,3223.333000,-0.572175,00:53:43.333,7732407994
3224.918751,3224.333000,-0.585751,00:53:44.333,7733120184
3225.920763,3225.333000,-0.587763,00:53:45.333,7733840081
3226.935296,3226.366000,-0.569296,00:53:46.366,7734589555
3227.949298,3227.366000,-0.583298,00:53:47.366,7735313996
3228.961957,3228.399000,-0.562957,00:53:48.399,7736074016
3229.976284,3229.399000,-0.577284,00:53:49.399,7736813657
3230.991850,3230.433000,-0.558850,00:53:50.433,7737612333
3232.006428,3231.433000,-0.573428,00:53:51.433,7738379031
3233.021856,3232.433000,-0.588856,00:53:52.433,7739083266
3234.035201,3233.466000,-0.569201,00:53:53.466,7739783984
3235.051244,3234.466000,-0.585244,00:53:54.466,7740455911
3236.063790,3235.499000,-0.564790,00:53:55.499,7741129394
3237.077144,3236.499000,-0.578144,00:53:56.499,7741804181
3238.088771,3237.499000,-0.589771,00:53:57.499,7742460376
3239.090030,3238.533000,-0.557030,00:53:58.533,7743176872
3240.091637,3239.533000,-0.558637,00:53:59.533,7743879766
3241.093161,3240.533000,-0.560161,00:54:00.533,7744557332
3242.106729,3241.533000,-0.573729,00:54:01.533,7745246016
3243.119305,3242.533000,-0.586305,00:54:02.533,7745914926
3244.133860,3243.566000,-0.567860,00:54:03.566,7746617907
3245.135102,3244.566000,-0.569102,00:54:04.566,7747296111
3246.136207,3245.566000,-0.570207,00:54:05.566,7747978742
3247.152258,3246.566000,-0.586258,00:54:06.566,7748648040
3248.167374,3247.599000,-0.568374,00:54:07.599,7749396172
3249.172736,3248.599000,-0.573736,00:54:08.599,7750091957
3250.188411,3249.599000,-0.589411,00:54:09.599,7750780911
3251.203988,3250.633000,-0.570988,00:54:10.633,7751493733
3252.206394,3251.633000,-0.573394,00:54:11.633,7752182188
3253.212810,3252.633000,-0.579810,00:54:12.633,7752836113
3254.227640,3253.666000,-0.561640,00:54:13.666,7753514273
3255.230747,3254.666000,-0.564747,00:54:14.666,7754195805
3256.233936,3255.666000,-0.567936,00:54:15.666,7754885876
3257.249706,3256.666000,-0.583706,00:54:16.666,7755558180
3258.253041,3257.699000,-0.554041,00:54:17.699,7756242932
3259.257869,3258.699000,-0.558869,00:54:18.699,7756896094
3260.261096,3259.699000,-0.562096,00:54:19.699,7757565921
3261.265293,3260.699000,-0.566293,00:54:20.699,7758232783
3262.271743,3261.699000,-0.572743,00:54:21.699,7758913717
3263.277569,3262.699000,-0.578569,00:54:22.699,7759583046
3264.280344,3263.699000,-0.581344,00:54:23.699,7760314591
3265.283063,3264.699000,-0.584063,00:54:24.699,7760997535
3266.291086,3265.733000,-0.558086,00:54:25.733,7761705141
3267.306684,3266.733000,-0.573684,00:54:26.733,7762399045
3268.314584,3267.733000,-0.581584,00:54:27.733,7763088003
3269.324879,3268.766000,-0.558879,00:54:28.766,7763807497
3270.334574,3269.766000,-0.568574,00:54:29.766,7764498290
3271.340992,3270.766000,-0.574992,00:54:30.766,7765180390
3272.343146,3271.766000,-0.577146,00:54:31.766,7765883353
3273.352002,3272.766000,-0.586002,00:54:32.766,7766546023
3274.358512,3273.799000,-0.559512,00:54:33.799,7767234582
3275.362307,3274.799000,-0.563307,00:54:34.799,7767891921
3276.372229,3275.799000,-0.573229,00:54:35.799,7768560012
3277.378769,3276.799000,-0.579769,00:54:36.799,7769230924
3278.386190,3277.799000,-0.587190,00:54:37.799,7769906588
3279.393312,3278.833000,-0.560312,00:54:38.833,7770594789
3280.398455,3279.833000,-0.565455,00:54:39.833,7771260621
3281.404508,3280.833000,-0.571508,00:54:40.833,7771973430
3282.419302,3281.833000,-0.586302,00:54:41.833,7772621969
3283.422933,3282.866000,-0.556933,00:54:42.866,7773301634
3284.427488,3283.866000,-0.561488,00:54:43.866,7773961230
3285.434666,3284.866000,-0.568666,00:54:44.866,7774640545
3286.440689,3285.866000,-0.574689,00:54:45.866,7775313213
3287.444528,3286.866000,-0.578528,00:54:46.866,7775943865
3288.446321,3287.866000,-0.580321,00:54:47.866,7776610721
3289.461412,3288.899000,-0.562412,00:54:48.899,7777369738
3290.463000,3289.899000,-0.564000,00:54:49.899,7778040677
3291.476651,3290.899000,-0.577651,00:54:50.899,7778735006
3292.492101,3291.933000,-0.559101,00:54:51.933,7779447428
3293.504346,3292.933000,-0.571346,00:54:52.933,7780148232
3294.521279,3293.966000,-0.555279,00:54:53.966,7780865781
3295.534381,3294.966000,-0.568381,00:54:54.966,7781556602
3296.549519,3295.966000,-0.583519,00:54:55.966,7782208287
3297.553076,3296.966000,-0.587076,00:54:56.966,7782946967
3298.556593,3297.999000,-0.557593,00:54:57.999,7783640768
3299.557687,3298.999000,-0.558687,00:54:58.999,7784325252
3300.572881,3299.999000,-0.573881,00:54:59.999,7785003002
3301.574297,3300.999000,-0.575297,00:55:00.999,7785665003
3302.576249,3301.999000,-0.577249,00:55:01.999,7786310960
3303.591081,3303.033000,-0.558081,00:55:03.033,7787011180
3304.606217,3304.033000,-0.573217,00:55:04.033,7787676438
3305.617543,3305.033000,-0.584543,00:55:05.033,7788361001
3306.626463,3306.066000,-0.560463,00:55:06.066,7789118114
3307.641868,3307.066000,-0.575868,00:55:07.066,7789760288
3308.643088,3308.066000,-0.577088,00:55:08.066,7790437766
3309.652075,3309.066000,-0.586075,00:55:09.066,7791127428
3310.666250,3310.099000,-0.567250,00:55:10.099,7791835670
3311.678210,3311.099000,-0.579210,00:55:11.099,7792511336
3312.691594,3312.133000,-0.558594,00:55:12.133,7793218371
3313.703880,3313.133000,-0.570880,00:55:13.133,7793884584
3314.706423,3314.133000,-0.573423,00:55:14.133,7794625769
3315.723137,3315.166000,-0.557137,00:55:15.166,7795345843
3316.739445,3316.166000,-0.573445,00:55:16.166,7796042501
3317.741377,3317.166000,-0.575377,00:55:17.166,7796742217
3318.746725,3318.166000,-0.580725,00:55:18.166,7797434338
3319.763680,3319.199000,-0.564680,00:55:19.199,7798127909
3320.779243,3320.199000,-0.580243,00:55:20.199,7798827999
3321.785510,3321.199000,-0.586510,00:55:21.199,7799519132
3322.786644,3322.233000,-0.553644,00:55:22.233,7800272759
3323.792123,3323.233000,-0.559123,00:55:23.233,7800955662
3324.796290,3324.233000,-0.563290,00:55:24.233,7801651303
3325.803784,3325.233000,-0.570784,00:55:25.233,7802335178
3326.810730,3326.233000,-0.577730,00:55:26.233,7803017235
3327.817379,3327.233000,-0.584379,00:55:27.233,7803709636
3328.831703,3328.266000,-0.565703,00:55:28.266,7804426406
3329.837588,3329.266000,-0.571588,00:55:29.266,7805124923
3330.851897,3330.266000,-0.585897,00:55:30.266,7805863834
3331.857019,3331.299000,-0.558019,00:55:31.299,7806579885
3332.862456,3332.299000,-0.563456,00:55:32.299,7807277337
3333.867604,3333.299000,-0.568604,00:55:33.299,7807970482
3334.872209,3334.299000,-0.573209,00:55:34.299,7808669971
3335.881020,3335.299000,-0.582020,00:55:35.299,7809368522
3336.883708,3336.299000,-0.584708,00:55:36.299,7810061915
3337.890833,3337.333000,-0.557833,00:55:37.333,7810773086
3338.895593,3338.333000,-0.562593,00:55:38.333,7811439446
3339.898744,3339.333000,-0.565744,00:55:39.333,7812197617
3340.904316,3340.333000,-0.571316,00:55:40.333,7812897315
3341.906747,3341.333000,-0.573747,00:55:41.333,7813595161
3342.917341,3342.333000,-0.584341,00:55:42.333,7814289824
3343.925715,3343.366000,-0.559715,00:55:43.366,7815005686
3344.933644,3344.366000,-0.567644,00:55:44.366,7815712536
3345.941065,3345.366000,-0.575065,00:55:45.366,7816411331
3346.949693,3346.366000,-0.583693,00:55:46.366,7817108615
3347.955214,3347.366000,-0.589214,00:55:47.366,7817868042
3348.963362,3348.399000,-0.564362,00:55:48.399,7818589085
3349.968389,3349.399000,-0.569389,00:55:49.399,7819279163
3350.976278,3350.399000,-0.577278,00:55:50.399,7819985737
3351.981361,3351.399000,-0.582361,00:55:51.399,7820675369
3352.990960,3352.433000,-0.557960,00:55:52.433,7821391651
3353.995694,3353.433000,-0.562694,00:55:53.433,7822084789
3355.003564,3354.433000,-0.570564,00:55:54.433,7822796370
3356.011665,3355.433000,-0.578665,00:55:55.433,7823516970
3357.016491,3356.433000,-0.583491,00:55:56.433,7824194226
3358.023207,3357.466000,-0.557207,00:55:57.466,7824906990
3359.039620,3358.466000,-0.573620,00:55:58.466,7825603050
3360.041898,3359.466000,-0.575898,00:55:59.466,7826307450
3361.046566,3360.466000,-0.580566,00:56:00.466,7826999800
3362.049508,3361.466000,-0.583508,00:56:01.466,7827664657
3363.054393,3362.466000,-0.588393,00:56:02.466,7828341229
3364.060789,3363.499000,-0.561789,00:56:03.499,7829105387
3365.063155,3364.499000,-0.564155,00:56:04.499,7829804377
3366.069466,3365.499000,-0.570466,00:56:05.499,7830481991
3367.070759,3366.499000,-0.571759,00:56:06.499,7831182024
3368.071813,3367.499000,-0.572813,00:56:07.499,7831872868
3369.086358,3368.499000,-0.587358,00:56:08.499,7832564011
3370.088415,3369.499000,-0.589415,00:56:09.499,7833245879
3371.104115,3370.533000,-0.571115,00:56:10.533,7833959695
3372.109417,3371.533000,-0.576417,00:56:11.533,7834647573
3373.111978,3372.533000,-0.578978,00:56:12.533,7835384711
3374.123906,3373.566000,-0.557906,00:56:13.566,7836092907
3375.128090,3374.566000,-0.562090,00:56:14.566,7836779951
3376.131218,3375.566000,-0.565218,00:56:15.566,7837463098
3377.146089,3376.566000,-0.580089,00:56:16.566,7838139442
3378.161068,3377.599000,-0.562068,00:56:17.599,7838848308
3379.174871,3378.599000,-0.575871,00:56:18.599,7839540886
3380.187721,3379.599000,-0.588721,00:56:19.599,7840237449
3381.190602,3380.633000,-0.557602,00:56:20.633,7840997275
3382.203047,3381.633000,-0.570047,00:56:21.633,7841696659
3383.208900,3382.633000,-0.575900,00:56:22.633,7842386437
3384.212847,3383.633000,-0.579847,00:56:23.633,7843085457
3385.214630,3384.633000,-0.581630,00:56:24.633,7843780098
3386.216194,3385.633000,-0.583194,00:56:25.633,7844478764
3387.219162,3386.633000,-0.586162,00:56:26.633,7845167846
3388.221586,3387.633000,-0.588586,00:56:27.633,7845851280
3389.223305,3388.666000,-0.557305,00:56:28.666,7846606979
3390.237482,3389.666000,-0.571482,00:56:29.666,7847292697
3391.247559,3390.666000,-0.581559,00:56:30.666,7847986077
3392.249369,3391.666000,-0.583369,00:56:31.666,7848680821
3393.257719,3392.699000,-0.558719,00:56:32.699,7849393046
3394.262335,3393.699000,-0.563335,00:56:33.699,7850085770
3395.272497,3394.699000,-0.573497,00:56:34.699,7850773308
3396.274748,3395.699000,-0.575748,00:56:35.699,7851457962
3397.276399,3396.699000,-0.577399,00:56:36.699,7852144257
3398.281123,3397.699000,-0.582123,00:56:37.699,7852886899
3399.289846,3398.733000,-0.556846,00:56:38.733,7853610096
3400.300013,3399.733000,-0.567013,00:56:39.733,7854302987
3401.309309,3400.733000,-0.576309,00:56:40.733,7854996819
3402.319739,3401.733000,-0.586739,00:56:41.733,7855686552
3403.326553,3402.766000,-0.560553,00:56:42.766,7856391633
3404.339479,3403.766000,-0.573479,00:56:43.766,7857064915
3405.346877,3404.766000,-0.580877,00:56:44.766,7857742067
3406.348565,3405.766000,-0.582565,00:56:45.766,7858474305
3407.355460,3406.766000,-0.589460,00:56:46.766,7859155038
3408.360075,3407.799000,-0.561075,00:56:47.799,7859859393
3409.374321,3408.799000,-0.575321,00:56:48.799,7860541566
3410.382433,3409.799000,-0.583433,00:56:49.799,7861230900
3411.394422,3410.833000,-0.561422,00:56:50.833,7861941699
3412.404410,3411.833000,-0.571410,00:56:51.833,7862623434
3413.416418,3412.833000,-0.583418,00:56:52.833,7863307144
3414.426243,3413.866000,-0.560243,00:56:53.866,7864056588
3415.440930,3414.866000,-0.574930,00:56:54.866,7864732139
3416.450882,3415.866000,-0.584882,00:56:55.866,7865412903
3417.464253,3416.899000,-0.565253,00:56:56.899,7866107522
3418.470955,3417.899000,-0.571955,00:56:57.899,7866784112
3419.479140,3418.899000,-0.580140,00:56:58.899,7867460571
3420.486353,3419.899000,-0.587353,00:56:59.899,7868140610
3421.491093,3420.933000,-0.558093,00:57:00.933,7868845846
3422.502439,3421.933000,-0.569439,00:57:01.933,7869575968
3423.512307,3422.933000,-0.579307,00:57:02.933,7870273032
3424.525567,3423.966000,-0.559567,00:57:03.966,7870983834
3425.530754,3424.966000,-0.564754,00:57:04.966,7871666814
3426.544439,3425.966000,-0.578439,00:57:05.966,7872349295
3427.548763,3426.966000,-0.582763,00:57:06.966,7873041400
3428.554369,3427.966000,-0.588369,00:57:07.966,7873736848
3429.556469,3428.999000,-0.557469,00:57:08.999,7874458620
3430.566353,3429.999000,-0.567353,00:57:09.999,7875152360
3431.575104,3430.999000,-0.576104,00:57:10.999,7875895746
3432.580713,3431.999000,-0.581713,00:57:11.999,7876587342
3433.584740,3432.999000,-0.585740,00:57:12.999,7877275711
3434.588500,3433.999000,-0.589500,00:57:13.999,7877956496
3435.595969,3435.033000,-0.562969,00:57:15.033,7878661886
3436.603416,3436.033000,-0.570416,00:57:16.033,7879351380
3437.609919,3437.033000,-0.576919,00:57:17.033,7880045879
3438.618564,3438.033000,-0.585564,00:57:18.033,7880741532
3439.622268,3439.033000,-0.589268,00:57:19.033,7881498805
3440.638791,3440.066000,-0.572791,00:57:20.066,7882184162
3441.640038,3441.066000,-0.574038,00:57:21.066,7882864944
3442.651894,3442.066000,-0.585894,00:57:22.066,7883545282
3443.653666,3443.066000,-0.587666,00:57:23.066,7884224229
3444.668762,3444.099000,-0.569762,00:57:24.099,7884929386
3445.672757,3445.099000,-0.573757,00:57:25.099,7885606991
3446.688282,3446.099000,-0.589282,00:57:26.099,7886295695
3447.692144,3447.133000,-0.559144,00:57:27.133,7887053805
3448.698284,3448.133000,-0.565284,00:57:28.133,7887743255
3449.712040,3449.133000,-0.579040,00:57:29.133,7888417700
3450.715550,3450.133000,-0.582550,00:57:30.133,7889092803
3451.718991,3451.133000,-0.585991,00:57:31.133,7889770156
3452.733352,3452.166000,-0.567352,00:57:32.166,7890473487
3453.747498,3453.166000,-0.581498,00:57:33.166,7891164852
3454.751249,3454.166000,-0.585249,00:57:34.166,7891849840
3455.756260,3455.199000,-0.557260,00:57:35.199,7892602240
3456.759635,3456.199000,-0.560635,00:57:36.199,7893288102
3457.773301,3457.199000,-0.574301,00:57:37.199,7893968865
3458.777526,3458.199000,-0.578526,00:57:38.199,7894645671
3459.782798,3459.199000,-0.583798,00:57:39.199,7895328406
3460.795177,3460.233000,-0.562177,00:57:40.233,7896038155
3461.797709,3461.233000,-0.564709,00:57:41.233,7896732040
3462.803531,3462.233000,-0.570531,00:57:42.233,7897420164
3463.805377,3463.233000,-0.572377,00:57:43.233,7898110647
3464.821093,3464.233000,-0.588093,00:57:44.233,7898854865
3465.836421,3465.266000,-0.570421,00:57:45.266,7899561598
3466.844530,3466.266000,-0.578530,00:57:46.266,7900250352
3467.846660,3467.266000,-0.580660,00:57:47.266,7900929166
3468.850031,3468.266000,-0.584031,00:57:48.266,7901614122
3469.853395,3469.266000,-0.587395,00:57:49.266,7902303543
3470.861276,3470.299000,-0.562276,00:57:50.299,7903023121
3471.868767,3471.299000,-0.569767,00:57:51.299,7903706836
3472.874421,3472.299000,-0.575421,00:57:52.299,7904437563
3473.876094,3473.299000,-0.577094,00:57:53.299,7905116887
3474.879794,3474.299000,-0.580794,00:57:54.299,7905794674
3475.887235,3475.299000,-0.588235,00:57:55.299,7906474569
3476.889695,3476.333000,-0.556695,00:57:56.333,7907189799
3477.894311,3477.333000,-0.561311,00:57:57.333,7907882133
3478.902476,3478.333000,-0.569476,00:57:58.333,7908581107
3479.915252,3479.333000,-0.582252,00:57:59.333,7909281203
3480.930961,3480.366000,-0.564961,00:58:00.366,7910055052
3481.936271,3481.366000,-0.570271,00:58:01.366,7910747195
3482.940718,3482.366000,-0.574718,00:58:02.366,7911436623
3483.947344,3483.366000,-0.581344,00:58:03.366,7912135716
3484.956295,3484.399000,-0.557295,00:58:04.399,7912855702
3485.958585,3485.399000,-0.559585,00:58:05.399,7913557418
3486.962458,3486.399000,-0.563458,00:58:06.399,7914257029
3487.966363,3487.399000,-0.567363,00:58:07.399,7914953990
3488.970912,3488.399000,-0.571912,00:58:08.399,7915645820
3489.975979,3489.399000,-0.576979,00:58:09.399,7916390384
3490.983139,3490.399000,-0.584139,00:58:10.399,7917078413
3491.986625,3491.399000,-0.587625,00:58:11.399,7917774907
3492.999366,3492.433000,-0.566366,00:58:12.433,7918486521
3494.001325,3493.433000,-0.568325,00:58:13.433,7919182534
3495.008457,3494.433000,-0.575457,00:58:14.433,7919882150
3496.010812,3495.433000,-0.577812,00:58:15.433,7920578492
3497.015309,3496.433000,-0.582309,00:58:16.433,7921268579
3498.022561,3497.466000,-0.556561,00:58:17.466,7922029846
3499.038145,3498.466000,-0.572145,00:58:18.466,7922722024
3500.040933,3499.466000,-0.574933,00:58:19.466,7923415790
3501.054490,3500.466000,-0.588490,00:58:20.466,7924115329
3502.056740,3501.499000,-0.557740,00:58:21.499,7924826391
3503.059771,3502.499000,-0.560771,00:58:22.499,7925518002
3504.063088,3503.499000,-0.564088,00:58:23.499,7926207244
3505.079129,3504.499000,-0.580129,00:58:24.499,7926901539
3506.094334,3505.533000,-0.561334,00:58:25.533,7927673258
3507.109789,3506.533000,-0.576789,00:58:26.533,7928374022
3508.112359,3507.533000,-0.579359,00:58:27.533,7929063441
3509.115171,3508.533000,-0.582171,00:58:28.533,7929753464
3510.118818,3509.533000,-0.585818,00:58:29.533,7930433193
3511.129324,3510.566000,-0.563324,00:58:30.566,7931139086
3512.144197,3511.566000,-0.578197,00:58:31.566,7931821636
3513.159450,3512.599000,-0.560450,00:58:32.599,7932534054
3514.164315,3513.599000,-0.565315,00:58:33.599,7933268616
3515.180880,3514.599000,-0.581880,00:58:34.599,7933963690
3516.186600,3515.599000,-0.587600,00:58:35.599,7934649472
3517.201350,3516.633000,-0.568350,00:58:36.633,7935362517
3518.215323,3517.633000,-0.582323,00:58:37.633,7936054756
3519.230603,3518.666000,-0.564603,00:58:38.666,7936749563
3520.246355,3519.666000,-0.580355,00:58:39.666,7937430043
3521.249233,3520.666000,-0.583233,00:58:40.666,7938111298
3522.250889,3521.666000,-0.584889,00:58:41.666,7938795861
3523.265902,3522.699000,-0.566902,00:58:42.699,7939551384
3524.268828,3523.699000,-0.569828,00:58:43.699,7940235122
3525.281887,3524.699000,-0.582887,00:58:44.699,7940921302
3526.295897,3525.733000,-0.562897,00:58:45.733,7941633029
3527.310943,3526.733000,-0.577943,00:58:46.733,7942320032
3528.315804,3527.733000,-0.582804,00:58:47.733,7943004006
3529.330433,3528.766000,-0.564433,00:58:48.766,7943721213
3530.342538,3529.766000,-0.576538,00:58:49.766,7944409739
3531.358008,3530.799000,-0.559008,00:58:50.799,7945174616
3532.361015,3531.799000,-0.562015,00:58:51.799,7945872522
3533.375252,3532.799000,-0.576252,00:58:52.799,7946568709
3534.387773,3533.799000,-0.588773,00:58:53.799,7947258972
3535.402752,3534.833000,-0.569752,00:58:54.833,7947972450
3536.404625,3535.833000,-0.571625,00:58:55.833,7948660131
3537.418678,3536.833000,-0.585678,00:58:56.833,7949345684
3538.421985,3537.833000,-0.588985,00:58:57.833,7950030902
3539.426281,3538.866000,-0.560281,00:58:58.866,7950787064
3540.428603,3539.866000,-0.562603,00:58:59.866,7951468369
3541.433764,3540.866000,-0.567764,00:59:00.866,7952154879
3542.436727,3541.866000,-0.570727,00:59:01.866,7952841246
3543.451703,3542.866000,-0.585703,00:59:02.866,7953531841
3544.456160,3543.899000,-0.557160,00:59:03.899,7954242060
3545.460546,3544.899000,-0.561546,00:59:04.899,7954929315
3546.464329,3545.899000,-0.565329,00:59:05.899,7955609337
3547.466453,3546.899000,-0.567453,00:59:06.899,7956344244
3548.480433,3547.899000,-0.581433,00:59:07.899,7957031824
3549.482799,3548.899000,-0.583799,00:59:08.899,7957714778
3550.485778,3549.899000,-0.586778,00:59:09.899,7958395944
3551.487034,3550.899000,-0.588034,00:59:10.899,7959080942
3552.490388,3551.933000,-0.557388,00:59:11.933,7959797337
3553.496093,3552.933000,-0.563093,00:59:12.933,7960495058
3554.511981,3553.933000,-0.578981,00:59:13.933,7961201424
3555.514744,3554.933000,-0.581744,00:59:14.933,7961901393
3556.515605,3555.933000,-0.582605,00:59:15.933,7962648858
3557.529458,3556.966000,-0.563458,00:59:16.966,7963370425
3558.545856,3557.966000,-0.579856,00:59:17.966,7964061598
3559.548775,3558.966000,-0.582775,00:59:18.966,7964745326
3560.550352,3559.966000,-0.584352,00:59:19.966,7965432907
3561.559093,3560.999000,-0.560093,00:59:20.999,7966159865
3562.570876,3561.999000,-0.571876,00:59:21.999,7966859617
3563.586392,3562.999000,-0.587392,00:59:22.999,7967563127
3564.601134,3564.033000,-0.568134,00:59:24.033,7968326600
3565.606456,3565.033000,-0.573456,00:59:25.033,7969020579
3566.608541,3566.033000,-0.575541,00:59:26.033,7969709151
3567.621684,3567.033000,-0.588684,00:59:27.033,7970401634
3568.636314,3568.066000,-0.570314,00:59:28.066,7971123955
3569.650082,3569.066000,-0.584082,00:59:29.066,7971820298
3570.664918,3570.099000,-0.565918,00:59:30.099,7972542274
3571.666144,3571.099000,-0.567144,00:59:31.099,7973247043
3572.681793,3572.099000,-0.582793,00:59:32.099,7974003335
3573.695922,3573.133000,-0.562922,00:59:33.133,7974732943
3574.707750,3574.133000,-0.574750,00:59:34.133,7975427769
3575.710045,3575.133000,-0.577045,00:59:35.133,7976122891
3576.726273,3576.166000,-0.560273,00:59:36.166,7976851428
3577.737198,3577.166000,-0.571198,00:59:37.166,7977551371
3578.752816,3578.166000,-0.586816,00:59:38.166,7978249577
3579.768778,3579.199000,-0.569778,00:59:39.199,7978966812
3580.780713,3580.199000,-0.581713,00:59:40.199,7979715326
3581.783936,3581.199000,-0.584936,00:59:41.199,7980419750
3582.797651,3582.233000,-0.564651,00:59:42.233,7981138481
3583.811025,3583.233000,-0.578025,00:59:43.233,7981825364
3584.824838,3584.266000,-0.558838,00:59:44.266,7982531510
3585.827459,3585.266000,-0.561459,00:59:45.266,7983213742
3586.829602,3586.266000,-0.563602,00:59:46.266,7983894779
3587.841082,3587.266000,-0.575082,00:59:47.266,7984579245
3588.855132,3588.299000,-0.556132,00:59:48.299,7985293308
3589.869861,3589.299000,-0.570861,00:59:49.299,7986029261
3590.884951,3590.299000,-0.585951,00:59:50.299,7986728638
3591.898547,3591.333000,-0.565547,00:59:51.333,7987438681
3592.901187,3592.333000,-0.568187,00:59:52.333,7988131539
3593.905247,3593.333000,-0.572247,00:59:53.333,7988818128
3594.918124,3594.333000,-0.585124,00:59:54.333,7989511465
3595.931802,3595.366000,-0.565802,00:59:55.366,7990219587
3596.946778,3596.366000,-0.580778,00:59:56.366,7990902211
3597.949824,3597.366000,-0.583824,00:59:57.366,7991628761
3598.950943,3598.366000,-0.584943,00:59:58.366,7992303175
3599.952941,3599.366000,-0.586941,00:59:59.366,7992984747
3600.957140,3600.399000,-0.558140,01:00:00.399,7993695803
3601.962067,3601.399000,-0.563067,01:00:01.399,7994381050
3602.971323,3602.399000,-0.572323,01:00:02.399,7995061405
3603.975183,3603.399000,-0.576183,01:00:03.399,7995746656
3604.977764,3604.399000,-0.578764,01:00:04.399,7996422535
3605.992758,3605.433000,-0.559758,01:00:05.433,7997167440
3606.998314,3606.433000,-0.565314,01:00:06.433,7997848430
3607.999677,3607.433000,-0.566677,01:00:07.433,7998542418
3609.003117,3608.433000,-0.570117,01:00:08.433,7999242510
3610.008185,3609.433000,-0.575185,01:00:09.433,7999939508
3611.009559,3610.433000,-0.576559,01:00:10.433,8000624538
3612.013916,3611.433000,-0.580916,01:00:11.433,8001307133
3613.016765,3612.433000,-0.583765,01:00:12.433,8001992332
3614.021858,3613.433000,-0.588858,01:00:13.433,8002714233
3615.025764,3614.466000,-0.559764,01:00:14.466,8003429550
3616.032074,3615.466000,-0.566074,01:00:15.466,8004110610
3617.041214,3616.466000,-0.575214,01:00:16.466,8004793490
3618.043980,3617.466000,-0.577980,01:00:17.466,8005474999
3619.059416,3618.499000,-0.560416,01:00:18.499,8006190237
3620.067123,3619.499000,-0.568123,01:00:19.499,8006865865
3621.071932,3620.499000,-0.572932,01:00:20.499,8007542142
3622.076162,3621.499000,-0.577162,01:00:21.499,8008221727
3623.082656,3622.499000,-0.583656,01:00:22.499,8008953625
3624.086842,3623.499000,-0.587842,01:00:23.499,8009631798
3625.088043,3624.499000,-0.589043,01:00:24.499,8010315845
3626.096417,3625.533000,-0.563417,01:00:25.533,8011025529
3627.098236,3626.533000,-0.565236,01:00:26.533,8011715242
3628.101087,3627.533000,-0.568087,01:00:27.533,8012411017
3629.106052,3628.533000,-0.573052,01:00:28.533,8013100285
3630.113092,3629.533000,-0.580092,01:00:29.533,8013791566
3631.117226,3630.533000,-0.584226,01:00:30.533,8014530512
3632.126124,3631.566000,-0.560124,01:00:31.566,8015248264
3633.127826,3632.566000,-0.561826,01:00:32.566,8015936907
3634.133854,3633.566000,-0.567854,01:00:33.566,8016631256
3635.142797,3634.566000,-0.576797,01:00:34.566,8017323611
3636.147743,3635.566000,-0.581743,01:00:35.566,8018014086
3637.151281,3636.566000,-0.585281,01:00:36.566,8018707139
3638.157081,3637.599000,-0.558081,01:00:37.599,8019428481
3639.163867,3638.599000,-0.564867,01:00:38.599,8020169158
3640.170052,3639.599000,-0.571052,01:00:39.599,8020860230
3641.176172,3640.599000,-0.577172,01:00:40.599,8021542478
3642.179588,3641.599000,-0.580588,01:00:41.599,8022229686
3643.181281,3642.599000,-0.582281,01:00:42.599,8022917613
3644.194503,3643.633000,-0.561503,01:00:43.633,8023622750
3645.211331,3644.633000,-0.578331,01:00:44.633,8024299140
3646.224991,3645.666000,-0.558991,01:00:45.666,8025013633
3647.227236,3646.666000,-0.561236,01:00:46.666,8025688710
3648.231101,3647.666000,-0.565101,01:00:47.666,8026434782
3649.233795,3648.666000,-0.567795,01:00:48.666,8027138925
3650.241164,3649.666000,-0.575164,01:00:49.666,8027836737
3651.244623,3650.666000,-0.578623,01:00:50.666,8028530875
3652.250751,3651.666000,-0.584751,01:00:51.666,8029221073
3653.258884,3652.699000,-0.559884,01:00:52.699,8029941445
3654.261066,3653.699000,-0.562066,01:00:53.699,8030640028
3655.276759,3654.699000,-0.577759,01:00:54.699,8031339576
3656.289013,3655.733000,-0.556013,01:00:55.733,8032115478
3657.305502,3656.733000,-0.572502,01:00:56.733,8032816642
3658.308777,3657.733000,-0.575777,01:00:57.733,8033514534
3659.314881,3658.733000,-0.581881,01:00:58.733,8034196907
3660.320091,3659.733000,-0.587091,01:00:59.733,8034889807
3661.321088,3660.733000,-0.588088,01:01:00.733,8035578218
3662.322360,3661.766000,-0.556360,01:01:01.766,8036290325
3663.324709,3662.766000,-0.558709,01:01:02.766,8036986658
3664.333194,3663.766000,-0.567194,01:01:03.766,8037730272
3665.338096,3664.766000,-0.572096,01:01:04.766,8038423602
3666.340791,3665.766000,-0.574791,01:01:05.766,8039110975
3667.356566,3666.799000,-0.557566,01:01:06.799,8039821011
3668.358569,3667.799000,-0.559569,01:01:07.799,8040507433
3669.362642,3668.799000,-0.563642,01:01:08.799,8041195342
3670.368764,3669.799000,-0.569764,01:01:09.799,8041878935
3671.372643,3670.799000,-0.573643,01:01:10.799,8042568685
3672.384791,3671.799000,-0.585791,01:01:11.799,8043298386
3673.387109,3672.799000,-0.588109,01:01:12.799,8043989598
3674.388633,3673.799000,-0.589633,01:01:13.799,8044672759
3675.392229,3674.833000,-0.559229,01:01:14.833,8045381495
3676.399718,3675.833000,-0.566718,01:01:15.833,8046063687
3677.403884,3676.833000,-0.570884,01:01:16.833,8046750224
3678.407090,3677.833000,-0.574090,01:01:17.833,8047433116
3679.411967,3678.833000,-0.578967,01:01:18.833,8048120937
3680.418224,3679.833000,-0.585224,01:01:19.833,8048804242
3681.424914,3680.866000,-0.558914,01:01:20.866,8049550127
3682.430067,3681.866000,-0.564067,01:01:21.866,8050225966
3683.435034,3682.866000,-0.569034,01:01:22.866,8050904929
3684.441346,3683.866000,-0.575346,01:01:23.866,8051597131
3685.443948,3684.866000,-0.577948,01:01:24.866,8052297062
3686.449275,3685.866000,-0.583275,01:01:25.866,8052999458
3687.455203,3686.866000,-0.589203,01:01:26.866,8053686753
3688.471145,3687.899000,-0.572145,01:01:27.899,8054405738
3689.485863,3688.899000,-0.586863,01:01:28.899,8055149096
3690.499437,3689.933000,-0.566437,01:01:29.933,8055853807
3691.514336,3690.933000,-0.581336,01:01:30.933,8056529415
3692.516274,3691.933000,-0.583274,01:01:31.933,8057207921
3693.531988,3692.966000,-0.565988,01:01:32.966,8057908646
3694.535063,3693.966000,-0.569063,01:01:33.966,8058581599
3695.539278,3694.966000,-0.573278,01:01:34.966,8059267601
3696.541223,3695.966000,-0.575223,01:01:35.966,8059960343
3697.543841,3696.966000,-0.577841,01:01:36.966,8060699378
3698.548854,3697.966000,-0.582854,01:01:37.966,8061381964
3699.565221,3698.999000,-0.566221,01:01:38.999,8062090305
3700.570616,3699.999000,-0.571616,01:01:39.999,8062772827
3701.573888,3700.999000,-0.574888,01:01:40.999,8063466472
3702.589128,3701.999000,-0.590128,01:01:41.999,8064160460
3703.599323,3703.033000,-0.566323,01:01:43.033,8064879690
3704.604102,3704.033000,-0.571102,01:01:44.033,8065578186
3705.609323,3705.033000,-0.576323,01:01:45.033,8066272347
3706.624786,3706.066000,-0.558786,01:01:46.066,8067037689
3707.626601,3707.066000,-0.560601,01:01:47.066,8067724561
3708.640964,3708.066000,-0.574964,01:01:48.066,8068410853
3709.654317,3709.066000,-0.588317,01:01:49.066,8069106548
3710.670721,3710.099000,-0.571721,01:01:50.099,8069822248
3711.686687,3711.099000,-0.587687,01:01:51.099,8070510901
3712.687776,3712.099000,-0.588776,01:01:52.099,8071203305
3713.690718,3713.133000,-0.557718,01:01:53.133,8071917495
3714.705136,3714.133000,-0.572136,01:01:54.133,8072658572
3715.720717,3715.133000,-0.587717,01:01:55.133,8073351306
3716.734806,3716.166000,-0.568806,01:01:56.166,8074066530
3717.749761,3717.166000,-0.583761,01:01:57.166,8074751449
3718.751111,3718.166000,-0.585111,01:01:58.166,8075437180
3719.764977,3719.199000,-0.565977,01:01:59.199,8076144994
3720.769968,3720.199000,-0.570968,01:02:00.199,8076827323
3721.784025,3721.199000,-0.585025,01:02:01.199,8077513451
3722.786281,3722.233000,-0.553281,01:02:02.233,8078273025
3723.788501,3723.199000,-0.589501,01:02:03.199,8078940241
3724.792055,3724.233000,-0.559055,01:02:04.233,8079658857
3725.795134,3725.233000,-0.562134,01:02:05.233,8080352780
3726.797705,3726.233000,-0.564705,01:02:06.233,8081037339
3727.812625,3727.233000,-0.579625,01:02:07.233,8081724494
3728.814583,3728.233000,-0.581583,01:02:08.233,8082413509
3729.817860,3729.233000,-0.584860,01:02:09.233,8083108396
3730.821168,3730.233000,-0.588168,01:02:10.233,8083838263
3731.827772,3731.266000,-0.561772,01:02:11.266,8084527024
3732.831996,3732.266000,-0.565996,01:02:12.266,8085206814
3733.833922,3733.266000,-0.567922,01:02:13.266,8085891120
3734.837814,3734.266000,-0.571814,01:02:14.266,8086572770
3735.843949,3735.266000,-0.577949,01:02:15.266,8087251791
3736.853877,3736.266000,-0.587877,01:02:16.266,8087926849
3737.861110,3737.299000,-0.562110,01:02:17.299,8088626444
3738.865152,3738.299000,-0.566152,01:02:18.299,8089313635
3739.869470,3739.299000,-0.570470,01:02:19.299,8090046234
3740.881947,3740.299000,-0.582947,01:02:20.299,8090734250
3741.884977,3741.299000,-0.585977,01:02:21.299,8091425252
3742.887727,3742.299000,-0.588727,01:02:22.299,8092116347
3743.899560,3743.333000,-0.566560,01:02:23.333,8092828029
3744.907543,3744.333000,-0.574543,01:02:24.333,8093519308
3745.913180,3745.333000,-0.580180,01:02:25.333,8094213416
3746.918532,3746.333000,-0.585532,01:02:26.333,8094906331
3747.929336,3747.366000,-0.563336,01:02:27.366,8095672829
3748.940089,3748.366000,-0.574089,01:02:28.366,8096354203
3749.944162,3749.366000,-0.578162,01:02:29.366,8097053773
3750.954742,3750.366000,-0.588742,01:02:30.366,8097749708
3751.960691,3751.399000,-0.561691,01:02:31.399,8098471047
3752.965065,3752.399000,-0.566065,01:02:32.399,8099170882
3753.977093,3753.399000,-0.578093,01:02:33.399,8099859313
3754.982891,3754.399000,-0.583891,01:02:34.399,8100551431
3755.987061,3755.399000,-0.588061,01:02:35.399,8101295500
3756.993039,3756.433000,-0.560039,01:02:36.433,8102003381
3757.998347,3757.433000,-0.565347,01:02:37.433,8102670972
3759.003171,3758.433000,-0.570171,01:02:38.433,8103361933
3760.018353,3759.433000,-0.585353,01:02:39.433,8104020274
3761.022092,3760.433000,-0.589092,01:02:40.433,8104708567
3762.029606,3761.466000,-0.563606,01:02:41.466,8105423679
3763.036397,3762.466000,-0.570397,01:02:42.466,8106097887
3764.043870,3763.466000,-0.577870,01:02:43.466,8106836901
3765.059401,3764.499000,-0.560401,01:02:44.499,8107561338
3766.061892,3765.499000,-0.562892,01:02:45.499,8108235253
3767.063675,3766.499000,-0.564675,01:02:46.499,8108921294
3768.068423,3767.499000,-0.569423,01:02:47.499,8109607095
3769.083842,3768.499000,-0.584842,01:02:48.499,8110279972
3770.087429,3769.499000,-0.588429,01:02:49.499,8110954258
3771.092799,3770.533000,-0.559799,01:02:50.533,8111667808
3772.107471,3771.533000,-0.574471,01:02:51.533,8112340019
3773.124035,3772.566000,-0.558035,01:02:52.566,8113102579
3774.127004,3773.566000,-0.561004,01:02:53.566,8113786627
3775.131829,3774.566000,-0.565829,01:02:54.566,8114475924
3776.138058,3775.566000,-0.572058,01:02:55.566,8115161709
3777.153787,3776.566000,-0.587787,01:02:56.566,8115839095
3778.158027,3777.599000,-0.559027,01:02:57.599,8116562273
3779.163057,3778.599000,-0.564057,01:02:58.599,8117268020
3780.177075,3779.599000,-0.578075,01:02:59.599,8117972822
3781.190652,3780.633000,-0.557652,01:03:00.633,8118720844
3782.194139,3781.633000,-0.561139,01:03:01.633,8119396586
3783.199406,3782.633000,-0.566406,01:03:02.633,8120065124
3784.214718,3783.633000,-0.581718,01:03:03.633,8120734543
3785.231117,3784.666000,-0.565117,01:03:04.666,8121436693
3786.246676,3785.666000,-0.580676,01:03:05.666,8122070879
3787.261302,3786.699000,-0.562302,01:03:06.699,8122767926
3788.277006,3787.699000,-0.578006,01:03:07.699,8123371860
3789.291792,3788.733000,-0.558792,01:03:08.733,8124082840
3790.297018,3789.733000,-0.564018,01:03:09.733,8124688047
3791.304116,3790.733000,-0.571116,01:03:10.733,8125324689
3792.309551,3791.733000,-0.576551,01:03:11.733,8126011911
3793.324649,3792.766000,-0.558649,01:03:12.766,8126707925
3794.339203,3793.766000,-0.573203,01:03:13.766,8127406648
3795.348518,3794.766000,-0.582518,01:03:14.766,8128085186
3796.352360,3795.766000,-0.586360,01:03:15.766,8128713035
3797.356635,3796.799000,-0.557635,01:03:16.799,8129443740
3798.362628,3797.799000,-0.563628,01:03:17.799,8130123919
3799.364802,3798.799000,-0.565802,01:03:18.799,8130798860
3800.367344,3799.799000,-0.568344,01:03:19.799,8131488652
3801.383930,3800.799000,-0.584930,01:03:20.799,8132161980
3802.387687,3801.799000,-0.588687,01:03:21.799,8132837371
3803.403918,3802.833000,-0.570918,01:03:22.833,8133559027
3804.404993,3803.833000,-0.571993,01:03:23.833,8134238245
3805.418626,3804.833000,-0.585626,01:03:24.833,8134914145
3806.428142,3805.866000,-0.562142,01:03:25.866,8135673238
3807.442877,3806.866000,-0.576877,01:03:26.866,8136363457
3808.444043,3807.866000,-0.578043,01:03:27.866,8137022963
3809.453048,3808.866000,-0.587048,01:03:28.866,8137671247
3810.469530,3809.899000,-0.570530,01:03:29.899,8138382765
3811.470843,3810.899000,-0.571843,01:03:30.899,8139046650
3812.473389,3811.899000,-0.574389,01:03:31.899,8139731639
3813.488424,3812.899000,-0.589424,01:03:32.899,8140403622
3814.494235,3813.933000,-0.561235,01:03:33.933,8141078823
3815.508548,3814.933000,-0.575548,01:03:34.933,8141689919
3816.509789,3815.933000,-0.576789,01:03:35.933,8142332669
3817.523838,3816.966000,-0.557838,01:03:36.966,8142993037
3818.539338,3817.966000,-0.573338,01:03:37.966,8143666193
3819.553902,3818.966000,-0.587902,01:03:38.966,8144348251
3820.567583,3819.999000,-0.568583,01:03:39.999,8144979535
3821.579304,3820.999000,-0.580304,01:03:40.999,8145646094
3822.593892,3822.033000,-0.560892,01:03:42.033,8146385468
3823.609896,3823.033000,-0.576896,01:03:43.033,8147061039
3824.611951,3824.033000,-0.578951,01:03:44.033,8147731734
3825.623723,3825.066000,-0.557723,01:03:45.066,8148444463
3826.639156,3826.066000,-0.573156,01:03:46.066,8149133312
3827.654209,3827.066000,-0.588209,01:03:47.066,8149817991
3828.667458,3828.099000,-0.568458,01:03:48.099,8150524459
3829.682039,3829.099000,-0.583039,01:03:49.099,8151209290
3830.697569,3830.133000,-0.564569,01:03:50.133,8151975314
3831.714056,3831.133000,-0.581056,01:03:51.133,8152603669
3832.728217,3832.166000,-0.562217,01:03:52.166,8153318652
3833.742950,3833.166000,-0.576950,01:03:53.166,8153968780
3834.756045,3834.199000,-0.557045,01:03:54.199,8154683851
3835.760957,3835.199000,-0.561957,01:03:55.199,8155318894
3836.776382,3836.199000,-0.577382,01:03:56.199,8156017368
3837.777519,3837.199000,-0.578519,01:03:57.199,8156652175
3838.780837,3838.199000,-0.581837,01:03:58.199,8157341939
3839.794158,3839.233000,-0.561158,01:03:59.233,8158049183
3840.808064,3840.233000,-0.575064,01:04:00.233,8158711174
3841.819452,3841.233000,-0.586452,01:04:01.233,8159340644
3842.832827,3842.266000,-0.566827,01:04:02.266,8160011289
3843.848264,3843.266000,-0.582264,01:04:03.266,8160670176
3844.859139,3844.299000,-0.560139,01:04:04.299,8161373030
3845.860799,3845.299000,-0.561799,01:04:05.299,8162005217
3846.874268,3846.299000,-0.575268,01:04:06.299,8162650603
3847.889064,3847.299000,-0.590064,01:04:07.299,8163295441
3848.902878,3848.333000,-0.569878,01:04:08.333,8163994104
3849.905925,3849.333000,-0.572925,01:04:09.333,8164687378
3850.911085,3850.333000,-0.578085,01:04:10.333,8165371327
3851.921859,3851.333000,-0.588859,01:04:11.333,8166045496
3852.934746,3852.366000,-0.568746,01:04:12.366,8166741585
3853.951044,3853.366000,-0.585044,01:04:13.366,8167430566
3854.966361,3854.399000,-0.567361,01:04:14.399,8168124988
3855.967747,3855.399000,-0.568747,01:04:15.399,8168862799
3856.983151,3856.399000,-0.584151,01:04:16.399,8169510404
3857.999019,3857.433000,-0.566019,01:04:17.433,8170193280
3859.013125,3858.433000,-0.580125,01:04:18.433,8170820243
3860.016743,3859.433000,-0.583743,01:04:19.433,8171447674
3861.031992,3860.466000,-0.565992,01:04:20.466,8172124125
3862.045580,3861.466000,-0.579580,01:04:21.466,8172750394
3863.048493,3862.466000,-0.582493,01:04:22.466,8173385364
3864.056629,3863.499000,-0.557629,01:04:23.499,8174108043
3865.061730,3864.499000,-0.562730,01:04:24.499,8174740527
3866.064712,3865.499000,-0.565712,01:04:25.499,8175422357
3867.071214,3866.499000,-0.572214,01:04:26.499,8176042425
3868.076282,3867.499000,-0.577282,01:04:27.499,8176673135
3869.077556,3868.499000,-0.578556,01:04:28.499,8177311550
3870.088698,3869.499000,-0.589698,01:04:29.499,8177945334
3871.103894,3870.533000,-0.570894,01:04:30.533,8178585695
3872.105000,3871.533000,-0.572000,01:04:31.533,8179225255
3873.120847,3872.533000,-0.587847,01:04:32.533,8179926098
3874.126488,3873.566000,-0.560488,01:04:33.566,8180591446
3875.140649,3874.566000,-0.574649,01:04:34.566,8181261916
3876.142989,3875.566000,-0.576989,01:04:35.566,8181952988
3877.146387,3876.566000,-0.580387,01:04:36.566,8182568865
3878.147794,3877.566000,-0.581794,01:04:37.566,8183202757
3879.162139,3878.599000,-0.563139,01:04:38.599,8183832305
3880.176336,3879.599000,-0.577336,01:04:39.599,8184476077
3881.192002,3880.633000,-0.559002,01:04:40.633,8185196916
3882.196314,3881.633000,-0.563314,01:04:41.633,8185824545
3883.212720,3882.633000,-0.579720,01:04:42.633,8186466760
3884.218590,3883.633000,-0.585590,01:04:43.633,8187050047
3885.221096,3884.633000,-0.588096,01:04:44.633,8187696898
3886.226763,3885.666000,-0.560763,01:04:45.666,8188336316
3887.230961,3886.666000,-0.564961,01:04:46.666,8189002909
3888.232079,3887.666000,-0.566079,01:04:47.666,8189593328
3889.247851,3888.666000,-0.581851,01:04:48.666,8190249556
3890.249324,3889.666000,-0.583324,01:04:49.666,8190834812
3891.251217,3890.666000,-0.585217,01:04:50.666,8191482000
3892.254237,3891.666000,-0.588237,01:04:51.666,8192108458
3893.257114,3892.699000,-0.558114,01:04:52.699,8192766244
3894.272165,3893.699000,-0.573165,01:04:53.699,8193412794
3895.286490,3894.733000,-0.553490,01:04:54.733,8194106119
3896.289311,3895.733000,-0.556311,01:04:55.733,8194761247
3897.291893,3896.733000,-0.558893,01:04:56.733,8195433049
3898.306246,3897.733000,-0.573246,01:04:57.733,8196203964
3899.319604,3898.766000,-0.553604,01:04:58.766,8196885782
3900.331723,3899.766000,-0.565723,01:04:59.766,8197564285
3901.347594,3900.766000,-0.581594,01:05:00.766,8198238806
3902.358338,3901.799000,-0.559338,01:05:01.799,8198861121
3903.371861,3902.799000,-0.572861,01:05:02.799,8199509945
3904.385477,3903.799000,-0.586477,01:05:03.799,8200184346
3905.401042,3904.833000,-0.568042,01:05:04.833,8200858965
3906.415379,3905.833000,-0.582379,01:05:05.833,8201591315
3907.420696,3906.833000,-0.587696,01:05:06.833,8202280466
3908.421991,3907.833000,-0.588991,01:05:07.833,8202933130
3909.426079,3908.866000,-0.560079,01:05:08.866,8203591263
3910.439375,3909.866000,-0.573375,01:05:09.866,8204218530
3911.452824,3910.866000,-0.586824,01:05:10.866,8204904481
3912.467182,3911.899000,-0.568182,01:05:11.899,8205558089
3913.483105,3912.899000,-0.584105,01:05:12.899,8206195374
3914.497496,3913.933000,-0.564496,01:05:13.933,8206937042
3915.509378,3914.933000,-0.576378,01:05:14.933,8207567920
3916.523766,3915.966000,-0.557766,01:05:15.966,8208206191
3917.538552,3916.966000,-0.572552,01:05:16.966,8208874445
3918.554300,3917.966000,-0.588300,01:05:17.966,8209550066
3919.566184,3918.999000,-0.567184,01:05:18.999,8210271927
3920.581810,3919.999000,-0.582810,01:05:19.999,8210907795
3921.595055,3921.033000,-0.562055,01:05:21.033,8211586101
3922.609789,3922.033000,-0.576789,01:05:22.033,8212268152
3923.624763,3923.066000,-0.558763,01:05:23.066,8212903212
3924.639175,3924.066000,-0.573175,01:05:24.066,8213534068
3925.653782,3925.066000,-0.587782,01:05:25.066,8214205834
3926.667231,3926.099000,-0.568231,01:05:26.099,8214930333
3927.683099,3927.099000,-0.584099,01:05:27.099,8215606053
3928.686929,3928.099000,-0.587929,01:05:28.099,8216235832
3929.688638,3929.099000,-0.589638,01:05:29.099,8216924365
3930.698331,3930.133000,-0.565331,01:05:30.133,8217669893
3931.703171,3931.133000,-0.570171,01:05:31.133,8218313639
3932.707037,3932.133000,-0.574037,01:05:32.133,8218963468
3933.714565,3933.133000,-0.581565,01:05:33.133,8219597270
3934.719421,3934.133000,-0.586421,01:05:34.133,8220257284
3935.720680,3935.133000,-0.587680,01:05:35.133,8220918049
3936.728498,3936.166000,-0.562498,01:05:36.166,8221610444
3937.734396,3937.166000,-0.568396,01:05:37.166,8222263546
3938.751169,3938.166000,-0.585169,01:05:38.166,8222919721
3939.754819,3939.166000,-0.588819,01:05:39.166,8223632820
3940.761805,3940.199000,-0.562805,01:05:40.199,8224308838
3941.762845,3941.199000,-0.563845,01:05:41.199,8224942953
3942.778448,3942.199000,-0.579448,01:05:42.199,8225627457
3943.784502,3943.199000,-0.585502,01:05:43.199,8226299909
3944.786766,3944.199000,-0.587766,01:05:44.199,8226952234
3945.802205,3945.233000,-0.569205,01:05:45.233,8227606451
3946.808464,3946.233000,-0.575464,01:05:46.233,8228252222
3947.816422,3947.233000,-0.583422,01:05:47.233,8228970643
3948.824830,3948.266000,-0.558830,01:05:48.266,8229684994
3949.841809,3949.266000,-0.575809,01:05:49.266,8230315910
3950.847446,3950.266000,-0.581446,01:05:50.266,8230984171
3951.856545,3951.299000,-0.557545,01:05:51.299,8231683280
3952.861065,3952.299000,-0.562065,01:05:52.299,8232323061
3953.870836,3953.299000,-0.571836,01:05:53.299,8232942407
3954.877442,3954.299000,-0.578442,01:05:54.299,8233602544
3955.883042,3955.299000,-0.584042,01:05:55.299,8234302072
3956.890747,3956.333000,-0.557747,01:05:56.333,8235000379
3957.892009,3957.333000,-0.559009,01:05:57.333,8235650971
3958.899361,3958.333000,-0.566361,01:05:58.333,8236282849
3959.902503,3959.333000,-0.569503,01:05:59.333,8236977449
3960.903539,3960.333000,-0.570539,01:06:00.333,8237596720
3961.911969,3961.333000,-0.578969,01:06:01.333,8238278763
3962.928526,3962.366000,-0.562526,01:06:02.366,8238967602
3963.931401,3963.366000,-0.565401,01:06:03.366,8239630156
3964.936401,3964.366000,-0.570401,01:06:04.366,8240323967
3965.941749,3965.366000,-0.575749,01:06:05.366,8241015918
3966.944006,3966.366000,-0.578006,01:06:06.366,8241670728
3967.948692,3967.366000,-0.582692,01:06:07.366,8242338028
3968.953067,3968.366000,-0.587067,01:06:08.366,8243029848
3969.968002,3969.399000,-0.569002,01:06:09.399,8243698692
3970.981864,3970.399000,-0.582864,01:06:10.399,8244392203
3971.985111,3971.399000,-0.586111,01:06:11.399,8245029321
3973.000900,3972.433000,-0.567900,01:06:12.433,8245707379
3974.014357,3973.433000,-0.581357,01:06:13.433,8246363146
3975.016382,3974.433000,-0.583382,01:06:14.433,8247002146
3976.033001,3975.466000,-0.567001,01:06:15.466,8247709197
3977.036981,3976.466000,-0.570981,01:06:16.466,8248373929
3978.038250,3977.466000,-0.572250,01:06:17.466,8249035560
3979.054359,3978.466000,-0.588359,01:06:18.466,8249743229
3980.056361,3979.499000,-0.557361,01:06:19.499,8250435441
3981.072674,3980.499000,-0.573674,01:06:20.499,8251241722
3982.084169,3981.499000,-0.585169,01:06:21.499,8251773285
3983.096543,3982.533000,-0.563543,01:06:22.533,8252517027
3984.098077,3983.533000,-0.565077,01:06:23.533,8253214769
3985.100852,3984.533000,-0.567852,01:06:24.533,8253924906
3986.116076,3985.533000,-0.583076,01:06:25.533,8254627632
3987.132561,3986.566000,-0.566561,01:06:26.566,8255341205
3988.146425,3987.566000,-0.580425,01:06:27.566,8256010807
3989.162734,3988.599000,-0.563734,01:06:28.599,8256727092
3990.166475,3989.599000,-0.567475,01:06:29.599,8257460433
3991.177246,3990.599000,-0.578246,01:06:30.599,8258139160
3992.190947,3991.633000,-0.557947,01:06:31.633,8258838880
3993.192046,3992.633000,-0.559046,01:06:32.633,8259518336
3994.194444,3993.633000,-0.561444,01:06:33.633,8259883083
