time_s,scheduled_time_s,x,y,z,roll_rad,pitch_rad,yaw_rad,valid
0.003063,0.003058,0.000009,-5.999987,1.124696,0.000000000,0.000279546,3.141591787,1
0.054239,0.053058,0.000009,-5.999987,1.124696,0.000000000,0.000279546,3.141591787,1
0.103300,0.103058,0.000009,-5.999987,1.124696,0.000000000,0.000279546,3.141591787,1
0.153834,0.153058,0.000009,-5.999987,1.124696,0.000000000,0.000279546,3.141591787,1
0.203963,0.203058,0.000009,-5.999987,1.124696,0.000000000,0.000279546,3.141591787,1
0.254024,0.253058,0.000009,-5.999987,1.124696,0.000000000,0.000279546,3.141591787,1
0.303349,0.303058,0.000009,-5.999987,1.124696,0.000000000,0.000279546,3.141591787,1
0.353886,0.353058,0.000009,-5.999987,1.124696,0.000000000,0.000279546,3.141591787,1
0.403992,0.403058,0.000009,-5.999987,1.124696,0.000000000,0.000279546,3.141591787,1
0.529431,0.529430,0.000009,-5.999987,1.124696,0.000000000,0.000279546,3.141591787,1
0.579392,0.579430,0.000009,-5.999987,1.124696,0.000000000,0.000279546,3.141591787,1
0.630926,0.629430,0.000009,-5.999987,1.124696,0.000000000,0.000279546,3.141591787,1
0.681015,0.679430,0.000009,-5.999987,1.124696,0.000000000,0.000279546,3.141591787,1
0.730161,0.729430,0.000009,-5.999987,1.124696,0.000000000,0.000279546,3.141591787,1
0.781207,0.779430,0.000009,-5.999987,1.124696,0.000000000,0.000279546,3.141591787,1
0.830346,0.829430,0.000009,-5.999987,1.124696,0.000000000,0.000279546,3.141591787,1
0.880887,0.879430,0.000009,-5.999987,1.124696,0.000000000,0.000279546,3.141591787,1
0.929065,0.929430,0.000009,-5.999987,1.124696,0.000000000,0.000279546,3.141591787,1
0.980119,0.979430,0.000009,-5.999987,1.124696,0.000000000,0.000279546,3.141591787,1
1.029281,1.029430,0.000009,-5.999987,1.124696,0.000000000,0.000279546,3.141591787,1
1.080350,1.079430,0.000009,-5.999987,1.124696,0.000000000,0.000279546,3.141591787,1
1.130910,1.129430,0.000009,-5.999987,1.124696,0.000000000,0.000279546,3.141591787,1
1.180017,1.179430,0.000009,-5.999987,1.124696,0.000000000,0.000279546,3.141591787,1
1.229168,1.229430,0.000009,-5.999987,1.124696,0.000000000,0.000279546,3.141591787,1
1.280214,1.279430,0.000009,-5.999987,1.124696,0.000000000,0.000279546,3.141591787,1
1.329364,1.329430,0.000009,-5.999987,1.124696,0.000000000,0.000279546,3.141591787,1
1.379920,1.379430,0.000009,-5.999987,1.124696,0.000000000,0.000279546,3.141591787,1
1.429080,1.429430,0.000009,-5.999987,1.124696,0.000000000,0.000279546,3.141591787,1
1.480126,1.479430,0.000009,-5.999987,1.124696,0.000000000,0.000279546,3.141591787,1
1.529270,1.529430,0.000009,-5.999987,1.124696,0.000000000,0.000279546,3.141591787,1
1.580358,1.579430,0.000009,-5.999987,1.124696,0.000000000,0.000279546,3.141591787,1
1.629927,1.629430,0.000009,-5.999987,1.124696,0.000000000,0.000279546,3.141591787,1
1.680994,1.679430,0.000009,-5.999987,1.124696,0.000000000,0.000279546,3.141591787,1
1.730141,1.729430,0.000009,-5.999987,1.124696,0.000000000,0.000279546,3.141591787,1
1.780202,1.779430,0.000009,-5.999987,1.124696,0.000000000,0.000279546,3.141591787,1
1.830314,1.829430,0.000009,-5.999987,1.124696,0.000000000,0.000279546,3.141591787,1
1.879075,1.879430,0.000009,-5.999987,1.124696,0.000000000,0.000279546,3.141591787,1
1.929182,1.929430,0.000009,-5.999987,1.124696,0.000000000,0.000279546,3.141591787,1
1.980241,1.979430,0.000009,-5.999987,1.124696,0.000000000,0.000279546,3.141591787,1
2.029392,2.029430,0.000009,-5.999987,1.124696,0.000000000,0.000279546,3.141591787,1
2.079932,2.079430,0.000009,-5.999987,1.124696,0.000000000,0.000279546,3.141591787,1
2.129084,2.129430,0.000009,-5.999987,1.124696,0.000000000,0.000279546,3.141591787,1
2.180154,2.179430,0.000009,-5.999987,1.124696,0.000000000,0.000279546,3.141591787,1
2.230269,2.229430,0.000009,-5.999987,1.124696,0.000000000,0.000279546,3.141591787,1
2.280339,2.279430,0.000009,-5.999987,1.124696,0.000000000,0.000279546,3.141591787,1
2.329938,2.329430,0.000009,-5.999987,1.124696,0.000000000,0.000279546,3.141591787,1
2.381183,2.379430,0.000009,-5.999987,1.124696,0.000000000,0.000279546,3.141591787,1
2.429132,2.429430,0.000009,-5.999987,1.124696,0.000000000,0.000279546,3.141591787,1
2.480179,2.479430,0.000009,-5.999987,1.124696,0.000000000,0.000279546,3.141591787,1
2.529383,2.529430,0.000009,-5.999987,1.124696,0.000000000,0.000279546,3.141591787,1
2.580486,2.579430,0.000009,-5.999987,1.124696,0.000000000,0.000279546,3.141591787,1
2.630018,2.629430,0.000009,-5.999987,1.124696,0.000000000,0.000279546,3.141591787,1
2.681084,2.679430,0.000009,-5.999987,1.124696,0.000000000,0.000279546,3.141591787,1
2.729250,2.729430,0.000009,-5.999987,1.124696,0.000000000,0.000279546,3.141591787,1
2.780355,2.779430,0.000009,-5.999987,1.124696,0.000000000,0.000279546,3.141591787,1
2.829912,2.829430,0.000009,-5.999987,1.124696,0.000000000,0.000279546,3.141591787,1
2.881029,2.879430,0.000009,-5.999987,1.124696,0.000000000,0.000279546,3.141591787,1
2.929144,2.929430,0.000009,-5.999987,1.124696,0.000000000,0.000279546,3.141591787,1
2.981149,2.979430,0.000009,-5.999987,1.124696,0.000000000,0.000279546,3.141591787,1
3.029328,3.029430,0.000009,-5.999987,1.124696,0.000000000,0.000279546,3.141591787,1
3.080396,3.079430,0.000009,-5.999987,1.124696,0.000000000,0.000279546,3.141591787,1
3.130018,3.129430,0.000009,-5.999987,1.124696,0.000000000,0.000279546,3.141591787,1
3.181140,3.179430,0.000009,-5.999987,1.124696,0.000000000,0.000279546,3.141591787,1
3.228268,3.229430,0.000009,-5.999987,1.124696,0.000000000,0.000279546,3.141591787,1
3.280515,3.279430,0.000009,-5.999987,1.124696,0.000000000,0.000279546,3.141591787,1
3.329924,3.329430,0.000009,-5.999987,1.124696,0.000000000,0.000279546,3.141591787,1
3.379479,3.379430,0.000009,-5.999987,1.124696,0.000000000,0.000279546,3.141591787,1
3.429405,3.429430,0.000009,-5.999987,1.124696,0.000000000,0.000279546,3.141591787,1
3.479957,3.479430,0.000009,-5.999987,1.124696,0.000000000,0.000279546,3.141591787,1
3.529088,3.529430,0.000009,-5.999987,1.124696,0.000000000,0.000279546,3.141591787,1
3.579187,3.579430,0.000009,-5.999987,1.124696,0.000000000,0.000279546,3.141591787,1
3.630288,3.629430,0.000009,-5.999987,1.124696,0.000000000,0.000279546,3.141591787,1
3.679385,3.679430,0.000009,-5.999987,1.124696,0.000000000,0.000279546,3.141591787,1
3.730026,3.729430,0.000009,-5.999987,1.124696,0.000000000,0.000279546,3.141591787,1
3.780077,3.779430,0.000009,-5.999987,1.124696,0.000000000,0.000279546,3.141591787,1
3.829226,3.829430,0.000009,-5.999987,1.124696,0.000000000,0.000279546,3.141591787,1
3.880277,3.879430,0.000009,-5.999987,1.124696,0.000000000,0.000279546,3.141591787,1
3.929934,3.929430,0.000009,-5.999987,1.124696,0.000000000,0.000279546,3.141591787,1
3.980003,3.979430,0.000009,-5.999987,1.124696,0.000000000,0.000279546,3.141591787,1
4.029215,4.029430,0.000009,-5.999987,1.124696,0.000000000,0.000279546,3.141591787,1
4.080193,4.079430,0.000009,-5.999987,1.124696,0.000000000,0.000279546,3.141591787,1
4.128361,4.129430,0.000009,-5.999987,1.124696,0.000000000,0.000279546,3.141591787,1
4.179888,4.179430,0.000009,-5.999987,1.124696,0.000000000,0.000279546,3.141591787,1
4.230976,4.229430,0.000009,-5.999987,1.124696,0.000000000,0.000279546,3.141591787,1
4.280964,4.279430,0.000009,-5.999987,1.124696,0.000000000,0.000279546,3.141591787,1
4.330037,4.329430,0.000009,-5.999987,1.124696,0.000000000,0.000279546,3.141591787,1
4.381074,4.379430,0.000009,-5.999987,1.124696,0.000000000,0.000279546,3.141591787,1
4.429296,4.429430,0.000009,-5.999987,1.124696,0.000000000,0.000279546,3.141591787,1
4.480350,4.479430,0.000009,-5.999987,1.124696,0.000000000,0.000279546,3.141591787,1
4.529896,4.529430,0.000009,-5.999987,1.124696,0.000000000,0.000279546,3.141591787,1
4.580013,4.579430,0.000009,-5.999987,1.124696,0.000000000,0.000279546,3.141591787,1
4.630047,4.629430,0.000009,-5.999987,1.124696,0.000000000,0.000279546,3.141591787,1
4.681082,4.679430,0.000009,-5.999987,1.124696,0.000000000,0.000279546,3.141591787,1
4.729195,4.729430,0.000009,-5.999987,1.124696,0.000000000,0.000279546,3.141591787,1
4.780234,4.779430,0.000009,-5.999987,1.124696,0.000000000,0.000279546,3.141591787,1
4.829346,4.829430,0.000009,-5.999987,1.124696,0.000000000,0.000279546,3.141591787,1
4.879880,4.879430,0.000009,-5.999987,1.124696,0.000000000,0.000279546,3.141591787,1
4.928991,4.929430,0.000009,-5.999987,1.124696,0.000000000,0.000279546,3.141591787,1
4.980092,4.979430,0.000009,-5.999987,1.124696,0.000000000,0.000279546,3.141591787,1
5.029157,5.029430,0.000009,-5.999987,1.124696,0.000000000,0.000279546,3.141591787,1
5.081167,5.079430,0.000009,-5.999987,1.124696,0.000000000,0.000279546,3.141591787,1
5.129353,5.129430,0.000009,-5.999987,1.124696,0.000000000,0.000279546,3.141591787,1
5.179559,5.179430,0.000009,-5.999987,1.124696,0.000000000,0.000279546,3.141591787,1
5.230047,5.229430,0.000009,-5.999987,1.124696,0.000000000,0.000279546,3.141591787,1
5.279149,5.279430,0.000009,-5.999987,1.124696,0.000000000,0.000279546,3.141591787,1
5.329324,5.329430,0.000009,-5.999987,1.124696,0.000000000,0.000279546,3.141591787,1
5.380323,5.379430,-0.000031,-5.999987,1.124696,0.000000000,0.000279546,3.141591787,1
5.429928,5.429430,-0.000223,-5.999987,1.124696,0.000000000,0.000279546,3.141591787,1
5.479222,5.479430,-0.000327,-5.999986,1.124696,0.000000000,0.000279546,3.141591787,1
5.530342,5.529430,-0.000550,-5.999985,1.124696,0.000000000,0.000279546,3.141591787,1
5.578943,5.579430,-0.001104,-5.999985,1.124696,0.000000000,0.000279546,3.141591787,1
5.630039,5.629430,-0.004384,-5.999985,1.124695,0.000000000,0.000279546,3.141586781,1
5.680103,5.679430,-0.007625,-5.999984,1.124694,0.000000000,0.000279546,3.141582251,1
5.730236,5.729430,-0.018368,-5.999983,1.124691,0.000000000,0.000279546,3.141556501,1
5.780295,5.779430,-0.026227,-5.999983,1.124689,0.000000000,0.000279546,3.141540766,1
5.828911,5.829430,-0.047643,-5.999980,1.124683,0.000000000,0.000279546,3.141497374,1
5.881082,5.879430,-0.061443,-5.999978,1.124679,0.000000000,0.000279546,3.141460180,1
5.929064,5.929430,-0.095742,-5.999972,1.124670,0.000000000,0.000279546,3.141384602,1
5.980119,5.979430,-0.116409,-5.999966,1.124664,0.000000000,0.000279546,3.141335964,1
6.030205,6.029430,-0.165128,-5.999950,1.124651,0.000000000,0.000279546,3.141247988,1
6.081248,6.079430,-0.193300,-5.999939,1.124642,0.000000000,0.000279546,3.141200542,1
6.129865,6.129430,-0.257504,-5.999907,1.124625,0.000000000,0.000279546,3.141083717,1
6.179927,6.179430,-0.293779,-5.999887,1.124614,0.000000000,0.000279546,3.141046762,1
6.229082,6.229430,-0.374046,-5.999837,1.124592,0.000000000,0.000279546,3.140939713,1
6.280193,6.279430,-0.418430,-5.999806,1.124580,0.000000000,0.000279546,3.140892506,1
6.329324,6.329430,-0.515625,-5.999726,1.124553,0.000000000,0.000279546,3.140762806,1
6.379323,6.379430,-0.568482,-5.999679,1.124538,-0.000000000,0.000279546,3.140696287,1
6.429905,6.429430,-0.682798,-5.999559,1.124506,0.000000000,0.000279546,3.140514851,1
6.480928,6.479430,-0.744279,-5.999486,1.124489,0.000000000,0.000279546,3.140423059,1
6.529080,6.529430,-0.875770,-5.999309,1.124452,0.000000000,0.000279546,3.140189648,1
6.581122,6.579430,-0.945969,-5.999203,1.124433,0.000000000,0.000279546,3.140079975,1
6.630246,6.629430,-1.095158,-5.998964,1.124391,-0.000000000,0.000279546,3.139966726,1
6.680415,6.679430,-1.174156,-5.998828,1.124369,-0.000000000,0.000279546,3.139874458,1
6.729921,6.729430,-1.342937,-5.998505,1.124322,0.000000000,0.000279546,3.139644861,1
6.779029,6.779430,-1.430939,-5.998329,1.124297,0.000000000,0.000279546,3.139593124,1
6.830140,6.829430,-1.615977,-5.997932,1.124245,-0.000000000,0.000279546,3.139396906,1
6.879410,6.879430,-1.713017,-5.997710,1.124218,0.000000000,0.000279546,3.139310360,1
6.929351,6.929430,-1.915803,-5.997217,1.124162,0.000000000,0.000279546,3.139108419,1
6.980292,6.979430,-2.021569,-5.996946,1.124132,-0.000000000,0.000279546,3.139030457,1
7.029936,7.029430,-2.242174,-5.996363,1.124071,0.000000000,0.000279546,3.138926983,1
7.079965,7.079430,-2.356848,-5.996051,1.124038,-0.000000000,0.000279546,3.138884544,1
7.130056,7.129430,-2.594959,-5.995396,1.123972,0.000000000,0.000279546,3.138839245,1
7.180117,7.179430,-2.718585,-5.995052,1.123937,0.000000000,0.000279546,3.138807774,1
7.230217,7.229430,-2.974612,-5.994352,1.123865,0.000000021,0.000279546,3.138882875,1
7.279081,7.279430,-3.107015,-5.993996,1.123829,0.000000026,0.000279546,3.138899565,1
7.330162,7.329430,-3.380944,-5.993231,1.123752,0.000000000,0.000279546,3.138757944,1
7.380432,7.379430,-3.522478,-5.992816,1.123712,0.000000000,0.000279546,3.138659954,1
7.430344,7.429430,-3.814312,-5.991934,1.123631,-0.000000000,0.000279546,3.138527155,1
7.480882,7.479430,-3.964616,-5.991468,1.123589,0.000000000,0.000279546,3.138493061,1
7.531171,7.529430,-4.274351,-5.990517,1.123502,0.000000027,0.000279546,3.138569355,1
7.581096,7.579430,-4.433786,-5.990051,1.123458,0.000000055,0.000279546,3.138671160,1
7.630278,7.629430,-4.761268,-5.989181,1.123366,0.000000165,0.000279546,3.139063120,1
7.679845,7.679430,-4.929494,-5.988795,1.123320,0.000000231,0.000279546,3.139299393,1
7.729935,7.729430,-5.275085,-5.988091,1.123223,0.000000328,0.000279546,3.139644861,1
7.779994,7.779430,-5.452452,-5.987772,1.123173,0.000000371,0.000279546,3.139799833,1
7.830088,7.829430,-5.815978,-5.987242,1.123072,0.000000489,0.000279546,3.140222788,1
7.880407,7.879430,-6.002136,-5.987012,1.123020,0.000000528,0.000279546,3.140361786,1
7.930261,7.929430,-6.383593,-5.986635,1.122914,0.000000621,0.000279546,3.140694141,1
7.980896,7.979430,-6.578720,-5.986510,1.122859,0.000000693,0.000279546,3.140951157,1
8.030037,8.029430,-6.978192,-5.986379,1.122748,0.000000816,0.000279546,3.141390562,1
8.080098,8.079430,-7.182284,-5.986397,1.122691,0.000000896,0.000279546,-3.141506433,1
8.129958,8.129430,-7.598535,-5.986624,1.122911,-0.000477771,0.002175212,-3.140887499,1
8.181000,8.179430,-7.810461,-5.986835,1.122920,-0.000794155,0.000420213,-3.140552998,1
8.230147,8.229430,-8.243176,-5.987485,1.122395,0.000005154,-0.001078129,-3.139983892,1
8.279295,8.279430,-8.464129,-5.987845,1.122331,0.000000236,-0.001082063,-3.139959097,1
8.330329,8.329430,-8.915689,-5.988459,1.122205,0.000000622,-0.001082063,-3.140316248,1
8.379883,8.379430,-9.145905,-5.988689,1.122141,0.000000926,-0.001082063,-3.140596628,1
8.429994,8.429430,-9.615711,-5.988975,1.122010,0.000001491,-0.001082063,-3.141119003,1
8.481045,8.479430,-9.854348,-5.989025,1.121933,-0.000000533,-0.001082063,-3.141381025,1
8.530190,8.529430,-10.336095,-5.988905,1.120287,-0.000570449,-0.001782179,3.141008615,1
8.579314,8.579430,-10.579287,-5.988666,1.125081,0.000040985,0.000201344,3.140626431,1
8.629893,8.629430,-11.071463,-5.987988,1.125135,-0.000000533,0.000279069,3.140089273,1
8.680939,8.679430,-11.320698,-5.987571,1.125066,-0.000000533,0.000279069,3.139911413,1
8.730091,8.729430,-11.825718,-5.986751,1.124925,-0.000000533,0.000279069,3.139967918,1
8.780159,8.779430,-12.081814,-5.986320,1.124853,-0.000000533,0.000279069,3.139908791,1
8.830295,8.829430,-12.601244,-5.985428,1.124708,-0.000000533,0.000279069,3.139880657,1
8.880848,8.879430,-12.864695,-5.984997,1.124635,-0.000000533,0.000279069,3.139959574,1
8.929978,8.929430,-13.399623,-5.984188,1.124485,-0.000000533,0.000279069,3.140081882,1
8.980046,8.979430,-13.671182,-5.983812,1.124409,-0.000000533,0.000279069,3.140207529,1
9.030132,9.029430,-14.222340,-5.983107,1.124255,-0.000000533,0.000279069,3.140337229,1
9.080203,9.079430,-14.501989,-5.982803,1.124177,-0.000000533,0.000279069,3.140508175,1
9.130314,9.129430,-15.069877,-5.982388,1.124019,-0.000000533,0.000279069,3.140940428,1
9.180881,9.179430,-15.357986,-5.982267,1.123938,-0.000000533,0.000279069,3.141172647,1
9.229027,9.229430,-15.942805,-5.982086,1.123775,-0.000000533,0.000279069,3.141275644,1
9.280063,9.279430,-16.239542,-5.982004,1.123692,-0.000000533,0.000279069,3.141314745,1
9.329228,9.329430,-16.841002,-5.981758,1.123524,-0.000000533,0.000279069,3.141181231,1
9.379319,9.379430,-17.144075,-5.981616,1.123439,-0.000000533,0.000279069,3.141121626,1
9.428921,9.429430,-17.754845,-5.981353,1.123268,-0.000000533,0.000279069,3.141213179,1
9.479975,9.479430,-18.062866,-5.981282,1.123182,-0.000000533,0.000279069,3.141362429,1
9.531032,9.529430,-18.684736,-5.981183,1.123009,-0.000000533,0.000279069,3.141438961,1
9.580152,9.579430,-18.998938,-5.981133,1.122921,-0.000000533,0.000279069,3.141438961,1
9.630275,9.629430,-19.634216,-5.980938,1.122743,-0.000000533,0.000279069,3.141291142,1
9.680827,9.679430,-19.955454,-5.980819,1.122653,-0.000000533,0.000279069,3.141222000,1
9.729964,9.729430,-20.605600,-5.980703,1.122401,-0.000011185,-0.000980496,3.141463041,1
9.779067,9.779430,-20.934616,-5.980643,1.122381,-0.000005859,-0.001150846,3.141409874,1
9.830192,9.829430,-21.600441,-5.980583,1.122200,-0.000003728,-0.001304984,3.141512632,1
9.880261,9.879430,-21.937321,-5.980546,1.122106,-0.000003728,-0.001380324,3.141482592,1
9.928923,9.929430,-22.619247,-5.980486,1.120849,-0.000019707,-0.001942277,3.141522169,1
9.980944,9.979430,-22.964434,-5.980503,1.120587,-0.000036752,-0.002084136,-3.141548634,1
10.030076,10.029430,-23.663443,-5.980469,1.125413,-0.000000533,-0.000306845,3.141498566,1
10.080155,10.079430,-24.017155,-5.980468,1.125526,-0.000010120,-0.000302792,3.141587496,1
10.130278,10.129430,-24.733362,-5.980311,1.125744,-0.000010120,-0.000302792,3.141203642,1
10.180830,10.179430,-25.095713,-5.980097,1.125853,-0.000010120,-0.000302792,3.141001225,1
10.229958,10.229430,-25.829321,-5.979490,1.126075,-0.000010120,-0.000302792,3.140722513,1
10.280821,10.279430,-26.200418,-5.979090,1.126187,-0.000010120,-0.000302792,3.140512943,1
10.330909,10.329430,-26.951593,-5.978416,1.126415,-0.000010120,-0.000302792,3.140828371,1
10.380004,10.379430,-27.331511,-5.978219,1.126530,-0.000010120,-0.000302792,3.141074181,1
10.430117,10.429430,-28.100355,-5.978197,1.126762,-0.000010120,-0.000302792,-3.141439676,1
10.480233,10.479430,-28.489126,-5.978379,1.126880,-0.000010120,-0.000302792,-3.141122341,1
10.530304,10.529430,-29.274868,-5.978897,1.127118,-0.000010120,-0.000302792,-3.140961409,1
10.578986,10.579430,-29.670126,-5.979178,1.127237,-0.000010120,-0.000302792,-3.140883207,1
10.629053,10.629430,-30.465185,-5.979911,1.127478,-0.000010120,-0.000302792,-3.140593767,1
10.681063,10.679430,-30.865309,-5.980347,1.127599,-0.000010120,-0.000302792,-3.140501976,1
10.730163,10.729430,-31.671583,-5.981507,1.127843,-0.000010120,-0.000302792,-3.140013456,1
10.780268,10.779430,-32.077816,-5.982178,1.127985,0.000012547,0.001477480,-3.139911175,1
10.829811,10.829430,-32.896957,-5.983759,1.128452,-0.000454335,0.004142880,-3.139600515,1
10.880840,10.879430,-33.308865,-5.984511,1.128275,0.000009332,0.001291156,-3.139766932,1
10.929958,10.929430,-34.134190,-5.985910,1.128573,-0.000002663,0.001170754,-3.139973640,1
10.980021,10.979430,-34.548496,-5.986488,1.125499,0.000014314,-0.000065207,-3.140321970,1
11.030127,11.029430,-35.380489,-5.987216,1.115002,-0.000436226,-0.004239320,-3.140991211,1
11.081170,11.079430,-35.797932,-5.987366,1.124749,-0.000744620,-0.000680327,-3.141244888,1
11.129826,11.129430,-36.633686,-5.987081,1.125523,-0.000003196,-0.000302196,3.141024113,1
11.180870,11.179430,-37.052608,-5.986625,1.125648,-0.000010120,-0.000302911,3.140509367,1
11.230048,11.229430,-37.893654,-5.985234,1.125903,-0.000010120,-0.000302911,3.139804125,1
11.281059,11.279430,-38.315968,-5.984391,1.126031,-0.000010120,-0.000302911,3.139600515,1
11.329224,11.329430,-39.164791,-5.982431,1.126288,-0.000010120,-0.000302911,3.139179468,1
11.380278,11.379430,-39.589912,-5.981352,1.126417,-0.000010120,-0.000302911,3.139051914,1
11.429905,11.429430,-40.441963,-5.978882,1.126675,-0.000010120,-0.000302911,3.138590097,1
11.479970,11.479430,-40.868557,-5.977655,1.126804,-0.000010120,-0.000302911,3.138715267,1
11.529135,11.529430,-41.722881,-5.975472,1.127063,-0.000010120,-0.000302911,3.139187098,1
11.579222,11.579430,-42.150482,-5.974644,1.127192,-0.000010120,-0.000302911,3.139655352,1
11.629858,11.629430,-43.006332,-5.973677,1.127452,-0.000010120,-0.000302911,3.140808105,1
11.680905,11.679430,-43.434418,-5.973546,1.127581,-0.000010120,-0.000302911,3.141284704,1
11.730042,11.729430,-44.290771,-5.974148,1.127841,-0.000010120,-0.000302911,-3.140519381,1
11.780140,11.779430,-44.719238,-5.974843,1.127999,-0.000016512,0.001628756,-3.139996767,1
11.829243,11.829430,-45.575771,-5.976385,1.128609,-0.000748881,0.003734827,-3.139770746,1
11.879112,11.879430,-46.002934,-5.977295,1.128315,-0.000041013,0.001273394,-3.139455795,1
11.929238,11.929430,-46.856274,-5.979084,1.128602,-0.000012251,0.001169682,-3.139544964,1
11.980288,11.979430,-47.283089,-5.980081,1.124027,0.000023249,-0.000642180,-3.139408350,1
12.029878,12.029430,-48.137455,-5.981856,1.118224,-0.000666323,-0.003109336,-3.139617443,1
12.079957,12.079430,-48.564312,-5.982584,1.125081,-0.000034088,-0.000419021,-3.139897585,1
12.130057,12.129430,-49.416763,-5.983737,1.125569,-0.000010653,-0.000303149,-3.140270710,1
12.180142,12.179430,-49.843094,-5.984205,1.125698,-0.000010653,-0.000303149,-3.140497208,1
12.230270,12.229430,-50.697163,-5.984853,1.125957,-0.000010653,-0.000303149,-3.140965939,1
12.280805,12.279430,-51.124622,-5.984924,1.126087,-0.000010653,-0.000303149,-3.141426802,1
12.329944,12.329430,-51.980209,-5.984587,1.126346,-0.000010653,-0.000303149,3.141026258,1
12.380007,12.379430,-52.407497,-5.984226,1.126475,-0.000010653,-0.000303149,3.140746832,1
12.430124,12.429430,-53.262119,-5.983287,1.126734,-0.000010653,-0.000303149,3.140424728,1
12.480181,12.479430,-53.689964,-5.982765,1.126864,-0.000010653,-0.000303149,3.140370846,1
12.529329,12.529430,-54.546703,-5.981727,1.127124,-0.000010653,-0.000303149,3.140442610,1
12.578918,12.579430,-54.974808,-5.981337,1.127254,-0.000010653,-0.000303149,3.140682697,1
12.629983,12.629430,-55.830029,-5.980946,1.127513,-0.000010653,-0.000303149,3.141229630,1
12.680050,12.679430,-56.257893,-5.980856,1.127642,-0.000010653,-0.000303149,3.141383410,1
12.730171,12.729430,-57.114647,-5.980807,1.127912,0.000011021,0.000479937,-3.141534328,1
12.779246,12.779430,-57.543415,-5.980870,1.128052,-0.000007457,0.002668977,-3.141395807,1
12.830834,12.829430,-58.400669,-5.981446,1.128199,-0.000204531,0.001807690,-3.140651703,1
12.879910,12.879430,-58.827976,-5.981916,1.128428,-0.000009587,0.001255989,-3.140493870,1
12.930989,12.929430,-59.680786,-5.983192,1.127020,0.000012405,0.000805736,-3.139973640,1
12.980074,12.979430,-60.107059,-5.983754,1.121532,0.000009899,-0.001258969,-3.140031815,1
13.030187,13.029430,-60.960751,-5.984671,1.122907,-0.000531567,-0.000795126,-3.140594959,1
13.080255,13.079430,-61.388191,-5.985022,1.125109,0.000030227,0.000231147,-3.140749693,1
13.130840,13.129430,-62.243111,-5.985179,1.124950,-0.000000533,0.000280142,3.141576052,1
13.179929,13.179430,-62.670769,-5.985068,1.124831,-0.000000533,0.000280142,3.141331196,1
13.230032,13.229430,-63.526657,-5.984263,1.124591,-0.000000533,0.000280142,3.140392065,1
13.281084,13.279430,-63.955082,-5.983565,1.124471,-0.000000533,0.000280142,3.139963627,1
13.330241,13.329430,-64.810593,-5.982224,1.124231,-0.000000533,0.000280142,3.140083313,1
13.380812,13.379430,-65.237587,-5.981665,1.124112,-0.000000533,0.000280142,3.140281200,1
13.429971,13.429430,-66.091736,-5.980953,1.123872,-0.000000533,0.000280142,3.140824556,1
13.480988,13.479430,-66.519119,-5.980646,1.123753,-0.000000533,0.000280142,3.140874147,1
13.530134,13.529430,-67.372444,-5.980045,1.123514,-0.000000533,0.000280142,3.140884161,1
13.579243,13.579430,-67.795776,-5.979848,1.123395,-0.000000533,0.000280142,3.141126394,1
13.629807,13.629430,-68.633957,-5.980036,1.123161,-0.000000533,0.000280142,-3.141161203,1
13.679884,13.679430,-69.050240,-5.980297,1.123044,-0.000000533,0.000280142,-3.140964746,1
13.729987,13.729430,-69.879677,-5.980909,1.122812,-0.000000533,0.000280142,-3.140847921,1
13.781028,13.779430,-70.293785,-5.981287,1.122696,-0.000000533,0.000280142,-3.140676737,1
13.830184,13.829430,-71.119743,-5.982134,1.122434,0.000017013,-0.000943422,-3.140503645,1
13.880266,13.879430,-71.531586,-5.982586,1.122356,0.000005958,-0.001074791,-3.140493631,1
13.928932,13.929430,-72.355034,-5.983220,1.122110,0.000000344,-0.001080990,-3.140920162,1
13.979968,13.979430,-72.767349,-5.983362,1.122013,0.000000696,-0.001080990,-3.141245604,1
14.030061,14.029430,-73.594391,-5.983307,1.123468,-0.000536361,-0.000480056,3.141254187,1
14.080180,14.079430,-74.009789,-5.982996,1.125175,-0.000004794,0.000274301,3.140841007,1
14.130253,14.129430,-74.844368,-5.982030,1.124953,0.000002169,0.000280142,3.140400648,1
14.179813,14.179430,-75.263725,-5.981542,1.124835,0.000002176,0.000280142,3.140427828,1
14.230891,14.229430,-76.106110,-5.980760,1.124599,0.000002259,0.000280142,3.140722036,1
14.281019,14.279430,-76.529083,-5.980443,1.124481,0.000002292,0.000280142,3.140841722,1
14.329124,14.329430,-77.375572,-5.980149,1.124244,0.000002455,0.000280142,3.141420603,1
14.380157,14.379430,-77.798889,-5.980141,1.124125,0.000002497,0.000280142,3.141572952,1
14.429778,14.429430,-78.646835,-5.980632,1.123887,0.000000272,0.000280142,-3.140805244,1
14.480797,14.479430,-79.071785,-5.981056,1.123768,0.000000331,0.000280142,-3.140594244,1
14.529914,14.529430,-79.922882,-5.981836,1.123530,0.000000319,0.000280142,-3.140639305,1
14.579060,14.579430,-80.348892,-5.982191,1.123410,0.000000285,0.000280142,-3.140758276,1
14.629169,14.629430,-81.202095,-5.982821,1.123172,0.000000241,0.000280142,-3.140917540,1
14.680227,14.679430,-81.629410,-5.983031,1.123052,0.000000189,0.000280142,-3.141101599,1
14.729837,14.729430,-82.485107,-5.983129,1.122812,0.000000020,0.000280142,3.141481161,1
14.779907,14.779430,-82.913025,-5.982903,1.122692,0.000000000,0.000280142,3.141065836,1
14.830020,14.829430,-83.766258,-5.982013,1.122451,-0.000001598,0.000167847,3.140411854,1
14.880070,14.879430,-84.189880,-5.981424,1.122334,-0.000001598,0.000074029,3.140201330,1
14.929222,14.929430,-85.032799,-5.979712,1.122100,-0.000001065,-0.000108123,3.139364719,1
14.979774,14.979430,-85.453163,-5.978754,1.121982,-0.000001065,-0.000198960,3.139314651,1
15.029871,15.029430,-86.293686,-5.977134,1.121890,0.000017179,-0.000336766,3.139906406,1
15.079942,15.079430,-86.714569,-5.976560,1.122123,0.000009346,-0.000283957,3.140231848,1
15.129079,15.129430,-87.558884,-5.975861,1.122364,0.000000000,-0.000280738,3.140897274,1
15.180127,15.179430,-87.982635,-5.975662,1.122483,0.000000000,-0.000280738,3.141125202,1
15.230215,15.229430,-88.832642,-5.975567,1.122721,0.000000000,-0.000280738,3.141587496,1
15.279782,15.279430,-89.258759,-5.975628,1.122841,0.000000000,-0.000280738,-3.141449690,1
15.329868,15.329430,-90.112206,-5.976165,1.123081,0.000000000,-0.000280738,-3.140819550,1
15.379942,15.379430,-90.539490,-5.976509,1.123201,0.000000000,-0.000280738,-3.140787363,1
15.430028,15.429430,-91.395348,-5.977234,1.123441,0.000000000,-0.000280738,-3.140735388,1
15.479806,15.479430,-91.823807,-5.977555,1.123561,0.000000030,-0.000280738,-3.140841961,1
15.529880,15.529430,-92.681465,-5.977946,1.123802,0.000000159,-0.000280738,-3.141300678,1
15.580945,15.579430,-93.110435,-5.977997,1.123922,0.000000207,-0.000280738,-3.141473532,1
15.629099,15.629430,-93.968681,-5.977769,1.124163,0.000000338,-0.000280738,3.141246319,1
15.680145,15.679430,-94.397751,-5.977702,1.124284,0.000000284,-0.000280738,3.141436338,1
15.728811,15.729430,-95.256119,-5.977684,1.124524,0.000000238,-0.000280738,-3.141581774,1
15.780808,15.779430,-95.685631,-5.977559,1.124674,-0.000015979,0.002454877,3.141342640,1
15.829942,15.829430,-96.543846,-5.977117,1.124863,-0.000012251,-0.000064015,3.140926123,1
15.880047,15.879430,-96.972847,-5.976810,1.125005,-0.000000533,-0.000030279,3.140878439,1
15.930201,15.929430,-97.831093,-5.976269,1.125245,0.000001064,0.000152349,3.140999317,1
15.980197,15.979430,-98.260376,-5.976017,1.118667,0.000228880,-0.002345920,3.141240835,1
16.028833,16.029430,-99.119217,-5.975904,1.125070,-0.000041545,0.000219464,3.141559362,1
16.079856,16.079430,-99.547646,-5.975955,1.125088,-0.000004261,0.000278473,-3.141473055,1
16.130952,16.129430,-100.403633,-5.976338,1.124852,0.000001051,0.000280142,-3.141029835,1
16.181006,16.179430,-100.831902,-5.976707,1.124732,0.000001134,0.000280142,-3.140731812,1
16.229160,16.229430,-101.689362,-5.977636,1.124492,0.000001213,0.000280142,-3.140448570,1
16.279246,16.279430,-102.119347,-5.978083,1.124372,0.000001184,0.000280142,-3.140553474,1
16.329831,16.329430,-102.977028,-5.978576,1.124131,0.000001025,0.000280142,-3.141120672,1
16.380875,16.379430,-103.405952,-5.978613,1.124010,0.000000917,0.000280142,-3.141506672,1
16.430002,16.429430,-104.263680,-5.978534,1.123770,0.000000846,0.000280142,3.141424894,1
16.480056,16.479430,-104.692535,-5.978298,1.123650,0.000000739,0.000280142,3.141042233,1
16.530134,16.529430,-105.550537,-5.977642,1.123409,0.000000678,0.000280142,3.140825033,1
16.580254,16.579430,-105.979637,-5.977245,1.123289,0.000000633,0.000280142,3.140666485,1
16.629783,16.629430,-106.838219,-5.976417,1.123048,0.000000632,0.000280142,3.140662670,1
16.680831,16.679430,-107.267700,-5.976096,1.122928,0.000000684,0.000280142,3.140846729,1
16.729914,16.729430,-108.127144,-5.975702,1.122686,0.000000779,0.000280142,3.141185522,1
16.780976,16.779430,-108.557167,-5.975562,1.122879,-0.000460727,0.001779437,3.141263962,1
16.830049,16.829430,-109.417046,-5.975672,1.122337,0.000005455,-0.001073480,-3.141333580,1
16.879129,16.879430,-109.846939,-5.975777,1.122195,0.000000000,-0.001080990,-3.141349554,1
16.930238,16.929430,-110.706589,-5.976035,1.121954,0.000000062,-0.001080990,-3.141321182,1
16.980075,16.979430,-111.136589,-5.976111,1.117926,-0.000400539,-0.002612591,-3.141418934,1
17.029187,17.029430,-111.994469,-5.976351,1.125124,0.000032849,0.000280142,-3.141283512,1
17.080229,17.079430,-112.422157,-5.976571,1.125013,0.000000059,0.000280738,-3.141077280,1
17.129882,17.129430,-113.277061,-5.977400,1.124773,0.000000224,0.000280738,-3.140489340,1
17.179909,17.179430,-113.704765,-5.977886,1.124653,0.000000233,0.000280738,-3.140457392,1
17.229077,17.229430,-114.560966,-5.978806,1.124412,0.000000231,0.000280738,-3.140461922,1
17.280197,17.279430,-114.989304,-5.979272,1.124292,0.000000219,0.000280738,-3.140505075,1
17.329833,17.329430,-115.846786,-5.980271,1.124051,0.000000259,0.000280738,-3.140364170,1
17.380851,17.379430,-116.275780,-5.980782,1.123931,0.000000248,0.000280738,-3.140402794,1
17.429982,17.429430,-117.133751,-5.981348,1.123690,0.000000043,0.000280738,-3.141133785,1
17.481024,17.479430,-117.562965,-5.981350,1.123569,0.000000000,0.000280738,-3.141588449,1
17.529200,17.529430,-118.419098,-5.980977,1.123329,0.000000000,0.000280738,3.140932798,1
17.579752,17.579430,-118.845886,-5.980597,1.123209,0.000000000,0.000280738,3.140701294,1
17.629881,17.629430,-119.699356,-5.979559,1.122971,-0.000000000,0.000280738,3.140317202,1
17.680928,17.679430,-120.126343,-5.979037,1.122851,0.000000014,0.000280738,3.140368462,1
17.730108,17.729430,-120.980972,-5.978047,1.122643,-0.000044741,0.002563000,3.140478134,1
17.779212,17.779430,-121.407616,-5.977737,1.122446,0.000028846,0.000288129,3.140863180,1
17.830767,17.829430,-122.260429,-5.977463,1.122252,0.000001214,0.000010729,3.141420126,1
17.879861,17.879430,-122.687294,-5.977517,1.122133,0.000000779,-0.000082135,-3.141466379,1
17.930902,17.929430,-123.541794,-5.978333,1.117724,0.000025586,-0.001867890,-3.140546560,1
17.979989,17.979430,-123.969604,-5.978989,1.121837,-0.000013316,-0.000348806,-3.140062571,1
18.030072,18.029430,-124.826309,-5.980701,1.122222,0.000000000,-0.000281095,-3.139483213,1
18.080143,18.079430,-125.254921,-5.981579,1.122342,0.000000017,-0.000281095,-3.139544725,1
18.130123,18.129430,-126.112762,-5.983092,1.122583,0.000000118,-0.000281095,-3.139903307,1
18.180225,18.179430,-126.542107,-5.983728,1.122704,0.000000176,-0.000281095,-3.140110493,1
18.229867,18.229430,-127.400528,-5.984394,1.122946,0.000000471,-0.000281095,-3.141159773,1
18.280895,18.279430,-127.829529,-5.984381,1.123066,0.000000602,-0.000281095,3.141562223,1
18.330054,18.329430,-128.687637,-5.983687,1.123307,0.000000907,-0.000281095,3.140473604,1
18.380120,18.379430,-129.116867,-5.982983,1.123428,0.000001055,-0.000281095,3.139949799,1
18.430777,18.429430,-129.975693,-5.981302,1.123670,0.000001159,-0.000281095,3.139580011,1
18.479819,18.479430,-130.405151,-5.980503,1.123790,0.000001116,-0.000281095,3.139731646,1
18.531053,18.529430,-131.264465,-5.979141,1.124032,0.000001002,-0.000281095,3.140136480,1
18.581009,18.579430,-131.694275,-5.978589,1.124153,0.000000954,-0.000281095,3.140307188,1
18.629152,18.629430,-132.553543,-5.977877,1.124394,0.000000807,-0.000281095,3.140828371,1
18.679231,18.679430,-132.983032,-5.977558,1.124515,0.000000801,-0.000281095,3.140851021,1
18.730812,18.729430,-133.840744,-5.977328,1.124724,-0.000016512,0.001130342,3.141432047,1
18.779895,18.779430,-134.267914,-5.977421,1.124861,-0.000011185,0.001084328,-3.141373158,1
18.830031,18.829430,-135.120270,-5.977911,1.125104,-0.000007457,0.001082182,-3.140915871,1
18.881095,18.879430,-135.546249,-5.978307,1.125223,-0.000006924,0.001082182,-3.140664816,1
18.929242,18.929430,-136.399521,-5.979350,1.121857,0.000005022,-0.000318170,-3.140127182,1
18.980775,18.979430,-136.826904,-5.980106,1.122056,-0.000010120,-0.000281572,-3.139827728,1
19.029860,19.029430,-137.682419,-5.981649,1.122300,-0.000000533,-0.000281215,-3.139871359,1
19.080937,19.079430,-138.110489,-5.982361,1.122420,-0.000000533,-0.000281215,-3.139929295,1
19.130027,19.129430,-138.967178,-5.983499,1.122661,-0.000000533,-0.000281215,-3.140473604,1
19.181098,19.179430,-139.395645,-5.983859,1.122781,-0.000000533,-0.000281215,-3.140752077,1
19.230213,19.229430,-140.252991,-5.984205,1.123022,-0.000000533,-0.000281215,-3.141388178,1
19.280759,19.279430,-140.680573,-5.984133,1.123143,-0.000000533,-0.000281215,3.141423464,1
19.329907,19.329430,-141.534561,-5.983483,1.123383,-0.000000533,-0.000281215,3.140576363,1
19.380956,19.379430,-141.961731,-5.982897,1.123503,-0.000000533,-0.000281215,3.140220881,1
19.430104,19.429430,-142.816925,-5.981278,1.123744,-0.000000533,-0.000281215,3.139609575,1
19.479223,19.479430,-143.244736,-5.980471,1.123864,-0.000000533,-0.000281215,3.139706850,1
19.530728,19.529430,-144.101364,-5.978899,1.124105,-0.000000533,-0.000281215,3.139757395,1
19.578837,19.579430,-144.530136,-5.978069,1.124225,-0.000000533,-0.000281215,3.139657021,1
19.630940,19.629430,-145.388641,-5.976336,1.124467,-0.000000533,-0.000281215,3.139569998,1
19.679956,19.679430,-145.818146,-5.975549,1.124836,0.000269497,0.001146674,3.139631510,1
19.730046,19.729430,-146.677185,-5.974091,1.124810,-0.000001065,0.001100421,3.139892578,1
19.780115,19.779430,-147.106537,-5.973421,1.124938,-0.000000533,0.001082182,3.140031815,1
19.830227,19.829430,-147.965012,-5.972657,1.125180,-0.000001065,0.001081228,3.140977144,1
19.880761,19.879430,-148.394379,-5.972560,1.122587,0.000163614,-0.000003457,3.141366720,1
19.929926,19.929430,-149.251282,-5.972988,1.121935,-0.000011718,-0.000319838,-3.140834808,1
19.979975,19.979430,-149.676956,-5.973426,1.122133,-0.000005859,-0.000283718,-3.140562534,1
20.030072,20.029430,-150.524429,-5.974636,1.122375,0.000000000,-0.000281453,-3.140029430,1
20.080137,20.079430,-150.947235,-5.975416,1.122494,0.000000000,-0.000281453,-3.139748573,1
20.128767,20.129430,-151.792999,-5.977476,1.122732,0.000000000,-0.000281453,-3.139005899,1
20.179796,20.179430,-152.216553,-5.978558,1.122851,0.000000009,-0.000281453,-3.139036894,1
20.229882,20.229430,-153.065155,-5.980906,1.123090,-0.000000000,-0.000281453,-3.138809443,1
20.280875,20.279430,-153.490097,-5.981988,1.123209,0.000000066,-0.000281453,-3.139045238,1
20.330832,20.329430,-154.341751,-5.983780,1.123449,0.000000249,-0.000281453,-3.139693499,1
20.380896,20.379430,-154.768265,-5.984468,1.123569,0.000000329,-0.000281453,-3.139978409,1
20.430001,20.429430,-155.622314,-5.985263,1.123809,0.000000596,-0.000281453,-3.140925884,1
20.479093,20.479430,-156.049759,-5.985276,1.123930,0.000000775,-0.000281453,-3.141562223,1
20.530186,20.529430,-156.905396,-5.984506,1.124170,0.000001098,-0.000281453,3.140475988,1
20.579772,20.579430,-157.333450,-5.983791,1.124291,0.000001254,-0.000281453,3.139922142,1
20.629889,20.629430,-158.190201,-5.981943,1.124532,0.000001418,-0.000281453,3.139336586,1
20.680929,20.679430,-158.618317,-5.980891,1.124676,0.000017817,0.002621531,3.139094114,1
20.729098,20.729430,-159.472122,-5.978327,1.124887,-0.000023436,-0.000061631,3.138552427,1
20.780170,20.779430,-159.898666,-5.977057,1.125012,0.000001872,-0.000024796,3.138613939,1
20.829783,20.829430,-160.752457,-5.974803,1.125251,-0.000000533,0.000157118,3.139145374,1
20.880793,20.879430,-161.179733,-5.974040,1.118501,-0.000044741,-0.002391934,3.139578819,1
20.929909,20.929430,-162.035049,-5.973104,1.125076,0.000025654,0.000220537,3.140797377,1
20.979986,20.979430,-162.463196,-5.973017,1.125084,0.000021480,0.000281215,3.141381979,1
21.030072,21.029430,-163.320129,-5.973666,1.124848,0.000000173,0.000281215,-3.140526533,1
21.080153,21.079430,-163.749039,-5.974333,1.124727,0.000000311,0.000281215,-3.140036345,1
21.129774,21.129430,-164.607483,-5.976260,1.124486,0.000000554,0.000281215,-3.139171839,1
21.180773,21.179430,-165.036438,-5.977381,1.124365,0.000000608,0.000281215,-3.138980389,1
21.229926,21.229430,-165.892517,-5.979524,1.124124,0.000000547,0.000281215,-3.139198780,1
21.280966,21.279430,-166.320374,-5.980431,1.124004,0.000000470,0.000281215,-3.139472246,1
21.330131,21.329430,-167.177109,-5.981964,1.123763,0.000000357,0.000281215,-3.139873266,1
21.380172,21.379430,-167.605698,-5.982551,1.123642,0.000000258,0.000281215,-3.140223503,1
21.430770,21.429430,-168.460861,-5.983044,1.123402,0.000000000,0.000281215,-3.141217470,1
21.480807,21.479430,-168.887405,-5.983028,1.123282,0.000000000,0.000281215,3.141556501,1
21.529982,21.529430,-169.740158,-5.982575,1.123042,0.000000000,0.000281215,3.140808105,1
21.581039,21.579430,-170.166656,-5.982106,1.122922,0.000000000,0.000281215,3.140493393,1
21.629181,21.629430,-171.020752,-5.980891,1.122682,0.000000000,0.000281215,3.140038967,1
21.680685,21.679430,-171.448410,-5.980090,1.122634,-0.000137419,0.001505732,3.139751673,1
21.729856,21.729430,-172.304413,-5.978126,1.122332,-0.000001598,-0.001079202,3.139256954,1
21.778885,21.779430,-172.732590,-5.977130,1.122213,-0.000001598,-0.001079202,3.139267921,1
21.829989,21.829430,-173.589111,-5.975562,1.121972,-0.000000533,-0.001080274,3.139933825,1
21.879762,21.879430,-174.017639,-5.975055,1.118132,-0.000280697,-0.002570629,3.140418530,1
21.930821,21.929430,-174.872528,-5.974702,1.125124,0.000035580,0.000272155,3.141328096,1
21.980819,21.979430,-175.298904,-5.974691,1.125012,0.000000000,0.000281215,3.141566038,1
22.029955,22.029430,-176.151535,-5.974849,1.124772,0.000000079,0.000281215,-3.141336441,1
22.080972,22.079430,-176.578476,-5.975000,1.124652,0.000000107,0.000281215,-3.141239405,1
22.130086,22.129430,-177.433548,-5.975580,1.124411,0.000000232,0.000281215,-3.140794754,1
22.180153,22.179430,-177.861115,-5.976016,1.124291,0.000000294,0.000281215,-3.140572309,1
22.230704,22.229430,-178.714142,-5.977203,1.124051,0.000000454,0.000281215,-3.140002251,1
22.280742,22.279430,-179.140411,-5.978053,1.123932,0.000000568,0.000281215,-3.139599323,1
22.329826,22.329430,-179.994064,-5.980087,1.123691,0.000000717,0.000281215,-3.139068842,1
22.379900,22.379430,-180.421494,-5.981212,1.123571,0.000000747,0.000281215,-3.138960123,1
22.429962,22.429430,-181.275101,-5.983495,1.123331,0.000000733,0.000281215,-3.139011860,1
22.480038,22.479430,-181.701172,-5.984484,1.123211,0.000000660,0.000281215,-3.139272451,1
22.530115,22.529430,-182.553589,-5.986296,1.122972,0.000000565,0.000281215,-3.139608860,1
22.579718,22.579430,-182.980225,-5.987039,1.122851,0.000000497,0.000281215,-3.139850855,1
22.629781,22.629430,-183.834213,-5.988087,1.122532,0.000081483,0.002607107,-3.140491486,1
22.680800,22.679430,-184.260406,-5.988314,1.122447,-0.000181628,-0.000607729,-3.141068697,1
22.729924,22.729430,-185.111954,-5.987907,1.122269,0.000000009,-0.001077413,3.140874863,1
22.779028,22.779430,-185.537949,-5.987323,1.122143,-0.000000533,-0.001080394,3.140220642,1
22.829114,22.829430,-186.390823,-5.985538,1.117734,-0.000075634,-0.002677440,3.139383316,1
22.880155,22.879430,-186.817688,-5.984328,1.123374,-0.000520382,-0.000602722,3.138771772,1
22.929739,22.929430,-187.669861,-5.981489,1.125063,0.000012558,0.000277996,3.138245583,1
22.980773,22.979430,-188.095047,-5.980142,1.124946,-0.000001065,0.000281215,3.138422728,1
23.029856,23.029430,-188.945557,-5.977697,1.124707,-0.000001065,0.000281215,3.138863802,1
23.079942,23.079430,-189.371399,-5.976725,1.124587,-0.000001065,0.000281215,3.139311075,1
23.129052,23.129430,-190.223587,-5.975585,1.124347,-0.000001065,0.000281215,3.140620232,1
23.179111,23.179430,-190.648605,-5.975494,1.124228,-0.000001065,0.000281215,3.141379118,1
23.230198,23.229430,-191.497421,-5.975830,1.123989,-0.000001065,0.000281215,-3.141036749,1
23.280722,23.279430,-191.921982,-5.976188,1.123869,-0.000001065,0.000281215,-3.140750885,1
23.329336,23.329430,-192.772964,-5.977303,1.123630,-0.000001065,0.000281215,-3.140153408,1
23.379895,23.379430,-193.199463,-5.977996,1.123510,-0.000001065,0.000281215,-3.139963388,1
23.430482,23.429430,-194.054169,-5.979526,1.123269,-0.000001065,0.000281215,-3.139793873,1
23.480046,23.479430,-194.482224,-5.980289,1.123149,-0.000001065,0.000281215,-3.139811754,1
23.529665,23.529430,-195.338730,-5.981437,1.122908,-0.000001065,0.000281215,-3.140415430,1
23.579746,23.579430,-195.767120,-5.981713,1.122787,-0.000001065,0.000281215,-3.140947580,1
23.629875,23.629430,-196.624023,-5.981579,1.122645,-0.000168844,0.000991225,3.141194820,1
23.680922,23.679430,-197.051544,-5.981114,1.122417,-0.000017044,-0.000990987,3.140512705,1
23.730067,23.729430,-197.905869,-5.979617,1.122197,-0.000000533,-0.001080274,3.139586687,1
23.779163,23.779430,-198.333328,-5.978626,1.122077,0.000000000,-0.001080274,3.139276981,1
23.830247,23.829430,-199.189423,-5.976406,1.119442,-0.000301470,-0.001983166,3.138996601,1
23.878827,23.879430,-199.617279,-5.975477,1.125019,-0.000084156,0.000188470,3.139430761,1
23.930434,23.929430,-200.470215,-5.974350,1.124996,0.000001111,0.000281215,3.140525579,1
23.979996,23.979430,-200.896210,-5.973962,1.124876,0.000001155,0.000281215,3.140680313,1
24.030609,24.029430,-201.748428,-5.973637,1.124637,0.000001370,0.000281215,3.141443491,1
24.079693,24.079430,-202.174957,-5.973819,1.124517,0.000001532,0.000281215,-3.141165495,1
24.130753,24.129430,-203.028885,-5.974724,1.124277,0.000001761,0.000281215,-3.140349150,1
24.180792,24.179430,-203.455292,-5.975288,1.124157,0.000001783,0.000281215,-3.140270710,1
24.229908,24.229430,-204.307846,-5.976679,1.123917,0.000001877,0.000281215,-3.139936209,1
24.280950,24.279430,-204.734299,-5.977385,1.123797,0.000001877,0.000281215,-3.139939070,1
24.330073,24.329430,-205.588562,-5.978666,1.123557,0.000001812,0.000281215,-3.140166998,1
24.380149,24.379430,-206.016083,-5.979110,1.123437,0.000001704,0.000281215,-3.140553236,1
24.430264,24.429430,-206.872208,-5.979613,1.123196,0.000001541,0.000281215,-3.141130924,1
24.479830,24.479430,-207.300858,-5.979706,1.123074,0.000001472,0.000281215,-3.141376495,1
24.530420,24.529430,-208.158798,-5.979492,1.122833,0.000001307,0.000281215,3.141222000,1
24.580011,24.579430,-208.588211,-5.979258,1.122712,0.000001258,0.000281215,3.141047716,1
24.630693,24.629430,-209.447433,-5.978791,1.122470,0.000005701,-0.001043796,3.141104937,1
24.680681,24.679430,-209.877228,-5.978625,1.122341,0.000000076,-0.001079678,3.141206264,1
24.730755,24.729430,-210.737366,-5.978488,1.122099,0.000000000,-0.001079678,3.141510248,1
24.779829,24.779430,-211.167419,-5.978422,1.121996,0.000000074,-0.001079678,3.141441107,1
24.829919,24.829430,-212.027069,-5.978441,1.124961,-0.000041545,0.000126243,-3.141481161,1
24.880004,24.879430,-212.455368,-5.978617,1.125144,-0.000022371,0.000272751,-3.141186237,1
24.930099,24.929430,-213.310547,-5.979280,1.124914,0.000001655,0.000281811,-3.140756130,1
24.979674,24.979430,-213.738174,-5.979704,1.124794,0.000001699,0.000281811,-3.140601873,1
25.030261,25.029430,-214.594376,-5.980751,1.124552,0.000001766,0.000281811,-3.140363932,1
25.080790,25.079430,-215.022903,-5.981271,1.124432,0.000001762,0.000281811,-3.140377760,1
25.130448,25.129430,-215.880447,-5.982349,1.124190,0.000001754,0.000281811,-3.140404224,1
25.180002,25.179430,-216.309357,-5.982789,1.124070,0.000001708,0.000281811,-3.140568733,1
25.230624,25.229430,-217.167313,-5.983216,1.123829,0.000001516,0.000281811,-3.141250372,1
25.280656,25.279430,-217.596603,-5.983231,1.123708,0.000001429,0.000281811,-3.141558170,1
25.329762,25.329430,-218.455429,-5.983026,1.123466,0.000001356,0.000281811,3.141367674,1
25.379798,25.379430,-218.883850,-5.982965,1.123345,0.000001379,0.000281811,3.141448498,1
25.429870,25.429430,-219.739761,-5.982713,1.123104,0.000001302,0.000281811,3.141176701,1
25.479743,25.479430,-220.167969,-5.982407,1.122984,0.000001218,0.000281811,3.140877485,1
25.530800,25.529430,-221.025192,-5.981695,1.122742,0.000001182,0.000281811,3.140747786,1
25.578938,25.579430,-221.453751,-5.981374,1.122634,-0.000021838,0.002022505,3.140791893,1
25.630039,25.629430,-222.305389,-5.980757,1.122378,-0.000005859,0.000112891,3.140863895,1
25.680101,25.679430,-222.726929,-5.980493,1.122263,-0.000001065,0.000018716,3.140965462,1
25.729226,25.729430,-223.563446,-5.979872,1.122029,-0.000000533,-0.000163436,3.140835524,1
25.780743,25.779430,-223.979553,-5.979606,1.121093,-0.000021305,-0.000567436,3.140955925,1
25.830335,25.829430,-224.810242,-5.979156,1.122076,0.000000171,-0.000282049,3.141047239,1
25.880892,25.879430,-225.225510,-5.979029,1.122193,0.000000103,-0.000282049,3.141288042,1
25.930500,25.929430,-226.057571,-5.979044,1.122428,0.000000000,-0.000282049,-3.141413212,1
25.980072,25.979430,-226.474915,-5.979262,1.122546,0.000000000,-0.000282049,-3.141070604,1
26.029699,26.029430,-227.313477,-5.979806,1.122782,-0.000000000,-0.000282049,-3.140923977,1
26.080713,26.079430,-227.734604,-5.980159,1.122901,0.000000000,-0.000282049,-3.140754461,1
26.130784,26.129430,-228.579971,-5.981059,1.123139,-0.000000000,-0.000282049,-3.140393734,1
26.180831,26.179430,-229.003937,-5.981644,1.123259,0.000000000,-0.000282049,-3.140212774,1
26.229951,26.229430,-229.853882,-5.982697,1.123499,0.000000058,-0.000282049,-3.140419483,1
26.280026,26.279430,-230.279968,-5.983146,1.123619,0.000000092,-0.000282049,-3.140539885,1
26.330132,26.329430,-231.133087,-5.983996,1.123859,0.000000123,-0.000282049,-3.140647173,1
26.380694,26.379430,-231.558899,-5.984188,1.123979,0.000000262,-0.000282049,-3.141141415,1
26.430285,26.429430,-232.410049,-5.983739,1.124220,0.000000623,-0.000282049,3.140764475,1
26.480821,26.479430,-232.836090,-5.983170,1.124340,0.000000767,-0.000282049,3.140254736,1
26.530449,26.529430,-233.689606,-5.981742,1.124933,0.000471124,0.001003027,3.139814615,1
26.579061,26.579430,-234.116928,-5.980975,1.124786,-0.000070307,0.003051996,3.139752150,1
26.629148,26.629430,-234.972519,-5.979345,1.124939,-0.000002663,-0.000075459,3.139729023,1
26.680705,26.679430,-235.400436,-5.978710,1.125062,0.000000849,0.000011206,3.140109301,1
26.729779,26.729430,-236.257019,-5.977942,1.123026,0.000381116,-0.000699520,3.140933037,1
26.780829,26.779430,-236.685898,-5.977834,1.116483,-0.000215716,-0.003135323,3.141336441,1
26.829911,26.829430,-237.543015,-5.978438,1.125145,-0.000021305,0.000278473,-3.140605211,1
26.881041,26.879430,-237.971756,-5.979040,1.125035,0.000001356,0.000281215,-3.140188694,1
26.930085,26.929430,-238.829529,-5.980460,1.124793,0.000001457,0.000281215,-3.139828920,1
26.979878,26.979430,-239.258484,-5.981217,1.124673,0.000001457,0.000281215,-3.139828920,1
27.029947,27.029430,-240.116516,-5.982392,1.124431,0.000001315,0.000281215,-3.140334368,1
27.080042,27.079430,-240.545700,-5.982732,1.124311,0.000001183,0.000281215,-3.140802383,1
27.129138,27.129430,-241.400848,-5.982994,1.124069,0.000000991,0.000281215,-3.141485214,1
27.180695,27.179430,-241.828140,-5.982862,1.123949,0.000000875,0.000281215,3.141285658,1
27.231277,27.229430,-242.683380,-5.982139,1.123708,0.000000666,0.000281215,3.140543699,1
27.280079,27.279430,-243.111572,-5.981534,1.123588,0.000000564,0.000281215,3.140179634,1
27.329717,27.329430,-243.966934,-5.980238,1.123347,0.000000520,0.000281215,3.140022516,1
27.379757,27.379430,-244.393799,-5.979543,1.123226,0.000000503,0.000281215,3.139963388,1
27.429794,27.429430,-245.247910,-5.977879,1.122986,0.000000388,0.000281215,3.139554977,1
27.479896,27.479430,-245.675446,-5.977022,1.122865,0.000000397,0.000281215,3.139587879,1
27.528982,27.529430,-246.531342,-5.975456,1.122631,-0.000050600,0.001945615,3.139979124,1
27.580090,27.579430,-246.959396,-5.974844,1.122471,-0.000001065,0.000268459,3.140172720,1
27.628729,27.629430,-247.816193,-5.973723,1.122262,0.000000361,0.000017047,3.140351295,1
27.680723,27.679430,-248.244797,-5.973364,1.122139,-0.000000533,-0.000079393,3.140754223,1
27.729820,27.729430,-249.102539,-5.973112,1.118742,-0.000015446,-0.001477957,3.141466141,1
27.779892,27.779430,-249.531418,-5.973320,1.121866,-0.000015446,-0.000333786,-3.141115189,1
27.829963,27.829430,-250.389206,-5.974324,1.122216,-0.000001598,-0.000282645,-3.140193224,1
27.880067,27.879430,-250.818314,-5.975138,1.122337,-0.000001598,-0.000282645,-3.139695406,1
27.930615,27.929430,-251.676834,-5.977335,1.122580,-0.000001598,-0.000282645,-3.138907433,1
27.979747,27.979430,-252.106277,-5.978555,1.122701,-0.000001598,-0.000282645,-3.138753414,1
28.029799,28.029430,-252.964722,-5.980803,1.122944,-0.000001598,-0.000282645,-3.139154434,1
28.080863,28.079430,-253.392532,-5.981640,1.123065,-0.000001598,-0.000282645,-3.139635801,1
28.130107,28.129430,-254.246475,-5.982670,1.123305,-0.000001598,-0.000282645,-3.140721798,1
28.180638,28.179430,-254.673416,-5.982790,1.123426,-0.000001598,-0.000282645,-3.141311646,1
28.229706,28.229430,-255.528122,-5.982583,1.123667,-0.000001598,-0.000282645,3.141142607,1
28.280795,28.279430,-255.955841,-5.982162,1.123788,-0.000001598,-0.000282645,3.140607834,1
28.329865,28.329430,-256.812195,-5.980917,1.124029,-0.000001598,-0.000282645,3.140072823,1
28.379964,28.379430,-257.240570,-5.980315,1.124150,-0.000001598,-0.000282645,3.140188694,1
28.430560,28.429430,-258.098053,-5.979433,1.124391,-0.000001598,-0.000282645,3.140703917,1
28.480630,28.479430,-258.526917,-5.979058,1.124512,-0.000001598,-0.000282645,3.140718699,1
28.529705,28.529430,-259.384613,-5.978427,1.124723,-0.000000533,0.001127005,3.140851021,1
28.578832,28.579430,-259.813538,-5.978184,1.124863,-0.000000533,0.001082778,3.141022444,1
28.628931,28.629430,-260.671661,-5.977906,1.125106,-0.000001065,0.001080751,3.141416311,1
28.680013,28.679430,-261.100830,-5.977914,1.125228,-0.000001065,0.001080751,-3.141575575,1
28.730091,28.729430,-261.959839,-5.978149,1.121854,0.000005016,-0.000321746,-3.141463041,1
28.780727,28.779430,-262.388855,-5.978108,1.122062,0.000007730,-0.000282884,3.141498327,1
28.829752,28.829430,-263.243896,-5.977981,1.122306,0.000000090,-0.000282288,3.141403437,1
28.879861,28.879430,-263.670807,-5.977920,1.122427,0.000000077,-0.000282288,3.141450167,1
28.929940,28.929430,-264.524963,-5.978080,1.122668,0.000000000,-0.000282288,-3.141368151,1
28.980039,28.979430,-264.952423,-5.978180,1.122789,0.000000000,-0.000282288,-3.141358614,1
29.030113,29.029430,-265.806274,-5.978464,1.123030,0.000000000,-0.000282288,-3.141202450,1
29.080700,29.079430,-266.232452,-5.978603,1.123150,0.000000018,-0.000282288,-3.141265869,1
29.129768,29.129430,-267.085144,-5.979138,1.123391,0.000000000,-0.000282288,-3.140841722,1
29.179835,29.179430,-267.511932,-5.979463,1.123511,0.000000000,-0.000282288,-3.140831709,1
29.229886,29.229430,-268.367126,-5.980046,1.123753,0.000000031,-0.000282288,-3.140942335,1
29.280941,29.279430,-268.795227,-5.980367,1.123873,0.000000003,-0.000282288,-3.140843153,1
29.330043,29.329430,-269.651794,-5.980787,1.124115,0.000000128,-0.000282288,-3.141285658,1
29.380586,29.379430,-270.080322,-5.980796,1.124236,0.000000209,-0.000282288,-3.141571283,1
29.430626,29.429430,-270.938049,-5.980539,1.124478,0.000000346,-0.000282288,3.141126871,1
29.479735,29.479430,-271.367096,-5.980227,1.124749,0.000235263,0.001460910,3.140877008,1
29.530746,29.529430,-272.224152,-5.979418,1.124795,0.000015532,-0.000042796,3.140663147,1
29.579890,29.579430,-272.651978,-5.979088,1.124958,0.000011971,-0.000060201,3.140838861,1
29.628962,29.629430,-273.507874,-5.978561,1.125202,0.000000829,0.000120401,3.141058445,1
29.680984,29.679430,-273.936096,-5.978300,1.121394,0.000362816,-0.001273870,3.140994549,1
29.730090,29.729430,-274.792358,-5.977899,1.124988,-0.000018642,0.000152349,3.141210556,1
29.780676,29.779430,-275.219482,-5.977875,1.125128,0.000038453,0.000281811,3.141546011,1
29.830686,29.829430,-276.072662,-5.978045,1.124895,0.000000440,0.000281811,-3.141283512,1
29.879753,29.879430,-276.499481,-5.978196,1.124775,0.000000454,0.000281811,-3.141236544,1
29.929789,29.929430,-277.354675,-5.978461,1.124534,0.000000433,0.000281811,-3.141310215,1
29.980839,29.979430,-277.782837,-5.978523,1.124413,0.000000394,0.000281811,-3.141446114,1
30.029935,30.029430,-278.639191,-5.978827,1.124172,0.000000458,0.000281811,-3.141222000,1
30.079995,30.079430,-279.067657,-5.978998,1.124051,0.000000466,0.000281811,-3.141193151,1
30.130071,30.129430,-279.925568,-5.979421,1.123809,0.000000506,0.000281811,-3.141049147,1
30.180594,30.179430,-280.354797,-5.979626,1.123688,0.000000487,0.000281811,-3.141115665,1
30.229665,30.229430,-281.213135,-5.980296,1.123447,0.000000635,0.000281811,-3.140590191,1
30.280675,30.279430,-281.642151,-5.980831,1.123326,0.000000705,0.000281811,-3.140344381,1
30.330060,30.329430,-282.500214,-5.981878,1.123084,0.000000704,0.000281811,-3.140345812,1
30.380613,30.379430,-282.929535,-5.982409,1.122963,0.000000702,0.000281811,-3.140354872,1
30.429667,30.429430,-283.788239,-5.983121,1.122720,0.000000539,0.000281811,-3.140930891,1
30.480680,30.479430,-284.217163,-5.983238,1.122772,-0.000206129,0.002541303,-3.141274452,1
30.529755,30.529430,-285.071960,-5.982988,1.122363,-0.000004261,-0.001073003,3.141128778,1
30.579802,30.579430,-285.498749,-5.982667,1.122248,-0.000000000,-0.001079678,3.140838385,1
30.628908,30.629430,-286.352936,-5.981867,1.122008,0.000000235,-0.001079678,3.140621185,1
30.679006,30.679430,-286.780640,-5.981230,1.115575,0.000017425,-0.003497958,3.140375137,1
30.730076,30.729430,-287.634308,-5.980101,1.125144,-0.000046872,0.000275969,3.140350342,1
30.780663,30.779430,-288.060394,-5.979608,1.125048,0.000003712,0.000281215,3.140438318,1
30.829815,30.829430,-288.912842,-5.978621,1.124808,0.000003692,0.000281215,3.140365601,1
30.880777,30.879430,-289.339691,-5.978083,1.124688,0.000003682,0.000281215,3.140331030,1
30.929861,30.929430,-290.194672,-5.977171,1.124446,0.000000214,0.000281811,3.140614271,1
30.979967,30.979430,-290.622620,-5.976763,1.124325,0.000000221,0.000281811,3.140639782,1
31.030055,31.029430,-291.479248,-5.976214,1.124084,0.000000342,0.000281811,3.141068220,1
31.080621,31.079430,-291.908081,-5.976061,1.123963,0.000000389,0.000281811,3.141236544,1
31.129699,31.129430,-292.766235,-5.975908,1.123721,0.000000476,0.000281811,3.141544104,1
31.179780,31.179430,-293.195404,-5.976030,1.123600,0.000000569,0.000281811,-3.141308546,1
31.229801,31.229430,-294.054169,-5.976609,1.123358,0.000000689,0.000281811,-3.140882969,1
31.279889,31.279430,-294.483459,-5.977001,1.123237,0.000000746,0.000281811,-3.140681267,1
31.329958,31.329430,-295.342133,-5.977932,1.122995,0.000000824,0.000281811,-3.140406370,1
31.380564,31.379430,-295.771576,-5.978481,1.122874,0.000000849,0.000281811,-3.140315056,1
31.430600,31.429430,-296.630127,-5.979350,1.122556,0.000017384,0.001406193,-3.140774965,1
31.479726,31.479430,-297.058228,-5.979496,1.122675,-0.000457531,-0.000037670,-3.141250610,1
31.529773,31.529430,-297.913300,-5.979186,1.122279,0.000000482,-0.001078486,3.140947580,1
31.578875,31.579430,-298.340912,-5.978783,1.122160,0.000000803,-0.001078486,3.140650749,1
31.628962,31.629430,-299.196838,-5.977762,1.120546,-0.000045274,-0.001603722,3.140275240,1
31.680038,31.679430,-299.625214,-5.977057,1.122370,-0.000409062,-0.000958800,3.139951944,1
31.730585,31.729430,-300.482605,-5.975560,1.125077,0.000004032,0.000281215,3.139875889,1
31.780653,31.779430,-300.911530,-5.974906,1.124957,0.000004086,0.000281215,3.140068054,1
31.829766,31.829430,-301.770142,-5.973864,1.124715,0.000000332,0.000282288,3.140505552,1
31.878873,31.879430,-302.199524,-5.973581,1.124593,0.000000453,0.000282288,3.140933037,1
31.929605,31.929430,-303.057526,-5.973699,1.124352,0.000000734,0.000282288,-3.141256094,1
31.980659,31.979430,-303.484985,-5.974029,1.124231,0.000000857,0.000282288,-3.140821457,1
32.030712,32.029430,-304.338074,-5.975071,1.123990,0.000001020,0.000282288,-3.140243053,1
32.080770,32.079430,-304.764496,-5.975845,1.123870,0.000001151,0.000282288,-3.139777422,1
32.129881,32.129430,-305.618134,-5.977613,1.123629,0.000001229,0.000282288,-3.139501572,1
32.180932,32.179430,-306.044983,-5.978559,1.123509,0.000001265,0.000282288,-3.139374495,1
32.230024,32.229430,-306.893707,-5.980773,1.123270,0.000001385,0.000282288,-3.138950586,1
32.279648,32.279430,-307.315765,-5.981802,1.123150,0.000001327,0.000282288,-3.139155388,1
32.329706,32.329430,-308.157654,-5.983387,1.122913,0.000001107,0.000282288,-3.139935255,1
32.380779,32.379430,-308.578400,-5.983778,1.122794,0.000000901,0.000282288,-3.140664339,1
32.429868,32.429430,-309.420349,-5.983802,1.122780,-0.000289752,0.001377344,3.141286850,1
32.479967,32.479430,-309.840729,-5.983399,1.122421,0.000007034,-0.000976443,3.140628099,1
32.530032,32.529430,-310.681244,-5.982193,1.122212,-0.000000533,-0.001079798,3.139981031,1
32.579667,32.579430,-311.102081,-5.981359,1.122093,0.000000000,-0.001079798,3.139608622,1
32.629739,32.629430,-311.946228,-5.979680,1.117935,-0.000334493,-0.002603769,3.139660835,1
32.680799,32.679430,-312.369812,-5.978892,1.125202,-0.000043676,0.000251412,3.139723301,1
32.729882,32.729430,-313.219666,-5.977345,1.125018,0.000000270,0.000281215,3.139807224,1
32.780959,32.779430,-313.645721,-5.976609,1.124898,0.000000286,0.000281215,3.139863729,1
32.829084,32.829430,-314.499268,-5.975390,1.124658,0.000000402,0.000281215,3.140274048,1
32.880652,32.879430,-314.926636,-5.974836,1.124538,0.000000408,0.000281215,3.140296221,1
32.929738,32.929430,-315.781738,-5.974038,1.124298,0.000000537,0.000281215,3.140755177,1
32.980806,32.979430,-316.209442,-5.973856,1.124178,0.000000653,0.000281215,3.141167402,1
33.029939,33.029430,-317.065552,-5.974000,1.123938,0.000000854,0.000281215,-3.141303062,1
33.080018,33.079430,-317.493835,-5.974287,1.123817,0.000000961,0.000281215,-3.140921831,1
33.129669,33.129430,-318.351318,-5.975210,1.123576,0.000001103,0.000281215,-3.140416622,1
33.180649,33.179430,-318.780121,-5.975636,1.123455,0.000001052,0.000281215,-3.140597582,1
33.230707,33.229430,-319.638031,-5.976351,1.123214,0.000000982,0.000281215,-3.140846729,1
33.280814,33.279430,-320.066895,-5.976675,1.123093,0.000000984,0.000281215,-3.140838385,1
33.329853,33.329430,-320.924774,-5.977131,1.122853,0.000000870,0.000281215,-3.141244888,1
33.379946,33.379430,-321.353729,-5.977186,1.122733,0.000000808,0.000281215,-3.141463757,1
33.430018,33.429430,-322.209747,-5.977050,1.122581,-0.000453803,-0.000511765,3.141270638,1
33.480601,33.479430,-322.636902,-5.976827,1.122376,-0.000030360,-0.001056552,3.141065121,1
33.529715,33.529430,-323.491150,-5.976300,1.122143,0.000001000,-0.001079798,3.140979767,1
33.578836,33.579430,-323.918884,-5.976032,1.122023,0.000001017,-0.001079798,3.140964746,1
33.629897,33.629430,-324.775360,-5.975466,1.123442,-0.000569384,-0.000589371,3.141177416,1
33.679999,33.679430,-325.203735,-5.975283,1.125122,0.000017738,0.000241876,3.141181231,1
33.729580,33.729430,-326.060852,-5.974971,1.124943,-0.000000533,0.000280738,3.141370773,1
33.780624,33.779430,-326.489258,-5.974975,1.124823,-0.000000533,0.000280738,-3.141581535,1
33.829704,33.829430,-327.346954,-5.975080,1.124582,-0.000000533,0.000280738,-3.141438484,1
33.880747,33.879430,-327.776276,-5.975150,1.124461,-0.000000533,0.000280738,-3.141430378,1
33.929798,33.929430,-328.633392,-5.975653,1.124221,-0.000000533,0.000280738,-3.140822649,1
33.979868,33.979430,-329.061096,-5.976051,1.124101,-0.000000533,0.000280738,-3.140661955,1
34.029948,34.029430,-329.916351,-5.977275,1.123861,-0.000000533,0.000280738,-3.140051126,1
34.080037,34.079430,-330.344330,-5.977988,1.123741,-0.000000533,0.000280738,-3.139925957,1
34.130581,34.129430,-331.200867,-5.979591,1.123500,-0.000000533,0.000280738,-3.139658451,1
34.180638,34.179430,-331.627441,-5.980421,1.123380,-0.000000533,0.000280738,-3.139647007,1
34.230727,34.229430,-332.475342,-5.981928,1.123142,-0.000000533,0.000280738,-3.139954329,1
34.280744,34.279430,-332.897644,-5.982409,1.123024,-0.000000533,0.000280738,-3.140455484,1
34.329849,34.329430,-333.741241,-5.982635,1.122788,-0.000000533,0.000280738,-3.141579628,1
34.380890,34.379430,-334.163239,-5.982459,1.122670,-0.000000533,0.000280738,3.141174793,1
34.429048,34.429430,-335.008911,-5.982002,1.122432,0.000001105,0.000149608,3.141160250,1
34.479598,34.479430,-335.432495,-5.981913,1.122313,0.000000971,0.000058055,3.141381979,1
34.530661,34.529430,-336.282135,-5.981808,1.122077,0.000000704,-0.000126004,3.141495943,1
34.578778,34.579430,-336.708008,-5.981820,1.121958,0.000000621,-0.000218153,-3.141564608,1
34.629849,34.629430,-337.561554,-5.982081,1.122037,0.000000000,-0.000280857,-3.141193151,1
34.680896,34.679430,-337.988495,-5.982307,1.122157,0.000000000,-0.000280857,-3.141066313,1
34.729051,34.729430,-338.840607,-5.983107,1.122397,0.000000000,-0.000280857,-3.140510559,1
34.780585,34.779430,-339.266602,-5.983619,1.122516,0.000000000,-0.000280857,-3.140392542,1
34.829730,34.829430,-340.119629,-5.984456,1.122756,0.000000102,-0.000280857,-3.140756607,1
34.880724,34.879430,-340.546021,-5.984636,1.122876,0.000000218,-0.000280857,-3.141169786,1
34.928886,34.929430,-341.396393,-5.984656,1.123114,0.000000396,-0.000280857,3.141381502,1
34.980897,34.979430,-341.821228,-5.984403,1.123234,0.000000504,-0.000280857,3.140998363,1
35.029039,35.029430,-342.671906,-5.983442,1.123473,0.000000684,-0.000280857,3.140355825,1
35.080551,35.079430,-343.097992,-5.982813,1.123592,0.000000752,-0.000280857,3.140115976,1
35.130680,35.129430,-343.951752,-5.981365,1.123832,0.000000840,-0.000280857,3.139801979,1
35.180666,35.179430,-344.379211,-5.980592,1.123952,0.000000845,-0.000280857,3.139784575,1
35.229757,35.229430,-345.235382,-5.979069,1.124193,0.000000827,-0.000280857,3.139847279,1
35.280754,35.279430,-345.663971,-5.978374,1.124313,0.000000792,-0.000280857,3.139970779,1
35.329826,35.329430,-346.521912,-5.976980,1.124662,0.000168793,0.000002146,3.139909744,1
35.380867,35.379430,-346.951019,-5.976256,1.124603,0.000006719,0.003298044,3.139908791,1
35.430004,35.429430,-347.809265,-5.975031,1.124899,-0.000012783,0.001086473,3.140180349,1
35.478980,35.479430,-348.238434,-5.974446,1.125024,-0.000007989,0.001082778,3.140229702,1
35.530535,35.529430,-349.097351,-5.973492,1.125043,0.000281644,0.000976324,3.140594721,1
35.580591,35.579430,-349.527039,-5.973007,1.116437,0.000003812,-0.002367139,3.140965939,1
35.630711,35.629430,-350.386047,-5.972830,1.122097,0.000016050,-0.000286818,-3.141561747,1
35.680726,35.679430,-350.814362,-5.973116,1.122224,-0.000000533,-0.000280976,-3.140926123,1
35.729868,35.729430,-351.669678,-5.974412,1.122465,-0.000000533,-0.000280976,-3.139889240,1
35.779888,35.779430,-352.097443,-5.975320,1.122585,-0.000000533,-0.000280976,-3.139468670,1
35.829030,35.829430,-352.954041,-5.977545,1.122826,-0.000000533,-0.000280976,-3.138898611,1
35.880554,35.879430,-353.382599,-5.978663,1.122946,-0.000000533,-0.000280976,-3.138983250,1
35.929647,35.929430,-354.240417,-5.980916,1.123187,-0.000000533,-0.000280976,-3.138949394,1
35.980651,35.979430,-354.669342,-5.981906,1.123308,-0.000000533,-0.000280976,-3.139283419,1
36.029749,36.029430,-355.526794,-5.983516,1.123549,-0.000000533,-0.000280976,-3.139923096,1
36.080742,36.079430,-355.955353,-5.983929,1.123669,-0.000000533,-0.000280976,-3.140628338,1
36.129832,36.129430,-356.809845,-5.984154,1.123909,-0.000000533,-0.000280976,-3.141443014,1
36.180857,36.179430,-357.235657,-5.984044,1.124029,-0.000000533,-0.000280976,3.141334772,1
36.228998,36.229430,-358.086639,-5.983349,1.124268,-0.000000533,-0.000280976,3.140640020,1
36.280518,36.279430,-358.512482,-5.982778,1.124388,-0.000000533,-0.000280976,3.140251398,1
36.330613,36.329430,-359.365997,-5.981253,1.124738,0.000129891,0.002011776,3.139707565,1
36.380645,36.379430,-359.793518,-5.980380,1.124798,-0.000180562,0.001800299,3.139598131,1
36.429769,36.429430,-360.649292,-5.978641,1.124985,-0.000001065,-0.000043511,3.139479399,1
36.480756,36.479430,-361.077271,-5.977745,1.125108,0.000000987,0.000045180,3.139498949,1
36.529936,36.529430,-361.933929,-5.976058,1.119799,0.000367328,-0.001921892,3.139892817,1
36.580002,36.579430,-362.362518,-5.975506,1.119609,-0.000501740,-0.001916170,3.140279770,1
36.630633,36.629430,-363.220215,-5.974646,1.125106,-0.000001065,0.000277042,3.140655279,1
36.680635,36.679430,-363.649200,-5.974410,1.124992,0.000001163,0.000280142,3.141043186,1
36.729753,36.729430,-364.507599,-5.974486,1.124751,0.000001404,0.000280142,-3.141283274,1
36.780733,36.779430,-364.937134,-5.974762,1.124631,0.000001496,0.000280142,-3.140952349,1
36.829801,36.829430,-365.796021,-5.975798,1.124389,0.000001705,0.000280142,-3.140206337,1
36.880849,36.879430,-366.224213,-5.976542,1.124269,0.000001804,0.000280142,-3.139853001,1
36.929977,36.929430,-367.079376,-5.978301,1.124030,0.000001913,0.000280142,-3.139465332,1
36.979683,36.979430,-367.507111,-5.979274,1.123910,0.000001954,0.000280142,-3.139317036,1
37.029791,37.029430,-368.363190,-5.981090,1.123670,0.000001893,0.000280142,-3.139535427,1
37.080784,37.079430,-368.791748,-5.981951,1.123550,0.000001879,0.000280142,-3.139584541,1
37.129949,37.129430,-369.647766,-5.983324,1.123309,0.000001729,0.000280142,-3.140120983,1
37.180510,37.179430,-370.075043,-5.983818,1.123189,0.000001641,0.000280142,-3.140434742,1
37.230600,37.229430,-370.929993,-5.984402,1.122949,0.000001462,0.000280142,-3.141071796,1
37.279682,37.279430,-371.357910,-5.984452,1.122828,0.000001349,0.000280142,-3.141475677,1
37.330718,37.329430,-372.214264,-5.984219,1.122612,0.000009545,0.001313448,3.141209602,1
37.379759,37.379430,-372.641388,-5.983948,1.122460,-0.000009055,0.000182152,3.140960932,1
37.429812,37.429430,-373.494629,-5.983040,1.122229,-0.000001065,-0.000007987,3.140372992,1
37.480612,37.479430,-373.921509,-5.982453,1.122106,-0.000000533,-0.000103474,3.140218973,1
37.528691,37.529430,-374.776642,-5.980944,1.117490,0.000058191,-0.001971483,3.139877319,1
37.579739,37.579430,-375.204132,-5.980167,1.121853,-0.000020240,-0.000347257,3.139781475,1
37.629875,37.629430,-376.057281,-5.978898,1.122245,0.000000577,-0.000281215,3.140179873,1
37.680917,37.679430,-376.483826,-5.978337,1.122365,0.000000549,-0.000281215,3.140276194,1
37.730535,37.729430,-377.337891,-5.977417,1.122605,0.000000469,-0.000281215,3.140562296,1
37.780583,37.779430,-377.765564,-5.977044,1.122725,0.000000425,-0.000281215,3.140720367,1
37.829699,37.829430,-378.620819,-5.976729,1.122966,0.000000242,-0.000281215,3.141367674,1
37.880730,37.879430,-379.047333,-5.976735,1.123086,0.000000175,-0.000281215,-3.141579390,1
37.929838,37.929430,-379.899323,-5.977263,1.123325,0.000000000,-0.000281215,-3.140799046,1
37.979924,37.979430,-380.325592,-5.977706,1.123445,0.000000000,-0.000281215,-3.140554190,1
38.030509,38.029430,-381.179626,-5.978788,1.123685,0.000000000,-0.000281215,-3.140307903,1
38.080594,38.079430,-381.606659,-5.979334,1.123805,0.000000002,-0.000281215,-3.140313864,1
38.130225,38.129430,-382.458496,-5.979928,1.124045,0.000000212,-0.000281215,-3.141062975,1
38.179747,38.179430,-382.884186,-5.979972,1.124163,0.000000333,-0.000281215,-3.141490698,1
38.229800,38.229430,-383.736664,-5.979462,1.124403,0.000000590,-0.000281215,3.140778303,1
38.279875,38.279430,-384.163696,-5.978919,1.124523,0.000000719,-0.000281215,3.140319586,1
38.329027,38.329430,-385.018036,-5.977877,1.124722,-0.000011718,0.001132846,3.140457869,1
38.380549,38.379430,-385.445587,-5.977540,1.124869,-0.000010653,0.001084924,3.140805483,1
38.429268,38.429430,-386.301117,-5.977003,1.125112,-0.000007989,0.001082778,3.141033649,1
38.480765,38.479430,-386.729095,-5.976921,1.125232,-0.000007457,0.001082778,3.141400337,1
38.528916,38.529430,-387.585571,-5.976947,1.121845,0.000002153,-0.000327349,-3.141457796,1
38.580002,38.579430,-388.013947,-5.977040,1.122069,-0.000001598,-0.000281215,-3.141377211,1
38.630605,38.629430,-388.870758,-5.977674,1.122310,-0.000001598,-0.000281215,-3.140673637,1
38.680651,38.679430,-389.299561,-5.978241,1.122430,-0.000001598,-0.000281215,-3.140270710,1
38.729730,38.729430,-390.157990,-5.979825,1.122672,-0.000001598,-0.000281215,-3.139599085,1
38.780728,38.779430,-390.587616,-5.980766,1.122792,-0.000001598,-0.000281215,-3.139402151,1
38.829859,38.829430,-391.445343,-5.982758,1.123034,-0.000001598,-0.000281215,-3.139190197,1
38.880838,38.879430,-391.873260,-5.983722,1.123154,-0.000001598,-0.000281215,-3.139338017,1
38.929002,38.929430,-392.729218,-5.985087,1.123395,-0.000001598,-0.000281215,-3.140184164,1
38.980531,38.979430,-393.157654,-5.985589,1.123515,-0.000001598,-0.000281215,-3.140421152,1
39.030596,39.029430,-394.014984,-5.986070,1.123756,-0.000001598,-0.000281215,-3.141245604,1
39.079741,39.079430,-394.443848,-5.985989,1.123877,-0.000001598,-0.000281215,3.141404152,1
39.130742,39.129430,-395.302032,-5.985082,1.124118,-0.000001598,-0.000281215,3.140186548,1
39.180768,39.179430,-395.731171,-5.984195,1.124239,-0.000001598,-0.000281215,3.139526367,1
39.229927,39.229430,-396.590149,-5.981736,1.124480,-0.000001598,-0.000281215,3.138472557,1
39.279992,39.279430,-397.019714,-5.980343,1.124831,0.000240855,0.001493454,3.138172388,1
39.330575,39.329430,-397.877380,-5.977299,1.124782,-0.000051133,-0.000046015,3.138115644,1
39.380594,39.379430,-398.305389,-5.975835,1.124956,-0.000006392,-0.000062942,3.138174534,1
39.430684,39.429430,-399.161469,-5.973244,1.125201,-0.000000533,0.000117779,3.138760567,1
39.479729,39.479430,-399.589508,-5.972329,1.121377,0.000349956,-0.001325250,3.139494658,1
39.529780,39.529430,-400.446014,-5.971419,1.124974,-0.000103331,0.000159264,3.140911102,1
39.578906,39.579430,-400.874634,-5.971445,1.125130,-0.000010120,0.000276446,3.141583204,1
39.629517,39.629430,-401.731506,-5.972632,1.124899,0.000002000,0.000280142,-3.139799833,1
39.680534,39.679430,-402.160217,-5.973654,1.124779,0.000002166,0.000280142,-3.139207840,1
39.730676,39.729430,-403.018341,-5.976432,1.124537,0.000002483,0.000280142,-3.138074875,1
39.780699,39.779430,-403.447601,-5.978072,1.124417,0.000002569,0.000280142,-3.137770653,1
39.829883,39.829430,-404.306244,-5.981341,1.124176,0.000002537,0.000280142,-3.137885094,1
39.880871,39.879430,-404.735229,-5.982679,1.124056,0.000002372,0.000280142,-3.138472557,1
39.930515,39.929430,-405.593048,-5.984725,1.123814,0.000002089,0.000280142,-3.139482260,1
39.980565,39.979430,-406.021942,-5.985340,1.123694,0.000001900,0.000280142,-3.140157700,1
40.030649,40.029430,-406.880341,-5.985771,1.123454,0.000001553,0.000280142,-3.141395092,1
40.080688,40.079430,-407.309296,-5.985426,1.123334,0.000001272,0.000280142,3.140786409,1
40.129788,40.129430,-408.166595,-5.983715,1.123093,0.000000848,0.000280142,3.139272928,1
40.180873,40.179430,-408.595581,-5.982495,1.122972,0.000000702,0.000280142,3.138750315,1
40.229940,40.229430,-409.453979,-5.979502,1.122732,0.000000489,0.000280142,3.137990952,1
40.280500,40.279430,-409.883301,-5.977836,1.122729,0.000007252,0.002779126,3.137752533,1
40.330898,40.329430,-410.741791,-5.974710,1.122364,-0.000007989,0.000104904,3.138018847,1
40.379975,40.379430,-411.170807,-5.973374,1.122249,-0.000001598,0.000007391,3.138482571,1
40.430590,40.429430,-412.028748,-5.971416,1.122010,-0.000001065,-0.000178456,3.139690399,1
40.479668,40.479430,-412.457458,-5.970816,1.116481,-0.000035686,-0.002347589,3.140474319,1
40.530758,40.529430,-413.312958,-5.970468,1.122101,-0.000014381,-0.000282645,3.141423464,1
40.579830,40.579430,-413.739716,-5.970705,1.122227,0.000000104,-0.000281215,-3.141035318,1
40.629950,40.629430,-414.593201,-5.971836,1.122467,-0.000000000,-0.000281215,-3.140124321,1
40.680494,40.679430,-415.020447,-5.972548,1.122588,0.000000000,-0.000281215,-3.139924049,1
40.730556,40.729430,-415.876282,-5.974034,1.122828,0.000000000,-0.000281215,-3.139843464,1
40.780590,40.779430,-416.304352,-5.974828,1.122949,0.000000000,-0.000281215,-3.139738083,1
40.829732,40.829430,-417.158844,-5.976323,1.123189,0.000000065,-0.000281215,-3.139958620,1
40.880682,40.879430,-417.586090,-5.976981,1.123309,0.000000091,-0.000281215,-3.140051842,1
40.929759,40.929430,-418.441315,-5.978276,1.123549,0.000000126,-0.000281215,-3.140175104,1
40.980759,40.979430,-418.869202,-5.978838,1.123670,0.000000154,-0.000281215,-3.140276670,1
41.028855,41.029430,-419.725891,-5.979949,1.123911,0.000000173,-0.000281215,-3.140341043,1
41.080862,41.079430,-420.154602,-5.980506,1.124031,0.000000159,-0.000281215,-3.140293598,1
41.130038,41.129430,-421.012604,-5.981526,1.124272,0.000000229,-0.000281215,-3.140539646,1
41.180518,41.179430,-421.441467,-5.981746,1.124393,0.000000380,-0.000281215,-3.141079187,1
41.230569,41.229430,-422.299438,-5.981727,1.124684,0.000040384,0.002143860,3.141288519,1
41.280613,41.279430,-422.728668,-5.981480,1.124723,-0.000003196,0.001122713,3.141026497,1
41.330702,41.329430,-423.587555,-5.980637,1.124985,-0.000001065,0.001081824,3.140384912,1
41.380707,41.379430,-424.016937,-5.979914,1.125105,-0.000001598,0.001081824,3.139909267,1
41.429788,41.429430,-424.875610,-5.978436,1.119384,0.000004461,-0.001206160,3.139736414,1
41.480831,41.479430,-425.305145,-5.977699,1.121857,0.000001681,-0.000320077,3.139877081,1
41.529941,41.529430,-426.163910,-5.976731,1.122184,0.000000341,-0.000281095,3.140605211,1
41.579549,41.579430,-426.593414,-5.976450,1.122305,0.000000247,-0.000281095,3.140938997,1
41.630632,41.629430,-427.452606,-5.976491,1.122546,0.000000000,-0.000281095,-3.141265869,1
41.680682,41.679430,-427.882324,-5.976821,1.122667,0.000000000,-0.000281095,-3.140824556,1
41.729789,41.729430,-428.741943,-5.977983,1.122908,-0.000000000,-0.000281095,-3.140013456,1
41.780761,41.779430,-429.170563,-5.978860,1.123029,0.000000000,-0.000281095,-3.139546871,1
41.828905,41.829430,-430.026794,-5.980967,1.123270,0.000000000,-0.000281095,-3.139105320,1
41.879975,41.879430,-430.455078,-5.982062,1.123390,-0.000000000,-0.000281095,-3.139035225,1
41.929747,41.929430,-431.312561,-5.984263,1.123631,0.000000041,-0.000281095,-3.139098883,1
41.980746,41.979430,-431.741547,-5.985255,1.123752,0.000000092,-0.000281095,-3.139281034,1
42.028863,42.029430,-432.599335,-5.986603,1.123993,0.000000410,-0.000281095,-3.140410185,1
42.079913,42.079430,-433.027832,-5.986672,1.124113,0.000000696,-0.000281095,-3.141429663,1
42.129531,42.129430,-433.884979,-5.985781,1.124354,0.000001153,-0.000281095,3.140132666,1
42.180564,42.179430,-434.313751,-5.984840,1.124475,0.000001358,-0.000281095,3.139399767,1
42.229691,42.229430,-435.172089,-5.982183,1.124705,0.000025711,0.001118064,3.138181210,1
42.280691,42.279430,-435.601349,-5.980605,1.124847,-0.000012783,0.001084328,3.137881994,1
42.329781,42.329430,-436.460144,-5.977134,1.125066,-0.000006392,0.001082778,3.137498379,1
42.380761,42.379430,-436.889404,-5.975491,1.125186,-0.000005859,0.001082778,3.137763977,1
42.430591,42.429430,-437.747681,-5.972794,1.121024,0.000121334,-0.000625491,3.138800621,1
42.478665,42.479430,-438.176758,-5.971878,1.121994,0.000005651,-0.000294924,3.139456749,1
42.530714,42.529430,-439.033966,-5.971437,1.122264,-0.000001065,-0.000281572,-3.141513824,1
42.578822,42.579430,-439.462555,-5.971919,1.122385,-0.000001598,-0.000281572,-3.140468597,1
42.629933,42.629430,-440.320374,-5.973889,1.122626,-0.000001598,-0.000281572,-3.139021158,1
42.679507,42.679430,-440.749481,-5.975196,1.122747,-0.000001598,-0.000281572,-3.138547659,1
42.730668,42.729430,-441.608124,-5.978242,1.122989,-0.000001598,-0.000281572,-3.137833118,1
42.780639,42.779430,-442.037384,-5.979913,1.123110,-0.000001598,-0.000281572,-3.137699366,1
42.829718,42.829430,-442.895721,-5.983342,1.123350,-0.000001598,-0.000281572,-3.137687206,1
42.880715,42.879430,-443.324707,-5.984983,1.123471,-0.000001598,-0.000281572,-3.137766123,1
42.929794,42.929430,-444.182465,-5.987804,1.123713,-0.000001598,-0.000281572,-3.138560534,1
42.979865,42.979430,-444.610687,-5.988811,1.123833,-0.000001598,-0.000281572,-3.139240265,1
43.030453,43.029430,-445.464294,-5.989688,1.124072,-0.000001065,-0.000281572,-3.140935183,1
43.080505,43.079430,-445.890472,-5.989636,1.124192,-0.000001065,-0.000281572,3.141469002,1
43.130606,43.129430,-446.743439,-5.988484,1.124432,-0.000001065,-0.000281572,3.139835358,1
43.180643,43.179430,-447.170654,-5.987427,1.124727,0.000270943,-0.000083327,3.139116764,1
43.229797,43.229430,-448.026001,-5.984565,1.124739,0.000003922,0.001165390,3.138074398,1
43.280727,43.279430,-448.454041,-5.982946,1.124899,0.000000220,0.001085400,3.137808323,1
43.329832,43.329430,-449.311035,-5.979620,1.125142,0.000002251,0.001081824,3.137718201,1
43.379885,43.379430,-449.739716,-5.978080,1.125117,0.000222364,0.001011491,3.138016462,1
43.430490,43.429430,-450.597595,-5.975242,1.121799,-0.000008522,-0.000359535,3.138643265,1
43.480533,43.479430,-451.026489,-5.974261,1.122093,-0.000015446,-0.000282407,3.139301538,1
43.530620,43.529430,-451.883636,-5.973254,1.122340,0.000000470,-0.000281215,3.140735865,1
43.579715,43.579430,-452.312225,-5.973228,1.122460,0.000000246,-0.000281215,3.141532183,1
43.629828,43.629430,-453.169525,-5.973915,1.122702,0.000000000,-0.000281215,-3.140498161,1
43.679893,43.679430,-453.598419,-5.974656,1.122822,0.000000000,-0.000281215,-3.139866352,1
43.729488,43.729430,-454.456818,-5.976811,1.123064,0.000000000,-0.000281215,-3.138798237,1
43.780497,43.779430,-454.886200,-5.978179,1.123184,0.000000000,-0.000281215,-3.138406992,1
43.830568,43.829430,-455.745117,-5.981034,1.123426,0.000000030,-0.000281215,-3.138322592,1
43.879671,43.879430,-456.174683,-5.982360,1.123547,0.000000082,-0.000281215,-3.138505697,1
43.929718,43.929430,-457.034119,-5.984708,1.123788,0.000000205,-0.000281215,-3.138942719,1
43.980721,43.979430,-457.463654,-5.985614,1.123909,0.000000357,-0.000281215,-3.139483929,1
44.029826,44.029430,-458.321930,-5.986667,1.124151,0.000000683,-0.000281215,-3.140642881,1
44.079881,44.079430,-458.751160,-5.986953,1.124271,0.000000763,-0.000281215,-3.140927315,1
44.130481,44.129430,-459.609375,-5.986871,1.124513,0.000001048,-0.000281215,3.141243696,1
44.180533,44.179430,-460.038544,-5.986644,1.124685,0.000042786,0.002138495,3.140939474,1
44.230614,44.229430,-460.897125,-5.985480,1.124862,0.000000000,0.001083255,3.140005827,1
44.279661,44.279430,-461.326660,-5.984603,1.124983,-0.000001065,0.001081228,3.139551163,1
44.329712,44.329430,-462.185760,-5.982223,1.125225,-0.000002131,0.001081228,3.138648510,1
44.379733,44.379430,-462.615265,-5.980838,1.119375,0.000007642,-0.001209378,3.138100386,1
44.429750,44.429430,-463.473145,-5.977650,1.122059,-0.000006924,-0.000283718,3.137892723,1
44.480731,44.479430,-463.900330,-5.976205,1.122182,0.000000994,-0.000281095,3.138207674,1
44.529820,44.529430,-464.752686,-5.973631,1.122422,0.000000844,-0.000281095,3.138740063,1
44.579913,44.579430,-465.178711,-5.972631,1.122542,0.000000702,-0.000281095,3.139245272,1
44.630510,44.629430,-466.031342,-5.971582,1.122781,0.000000265,-0.000281095,3.140799284,1
44.680554,44.679430,-466.458160,-5.971591,1.122901,0.000000037,-0.000281095,-3.141574860,1
44.730648,44.729430,-467.310638,-5.972659,1.123141,0.000000000,-0.000281095,-3.140037775,1
44.778703,44.779430,-467.736328,-5.973589,1.123261,0.000000000,-0.000281095,-3.139405489,1
44.829738,44.829430,-468.588348,-5.976005,1.123500,-0.000000000,-0.000281095,-3.138618231,1
44.878778,44.879430,-469.014984,-5.977290,1.123620,0.000000000,-0.000281095,-3.138579607,1
44.929845,44.929430,-469.869690,-5.979766,1.123860,0.000000049,-0.000281095,-3.138754845,1
44.979918,44.979430,-470.297241,-5.980767,1.123980,0.000000189,-0.000281095,-3.139250994,1
45.030529,45.029430,-471.152924,-5.982054,1.124221,0.000000502,-0.000281095,-3.140366316,1
45.080560,45.079430,-471.581238,-5.982343,1.124341,0.000000657,-0.000281095,-3.140918016,1
45.129678,45.129430,-472.438812,-5.982471,1.124683,0.000105865,0.000855923,3.141561270,1
45.180647,45.179430,-472.868164,-5.982358,1.124726,0.000014777,0.001987695,3.141292572,1
45.228760,45.229430,-473.726929,-5.982156,1.124933,-0.000000533,0.001083255,3.141418695,1
45.280718,45.279430,-474.156464,-5.982063,1.125054,-0.000000533,0.001083255,3.141377211,1
45.330531,45.329430,-475.016083,-5.981772,1.123023,0.000107003,0.000181079,3.141205072,1
45.380567,45.379430,-475.446350,-5.981491,1.118712,0.000018016,-0.001497388,3.141128778,1
45.429703,45.429430,-476.305939,-5.981276,1.122130,0.000008929,-0.000282049,3.141470194,1
45.479799,45.479430,-476.734436,-5.981234,1.122254,0.000000000,-0.000281215,3.141494036,1
45.529885,45.529430,-477.590027,-5.981215,1.122494,0.000000000,-0.000281215,-3.141527891,1
45.580449,45.579430,-478.017914,-5.981286,1.122615,0.000000000,-0.000281215,-3.141422987,1
45.629641,45.629430,-478.874603,-5.981438,1.122855,0.000000052,-0.000281215,-3.141508818,1
45.680585,45.679430,-479.302399,-5.981445,1.122976,0.000000071,-0.000281215,-3.141575098,1
45.729715,45.729430,-480.155182,-5.981635,1.123216,0.000000017,-0.000281215,-3.141381502,1
45.780666,45.779430,-480.580994,-5.981674,1.123335,0.000000050,-0.000281215,-3.141499519,1
45.829743,45.829430,-481.433441,-5.981615,1.123575,0.000000111,-0.000281215,3.141466379,1
45.880719,45.879430,-481.860504,-5.981514,1.123695,0.000000143,-0.000281215,3.141355038,1
45.929823,45.929430,-482.716034,-5.981194,1.123936,0.000000184,-0.000281215,3.141206741,1
45.979892,45.979430,-483.144379,-5.981060,1.124056,0.000000164,-0.000281215,3.141279697,1
46.029494,46.029430,-484.001740,-5.980700,1.124297,0.000000202,-0.000281215,3.141144753,1
46.080517,46.079430,-484.430756,-5.980433,1.124418,0.000000251,-0.000281215,3.140969515,1
46.130591,46.129430,-485.287933,-5.980162,1.124689,-0.000029827,0.002734542,-3.141590834,1
46.180621,46.179430,-485.714783,-5.980428,1.124735,0.000004674,0.001145720,-3.140981436,1
46.229687,46.229430,-486.566681,-5.981454,1.125007,0.000000804,0.001081824,-3.140236616,1
46.279706,46.279430,-486.992401,-5.982163,1.125126,0.000001141,0.001081824,-3.139924765,1
46.329753,46.329430,-487.845032,-5.983907,1.118077,0.000136535,-0.001728296,-3.139287472,1
46.380744,46.379430,-488.271851,-5.984863,1.121828,0.000007259,-0.000342369,-3.139348984,1
46.429784,46.429430,-489.127014,-5.986657,1.122201,-0.000001065,-0.000281215,-3.139551401,1
46.480783,46.479430,-489.555054,-5.987412,1.122321,-0.000001065,-0.000281215,-3.139829159,1
46.528914,46.529430,-490.411194,-5.988137,1.122562,-0.000001065,-0.000281215,-3.141111374,1
46.579474,46.579430,-490.839569,-5.988070,1.122682,-0.000001065,-0.000281215,3.141433716,1
46.630527,46.629430,-491.696625,-5.987318,1.122923,-0.000001065,-0.000281215,3.140543699,1
46.680567,46.679430,-492.124207,-5.986616,1.123044,-0.000001065,-0.000281215,3.139949799,1
46.729656,46.729430,-492.978455,-5.984763,1.123284,-0.000001065,-0.000281215,3.139401674,1
46.780650,46.779430,-493.405609,-5.983832,1.123404,-0.000001065,-0.000281215,3.139412642,1
46.829749,46.829430,-494.261169,-5.981951,1.123645,-0.000001065,-0.000281215,3.139415503,1
46.880714,46.879430,-494.689240,-5.981138,1.123765,-0.000001065,-0.000281215,3.139693975,1
46.929831,46.929430,-495.546204,-5.979741,1.124006,-0.000001065,-0.000281215,3.140063524,1
46.980082,46.979430,-495.975037,-5.979212,1.124127,-0.000001065,-0.000281215,3.140359879,1
47.029636,47.029430,-496.832794,-5.978224,1.124367,-0.000001065,-0.000281215,3.140507460,1
47.079654,47.079430,-497.261902,-5.977773,1.124488,-0.000001065,-0.000281215,3.140543461,1
47.129715,47.129430,-498.120209,-5.977045,1.124724,0.000036343,0.001105308,3.140751600,1
47.180714,47.179430,-498.549561,-5.976679,1.124839,0.000000789,0.001083851,3.140742064,1
47.229784,47.229430,-499.408691,-5.976073,1.125080,0.000001468,0.001082182,3.140919209,1
47.280755,47.279430,-499.838226,-5.975933,1.125200,0.000001843,0.001082182,3.141265392,1
47.329714,47.329430,-500.697113,-5.975809,1.121881,0.000024090,-0.000298619,-3.141499758,1
47.380685,47.379430,-501.126617,-5.975899,1.122035,-0.000008522,-0.000280738,-3.141390324,1
47.429777,47.429430,-501.985657,-5.975924,1.122278,0.000000025,-0.000281095,3.141576052,1
47.480758,47.479430,-502.415100,-5.976000,1.122399,0.000000000,-0.000281095,-3.141416311,1
47.529848,47.529430,-503.274078,-5.976188,1.122640,0.000000014,-0.000281095,-3.141398191,1
47.579419,47.579430,-503.703888,-5.976245,1.122761,0.000000031,-0.000281095,-3.141458511,1
47.630532,47.629430,-504.561707,-5.976341,1.123002,0.000000052,-0.000281095,-3.141534328,1
47.680580,47.679430,-504.989594,-5.976408,1.123122,0.000000025,-0.000281095,-3.141436815,1
47.729724,47.729430,-505.845215,-5.976663,1.123363,0.000000000,-0.000281095,-3.141192436,1
47.779694,47.779430,-506.273315,-5.976836,1.123483,0.000000000,-0.000281095,-3.141187906,1
47.829739,47.829430,-507.130219,-5.977284,1.123724,0.000000000,-0.000281095,-3.140938044,1
47.880705,47.879430,-507.558167,-5.977547,1.123844,0.000000011,-0.000281095,-3.140977621,1
47.929765,47.929430,-508.410980,-5.977914,1.124084,0.000000092,-0.000281095,-3.141263485,1
47.979763,47.979430,-508.836700,-5.978082,1.124204,0.000000073,-0.000281095,-3.141199112,1
48.029825,48.029430,-509.688904,-5.978445,1.124443,0.000000066,-0.000281095,-3.141170740,1
48.080391,48.079430,-510.115723,-5.978664,1.124893,0.000521414,0.000370622,-3.141090155,1
48.130465,48.129430,-510.970856,-5.979119,1.124754,-0.000034088,0.001168609,-3.141120195,1
48.179609,48.179430,-511.399078,-5.979296,1.124907,-0.000013316,0.001085997,-3.141178131,1
48.229680,48.229430,-512.255249,-5.979159,1.125152,-0.000009055,0.001082182,3.141276598,1
48.280688,48.279430,-512.683533,-5.978885,1.124727,0.000154253,0.000858068,3.140958071,1
48.329776,48.329430,-513.541016,-5.977950,1.121788,-0.000013848,-0.000384569,3.140644073,1
48.380748,48.379430,-513.970093,-5.977549,1.122103,0.000017898,-0.000287414,3.140664339,1
48.429893,48.429430,-514.828674,-5.976602,1.122352,0.000000017,-0.000281095,3.140458345,1
48.480440,48.479430,-515.258240,-5.976127,1.122473,0.000000009,-0.000281095,3.140486717,1
48.530531,48.529430,-516.118164,-5.975187,1.122714,0.000000003,-0.000281095,3.140509844,1
48.579627,48.579430,-516.547974,-5.974878,1.122835,0.000000000,-0.000281095,3.140873909,1
48.628734,48.629430,-517.404236,-5.974469,1.123076,0.000000000,-0.000281095,3.141191244,1
48.680681,48.679430,-517.830750,-5.974439,1.123196,0.000000000,-0.000281095,3.141522169,1
48.729751,48.729430,-518.682434,-5.974601,1.123435,0.000000000,-0.000281095,-3.141335011,1
48.780730,48.779430,-519.108398,-5.974814,1.123555,0.000000000,-0.000281095,-3.141090631,1
48.828834,48.829430,-519.961365,-5.975467,1.123794,0.000000000,-0.000281095,-3.140680790,1
48.879907,48.879430,-520.387268,-5.976073,1.123914,0.000000000,-0.000281095,-3.140164852,1
48.929496,48.929430,-521.238586,-5.977616,1.124153,0.000000000,-0.000281095,-3.139634848,1
48.980523,48.979430,-521.664734,-5.978522,1.124273,0.000000000,-0.000281095,-3.139468670,1
49.029620,49.029430,-522.518921,-5.980506,1.124513,0.000000000,-0.000281095,-3.139203548,1
49.080615,49.079430,-522.946594,-5.981494,1.124685,0.000043784,0.002094388,-3.139228106,1
49.129707,49.129430,-523.800781,-5.982917,1.124862,0.000020102,0.001086473,-3.140284300,1
49.180676,49.179430,-524.227051,-5.983180,1.124981,0.000007991,0.001083255,-3.140976906,1
49.229789,49.229430,-525.080017,-5.982912,1.125220,0.000006702,0.001083255,3.141017199,1
49.280738,49.279430,-525.507080,-5.982537,1.119542,0.000304883,-0.001120329,3.140499353,1
49.330548,49.329430,-526.361938,-5.981269,1.122053,0.000001065,-0.000282407,3.140077591,1
49.380454,49.379430,-526.788635,-5.980508,1.122175,0.000001141,-0.000282407,3.139808893,1
49.430555,49.429430,-527.641663,-5.978903,1.122415,0.000001169,-0.000282407,3.139709473,1
49.480576,49.479430,-528.068604,-5.978157,1.122536,0.000001131,-0.000282407,3.139845133,1
49.529685,49.529430,-528.923279,-5.977135,1.122776,0.000000924,-0.000282407,3.140578032,1
49.579737,49.579430,-529.351257,-5.976816,1.122895,0.000000847,-0.000282407,3.140848875,1
49.629860,49.629430,-530.207703,-5.976162,1.123136,0.000000852,-0.000282407,3.140832186,1
49.680398,49.679430,-530.636230,-5.975900,1.123257,0.000000810,-0.000282407,3.140980721,1
49.730486,49.729430,-531.494080,-5.975674,1.123497,0.000000676,-0.000282407,3.141454220,1
49.779548,49.779430,-531.923279,-5.975775,1.123619,0.000000571,-0.000282407,-3.141358614,1
49.830642,49.829430,-532.781921,-5.976474,1.123860,0.000000374,-0.000282407,-3.140659571,1
49.880644,49.879430,-533.211487,-5.976953,1.123981,0.000000323,-0.000282407,-3.140480042,1
49.929755,49.929430,-534.071228,-5.978187,1.124222,0.000000207,-0.000282407,-3.140068769,1
49.980725,49.979430,-534.501160,-5.978815,1.124342,0.000000225,-0.000282407,-3.140132427,1
50.029889,50.029430,-535.361328,-5.979986,1.124800,0.000289234,0.000965118,-3.140227318,1
50.079402,50.079430,-535.791138,-5.980491,1.124760,-0.000092678,0.002982735,-3.140423536,1
50.130466,50.129430,-536.648438,-5.980912,1.124945,-0.000000533,-0.000078082,-3.141322374,1
50.179540,50.179430,-537.076782,-5.980907,1.125065,0.000000845,0.000013351,3.141580105,1
50.230591,50.229430,-537.933044,-5.980195,1.122794,0.000370953,-0.000787497,3.140507221,1
50.280614,50.279430,-538.361511,-5.979550,1.116776,-0.000328634,-0.003017187,3.140096426,1
50.328605,50.329430,-539.218445,-5.978270,1.125144,-0.000019707,0.000277400,3.140235186,1
50.380570,50.379430,-539.647034,-5.977768,1.125034,0.000000845,0.000280142,3.140425444,1
50.429641,50.429430,-540.504150,-5.977288,1.124794,0.000001054,0.000280142,3.141171932,1
50.480633,50.479430,-540.932861,-5.977211,1.124674,0.000001122,0.000280142,3.141411543,1
50.529733,50.529430,-541.791016,-5.977398,1.124433,0.000001272,0.000280142,-3.141236067,1
50.578795,50.579430,-542.220459,-5.977614,1.124313,0.000001313,0.000280142,-3.141089916,1
50.629875,50.629430,-543.079773,-5.978315,1.124071,0.000001441,0.000280142,-3.140632391,1
50.680409,50.679430,-543.509705,-5.978848,1.123951,0.000001519,0.000280142,-3.140353680,1
50.729449,50.729430,-544.369507,-5.980070,1.123710,0.000001599,0.000280142,-3.140069485,1
50.778511,50.779430,-544.799377,-5.980732,1.123588,0.000001604,0.000280142,-3.140050173,1
50.829524,50.829430,-545.657227,-5.981805,1.123348,0.000001501,0.000280142,-3.140417814,1
50.879576,50.879430,-546.084961,-5.982224,1.123228,0.000001447,0.000280142,-3.140612364,1
50.929612,50.929430,-546.940002,-5.982912,1.122988,0.000001355,0.000280142,-3.140940189,1
50.980615,50.979430,-547.367554,-5.983011,1.122869,0.000001237,0.000280142,-3.141360998,1
51.029663,51.029430,-548.223267,-5.983024,1.122537,0.000009590,0.001485586,3.141547918,1
51.080667,51.079430,-548.651550,-5.983048,1.122498,-0.000010120,0.000213504,-3.141531706,1
51.129746,51.129430,-549.508240,-5.982909,1.122267,-0.000001065,0.000021815,3.141356230,1
51.180697,51.179430,-549.936768,-5.982832,1.122148,-0.000001065,-0.000071168,3.141415596,1
51.229796,51.229430,-550.794556,-5.982695,1.120036,-0.000011185,-0.000975251,3.141391754,1
51.279868,51.279430,-551.223755,-5.982620,1.121906,0.000007683,-0.000310659,3.141418695,1
51.330418,51.329430,-552.081787,-5.982207,1.122210,0.000000000,-0.000280857,3.141056776,1
51.380448,51.379430,-552.510925,-5.981937,1.122331,0.000000026,-0.000280857,3.140963078,1
51.429540,51.429430,-553.369080,-5.981623,1.122572,0.000000000,-0.000280857,3.141296148,1
51.480566,51.479430,-553.798279,-5.981608,1.122692,0.000000000,-0.000280857,3.141556501,1
51.529649,51.529430,-554.656189,-5.981634,1.122933,0.000000000,-0.000280857,-3.141549587,1
51.579701,51.579430,-555.083679,-5.981692,1.123053,0.000000000,-0.000280857,-3.141456842,1
51.629831,51.629430,-555.937134,-5.981940,1.123293,0.000000000,-0.000280857,-3.141184568,1
51.680373,51.679430,-556.363831,-5.982157,1.123413,0.000000000,-0.000280857,-3.141082048,1
51.730483,51.729430,-557.218384,-5.982841,1.123653,0.000000000,-0.000280857,-3.140718937,1
51.780534,51.779430,-557.646179,-5.983323,1.123773,0.000000000,-0.000280857,-3.140468597,1
51.829638,51.829430,-558.502808,-5.984463,1.124013,0.000000000,-0.000280857,-3.140185118,1
51.880628,51.879430,-558.931580,-5.985100,1.124134,0.000000000,-0.000280857,-3.140106916,1
51.928577,51.929430,-559.789612,-5.986184,1.124375,0.000000091,-0.000280857,-3.140430212,1
51.979578,51.979430,-560.219055,-5.986621,1.124495,0.000000131,-0.000280857,-3.140571833,1
52.029652,52.029430,-561.077881,-5.987194,1.124718,0.000028719,0.001111627,-3.141093016,1
52.078731,52.079430,-561.506287,-5.987213,1.124844,0.000008831,0.001083851,-3.141546488,1
52.129769,52.129430,-562.362122,-5.986760,1.125106,0.000003643,0.001082182,3.140976191,1
52.179803,52.179430,-562.790283,-5.986437,1.125226,0.000003495,0.001082182,3.140839577,1
52.229826,52.229430,-563.647156,-5.985593,1.121873,0.000034410,-0.000298858,3.140417337,1
52.280379,52.279430,-564.075500,-5.984978,1.122041,-0.000000533,-0.000281811,3.140156984,1
52.329499,52.329430,-564.930542,-5.983845,1.122283,-0.000000533,-0.000281811,3.140367270,1
52.380527,52.379430,-565.357849,-5.983486,1.122404,-0.000000533,-0.000281811,3.140753269,1
52.430634,52.429430,-566.213806,-5.983187,1.122644,-0.000000533,-0.000281811,3.141406298,1
52.479685,52.479430,-566.642029,-5.983129,1.122763,-0.000000533,-0.000281811,3.141458988,1
52.529709,52.529430,-567.498840,-5.982871,1.123005,-0.000000533,-0.000281811,3.141324520,1
52.579761,52.579430,-567.927307,-5.982856,1.123124,-0.000000533,-0.000281811,3.141561747,1
52.629891,52.629430,-568.785095,-5.983063,1.123366,-0.000000533,-0.000281811,-3.141330004,1
52.680430,52.679430,-569.214294,-5.983171,1.123486,-0.000000533,-0.000281811,-3.141340971,1
52.730507,52.729430,-570.072876,-5.983489,1.123728,-0.000000533,-0.000281811,-3.141255856,1
52.780544,52.779430,-570.501526,-5.983523,1.123847,-0.000000533,-0.000281811,-3.141512632,1
52.829630,52.829430,-571.355835,-5.983475,1.124088,-0.000000533,-0.000281811,3.141435862,1
52.880646,52.879430,-571.782288,-5.983234,1.124208,-0.000000533,-0.000281811,3.141029119,1
52.929734,52.929430,-572.635559,-5.982520,1.124447,-0.000000533,-0.000281811,3.140639305,1
52.980715,52.979430,-573.062805,-5.982010,1.124949,0.000598975,0.000507116,3.140415430,1
53.029811,53.029430,-573.916565,-5.981087,1.124803,0.000018296,0.001098275,3.140650749,1
53.078413,53.079430,-574.342957,-5.980708,1.124914,0.000008358,0.001083255,3.140703678,1
53.130443,53.129430,-575.196289,-5.980036,1.125155,0.000006982,0.001082778,3.140908003,1
53.180490,53.179430,-575.623291,-5.979940,1.124697,0.000144401,0.000875711,3.141345024,1
53.230552,53.229430,-576.478027,-5.980013,1.121784,0.000011770,-0.000371814,-3.141370296,1
53.279594,53.279430,-576.905640,-5.980110,1.122103,0.000018413,-0.000282288,-3.141363144,1
53.329663,53.329430,-577.761169,-5.980298,1.122350,0.000000000,-0.000280976,-3.141373158,1
53.380635,53.379430,-578.189392,-5.980324,1.122470,0.000000044,-0.000280976,-3.141531467,1
53.429690,53.429430,-579.046509,-5.980015,1.122711,0.000000196,-0.000280976,3.141113043,1
53.480670,53.479430,-579.475586,-5.979739,1.122831,0.000000243,-0.000280976,3.140947819,1
53.529753,53.529430,-580.332458,-5.979095,1.123072,0.000000255,-0.000280976,3.140902042,1
53.579768,53.579430,-580.760193,-5.978957,1.123192,0.000000152,-0.000280976,3.141268492,1
53.630377,53.629430,-581.616211,-5.979242,1.123433,0.000000000,-0.000280976,-3.141083241,1
53.680427,53.679430,-582.044739,-5.979604,1.123553,-0.000000000,-0.000280976,-3.140748739,1
53.730521,53.729430,-582.901917,-5.980833,1.123794,0.000000000,-0.000280976,-3.139942884,1
53.778601,53.779430,-583.329468,-5.981578,1.123913,0.000000000,-0.000280976,-3.139848232,1
53.829637,53.829430,-584.183655,-5.983002,1.124153,0.000000020,-0.000280976,-3.139920235,1
53.880696,53.879430,-584.611023,-5.983656,1.124273,0.000000060,-0.000280976,-3.140062809,1
53.929727,53.929430,-585.466370,-5.984562,1.124514,0.000000225,-0.000280976,-3.140647411,1
53.980223,53.979430,-585.894409,-5.984787,1.124667,0.000022776,0.002102852,-3.140935898,1
54.029816,54.029430,-586.749268,-5.984770,1.124862,0.000000350,0.001083851,3.141367912,1
54.080365,54.079430,-587.175781,-5.984589,1.124982,0.000001215,0.001082182,3.141167402,1
54.129461,54.129430,-588.028992,-5.983881,1.125222,0.000000690,0.001082182,3.140681744,1
54.180478,54.179430,-588.456299,-5.983347,1.119319,0.000275497,-0.001289368,3.140521288,1
54.230551,54.229430,-589.311951,-5.982130,1.122054,-0.000012783,-0.000280976,3.140024662,1
54.280594,54.279430,-589.740234,-5.981418,1.122177,0.000000536,-0.000280738,3.139930248,1
54.329677,54.329430,-590.596985,-5.980341,1.122418,0.000000370,-0.000280738,3.140523195,1
54.380646,54.379430,-591.025513,-5.979931,1.122538,0.000000338,-0.000280738,3.140635729,1
54.428757,54.429430,-591.882751,-5.979439,1.122779,0.000000201,-0.000280738,3.141124725,1
54.480671,54.479430,-592.311584,-5.979244,1.122899,0.000000197,-0.000280738,3.141136646,1
54.529739,54.529430,-593.169495,-5.979076,1.123140,0.000000107,-0.000280738,3.141458750,1
54.579799,54.579430,-593.598877,-5.979070,1.123260,0.000000073,-0.000280738,3.141580105,1
54.630385,54.629430,-594.457825,-5.979114,1.123502,0.000000030,-0.000280738,-3.141452551,1
54.679450,54.679430,-594.887390,-5.979231,1.123622,0.000000000,-0.000280738,-3.141320229,1
54.729511,54.729430,-595.747009,-5.979416,1.123864,0.000000054,-0.000280738,-3.141474009,1
54.780533,54.779430,-596.176514,-5.979497,1.123984,0.000000035,-0.000280738,-3.141405106,1
54.829612,54.829430,-597.035583,-5.979587,1.124225,0.000000073,-0.000280738,-3.141542196,1
54.879632,54.879430,-597.465393,-5.979610,1.124346,0.000000072,-0.000280738,-3.141538382,1
54.929699,54.929430,-598.325073,-5.979613,1.124868,0.000322268,0.001104236,3.141488314,1
54.979714,54.979430,-598.755005,-5.979636,1.124748,0.000010524,0.001683116,-3.141541243,1
55.029782,55.029430,-599.615356,-5.979850,1.124936,-0.000009587,0.001083851,-3.141275644,1
55.079775,55.079430,-600.045349,-5.980175,1.125057,-0.000009055,0.001083851,-3.140838385,1
55.128856,55.129430,-600.905090,-5.981129,1.122568,0.000234947,0.000016570,-3.140448332,1
55.179386,55.179430,-601.335266,-5.981607,1.119502,-0.000033023,-0.001194715,-3.140494108,1
55.230430,55.229430,-602.195190,-5.982540,1.122135,-0.000005859,-0.000281572,-3.140539169,1
55.280460,55.279430,-602.624207,-5.982887,1.122258,-0.000000000,-0.000280738,-3.140783072,1
55.330538,55.329430,-603.481262,-5.983334,1.122499,0.000000109,-0.000280738,-3.141169786,1
55.378620,55.379430,-603.909973,-5.983442,1.122620,0.000000157,-0.000280738,-3.141340971,1
55.429644,55.429430,-604.767822,-5.983251,1.122860,0.000000326,-0.000280738,3.141242504,1
55.480392,55.479430,-605.197021,-5.982959,1.122981,0.000000419,-0.000280738,3.140911579,1
55.530472,55.529430,-606.055054,-5.981681,1.123222,0.000000702,-0.000280738,3.139901876,1
55.579546,55.579430,-606.484192,-5.980796,1.123342,0.000000806,-0.000280738,3.139530897,1
55.629661,55.629430,-607.342224,-5.979028,1.123583,0.000000798,-0.000280738,3.139558792,1
55.680635,55.679430,-607.771301,-5.978092,1.123704,0.000000840,-0.000280738,3.139411449,1
55.729727,55.729430,-608.629333,-5.976290,1.123945,0.000000823,-0.000280738,3.139470577,1
55.780673,55.779430,-609.058472,-5.975386,1.124065,0.000000819,-0.000280738,3.139485598,1
55.828769,55.829430,-609.917603,-5.973664,1.124306,0.000000774,-0.000280738,3.139643669,1
55.879755,55.879430,-610.347351,-5.972930,1.124426,0.000000708,-0.000280738,3.139880657,1
55.929807,55.929430,-611.205750,-5.972071,1.124703,0.000035206,0.002851724,3.140785217,1
55.981323,55.979430,-611.633362,-5.971745,1.125119,-0.000754207,0.000806332,3.140854597,1
56.030432,56.029430,-612.486572,-5.971360,1.125027,0.000001730,-0.000015378,3.141221762,1
56.079546,56.079430,-612.912964,-5.971338,1.125145,-0.000001065,0.000074029,3.141540766,1
56.129574,56.129430,-613.766846,-5.971551,1.117714,-0.000061785,-0.002691507,-3.141417503,1
56.180575,56.179430,-614.194214,-5.971790,1.122455,-0.000534230,-0.000871897,-3.141033173,1
56.229667,56.229430,-615.049072,-5.973082,1.125077,0.000001763,0.000280142,-3.139831543,1
56.280644,56.279430,-615.476624,-5.974102,1.124957,0.000001937,0.000280142,-3.139208078,1
56.329726,56.329430,-616.332336,-5.976565,1.124717,0.000002089,0.000280142,-3.138668299,1
56.379725,56.379430,-616.760498,-5.977867,1.124597,0.000002121,0.000280142,-3.138552189,1
56.429769,56.429430,-617.617615,-5.980426,1.124357,0.000002077,0.000280142,-3.138711691,1
56.479341,56.479430,-618.046143,-5.981440,1.124237,0.000001932,0.000280142,-3.139226198,1
56.530400,56.529430,-618.903625,-5.982851,1.123997,0.000001658,0.000280142,-3.140205145,1
56.579494,56.579430,-619.332703,-5.983243,1.123877,0.000001526,0.000280142,-3.140678167,1
56.629563,56.629430,-620.191528,-5.983430,1.123636,0.000001251,0.000280142,3.141525507,1
56.679593,56.679430,-620.620789,-5.983275,1.123516,0.000001169,0.000280142,3.141232491,1
56.729647,56.729430,-621.479431,-5.982466,1.123275,0.000000942,0.000280142,3.140425444,1
56.780638,56.779430,-621.908875,-5.981878,1.123155,0.000000886,0.000280142,3.140222788,1
56.829701,56.829430,-622.767822,-5.980376,1.122914,0.000000758,0.000280142,3.139766455,1
56.880671,56.879430,-623.197388,-5.979459,1.122794,0.000000671,0.000280142,3.139456749,1
56.928755,56.929430,-624.056213,-5.977430,1.122844,-0.000389354,0.001361370,3.139104128,1
56.979347,56.979430,-624.485596,-5.976207,1.122428,-0.000029827,-0.000976920,3.138751745,1
57.030389,57.029430,-625.344421,-5.973667,1.122203,-0.000000533,-0.001080751,3.138729811,1
57.080424,57.079430,-625.773682,-5.972565,1.122083,-0.000001065,-0.001080751,3.139028072,1
57.129529,57.129430,-626.632141,-5.970989,1.118734,-0.000361125,-0.002295494,3.139987230,1
57.180545,57.179430,-627.061096,-5.970629,1.125008,0.000010805,0.000175238,3.140754223,1
57.229612,57.229430,-627.916992,-5.970640,1.125002,0.000000354,0.000280142,-3.141358852,1
57.280598,57.279430,-628.344727,-5.971001,1.124882,0.000000525,0.000280142,-3.140749454,1
57.329395,57.329430,-629.200989,-5.972526,1.124642,0.000000864,0.000280142,-3.139539480,1
57.380411,57.379430,-629.629578,-5.973560,1.124522,0.000000965,0.000280142,-3.139176607,1
57.430495,57.429430,-630.487000,-5.976002,1.124282,0.000001104,0.000280142,-3.138682604,1
57.480502,57.479430,-630.914490,-5.977200,1.124162,0.000001074,0.000280142,-3.138788700,1
57.529594,57.529430,-631.768433,-5.979317,1.123923,0.000000952,0.000280142,-3.139225960,1
57.579660,57.579430,-632.195618,-5.980199,1.123803,0.000000867,0.000280142,-3.139527798,1
57.629722,57.629430,-633.050720,-5.981379,1.123564,0.000000618,0.000280142,-3.140418530,1
57.680691,57.679430,-633.478333,-5.981680,1.123444,0.000000486,0.000280142,-3.140888929,1
57.728771,57.729430,-634.331543,-5.981646,1.123205,0.000000215,0.000280142,3.141331196,1
57.779752,57.779430,-634.757996,-5.981384,1.123086,0.000000117,0.000280142,3.140979052,1
57.829783,57.829430,-635.612183,-5.980470,1.122846,-0.000000000,0.000280142,3.140398026,1
57.879776,57.879430,-636.040039,-5.979880,1.122726,0.000000000,0.000280142,3.140214205,1
57.930306,57.929430,-636.895508,-5.978376,1.122447,-0.000162453,-0.000663757,3.139705896,1
57.979372,57.979430,-637.322266,-5.977546,1.122357,-0.000001598,-0.001078129,3.139644861,1
58.029483,58.029430,-638.175049,-5.975811,1.122139,-0.000000533,-0.001081467,3.139594793,1
58.080463,58.079430,-638.601746,-5.974955,1.122020,-0.000000533,-0.001081467,3.139585972,1
58.129573,58.129430,-639.456177,-5.973343,1.123620,-0.000548079,-0.000517249,3.139922380,1
58.179455,58.179430,-639.883484,-5.972755,1.125126,0.000016152,0.000243425,3.140236616,1
58.230517,58.229430,-640.736328,-5.971890,1.124944,-0.000000533,0.000280142,3.140698433,1
58.280538,58.279430,-641.162720,-5.971663,1.124824,-0.000000533,0.000280142,3.141062975,1
58.329612,58.329430,-642.016724,-5.971557,1.124585,-0.000000533,0.000280142,3.141550779,1
58.380580,58.379430,-642.444336,-5.971613,1.124466,-0.000000533,0.000280142,-3.141456842,1
58.430222,58.429430,-643.298523,-5.971902,1.124226,-0.000000533,0.000280142,-3.141126633,1
58.480717,58.479430,-643.724731,-5.972270,1.124107,-0.000000533,0.000280142,-3.140728235,1
58.529800,58.529430,-644.577515,-5.973370,1.123868,-0.000000533,0.000280142,-3.140188694,1
58.579394,58.579430,-645.004456,-5.974122,1.123748,-0.000000533,0.000280142,-3.139830351,1
58.629484,58.629430,-645.859192,-5.975959,1.123509,-0.000000533,0.000280142,-3.139249086,1
58.680478,58.679430,-646.286011,-5.977036,1.123389,-0.000000533,0.000280142,-3.139068842,1
58.729572,58.729430,-647.136963,-5.979232,1.123151,-0.000000533,0.000280142,-3.139084816,1
58.780577,58.779430,-647.561829,-5.980168,1.123032,-0.000000533,0.000280142,-3.139389753,1
58.829635,58.829430,-648.412231,-5.981550,1.122793,-0.000000533,0.000280142,-3.140141010,1
58.880617,58.879430,-648.838318,-5.982069,1.122674,-0.000000533,0.000280142,-3.140375376,1
58.928698,58.929430,-649.690308,-5.982434,1.122413,-0.000013848,-0.000980496,-3.141470909,1
58.980659,58.979430,-650.115967,-5.982294,1.122326,-0.000002663,-0.001075983,3.141265631,1
59.029742,59.029430,-650.967896,-5.981268,1.122089,0.000000458,-0.001080751,3.140175819,1
59.080714,59.079430,-651.394470,-5.980571,1.121951,0.000000692,-0.001080751,3.139959574,1
59.129768,59.129430,-652.248779,-5.978852,1.125015,-0.000005859,0.000146985,3.139390945,1
59.179784,59.179430,-652.675293,-5.977833,1.125124,0.000030500,0.000272155,3.139228344,1
59.229783,59.229430,-653.528259,-5.975950,1.124891,-0.000001065,0.000280142,3.139399767,1
59.280334,59.279430,-653.955139,-5.975096,1.124772,-0.000001065,0.000280142,3.139592648,1
59.330424,59.329430,-654.809937,-5.973770,1.124533,-0.000001065,0.000280142,3.140250206,1
59.380459,59.379430,-655.237549,-5.973493,1.124413,-0.000001065,0.000280142,3.140944481,1
59.429559,59.429430,-656.093323,-5.973523,1.124173,-0.000001065,0.000280142,-3.141399622,1
59.480546,59.479430,-656.521729,-5.973678,1.124053,-0.000001065,0.000280142,-3.141231298,1
59.529635,59.529430,-657.379150,-5.974326,1.123813,-0.000001065,0.000280142,-3.140650749,1
59.580624,59.579430,-657.808167,-5.974877,1.123693,-0.000001065,0.000280142,-3.140308142,1
59.629782,59.629430,-658.666992,-5.976429,1.123452,-0.000001065,0.000280142,-3.139615059,1
59.679788,59.679430,-659.096619,-5.977463,1.123332,-0.000001065,0.000280142,-3.139187574,1
59.729383,59.729430,-659.955688,-5.979693,1.123091,-0.000001065,0.000280142,-3.138938189,1
59.779404,59.779430,-660.385376,-5.980828,1.122971,-0.000001065,0.000280142,-3.138949633,1
59.830455,59.829430,-661.244934,-5.982861,1.122731,-0.000001065,0.000280142,-3.139372349,1
59.880475,59.879430,-661.674683,-5.983656,1.122627,0.000042104,0.002504945,-3.139672756,1
59.929579,59.929430,-662.534119,-5.984670,1.122373,-0.000010653,-0.001059651,-3.140671968,1
59.980562,59.979430,-662.964233,-5.984873,1.122260,0.000000081,-0.001080394,-3.141118050,1
60.029638,60.029430,-663.823669,-5.984478,1.122020,0.000001356,-0.001080394,3.140887499,1
60.079645,60.079430,-664.253479,-5.983930,1.117126,-0.000036219,-0.002912641,3.140503168,1
60.129675,60.129430,-665.113037,-5.982444,1.125128,0.000018767,0.000245571,3.139655352,1
60.179912,60.179430,-665.541443,-5.981492,1.125057,0.000011935,0.000277042,3.139373779,1
60.229705,60.229430,-666.396729,-5.979108,1.124820,-0.000001065,0.000280142,3.138691664,1
60.280677,60.279430,-666.824280,-5.977827,1.124700,-0.000001065,0.000280142,3.138595343,1
60.330408,60.329430,-667.679810,-5.975637,1.124460,-0.000001065,0.000280142,3.139227390,1
60.380455,60.379430,-668.107300,-5.974923,1.124341,-0.000001065,0.000280142,3.139922380,1
60.429510,60.429430,-668.959778,-5.974386,1.124102,-0.000001065,0.000280142,3.141384602,1
60.480527,60.479430,-669.385620,-5.974568,1.123982,-0.000001065,0.000280142,-3.141164064,1
60.529581,60.529430,-670.238159,-5.975548,1.123744,-0.000001065,0.000280142,-3.140240431,1
60.580613,60.579430,-670.665161,-5.976341,1.123625,-0.000001065,0.000280142,-3.139733553,1
60.629705,60.629430,-671.519653,-5.978445,1.123386,-0.000001065,0.000280142,-3.139046907,1
60.679731,60.679430,-671.945984,-5.979606,1.123266,-0.000001065,0.000280142,-3.138868570,1
60.729775,60.729430,-672.797791,-5.981915,1.123028,-0.000001065,0.000280142,-3.138971090,1
60.780363,60.779430,-673.223877,-5.982851,1.122908,-0.000001065,0.000280142,-3.139396667,1
60.829465,60.829430,-674.077515,-5.984196,1.122669,-0.000001065,0.000280142,-3.140157700,1
60.880422,60.879430,-674.504333,-5.984650,1.122651,-0.000162985,0.001247883,-3.140494108,1
60.930502,60.929430,-675.356262,-5.984709,1.122321,-0.000002663,-0.001077056,3.141343117,1
60.979546,60.979430,-675.782043,-5.984271,1.122204,0.000000000,-0.001081467,3.140564680,1
61.029591,61.029430,-676.634583,-5.982864,1.121965,0.000000787,-0.001081467,3.139837027,1
61.080554,61.079430,-677.061646,-5.982032,1.118619,-0.000265784,-0.002377987,3.139649630,1
61.129587,61.129430,-677.914917,-5.980589,1.125126,0.000009093,0.000277400,3.140007257,1
61.180557,61.179430,-678.339844,-5.980046,1.125008,0.000009178,0.000277400,3.140313864,1
61.229592,61.229430,-679.187744,-5.979246,1.124772,0.000000227,0.000279546,3.140746355,1
61.280557,61.279430,-679.611450,-5.979034,1.124653,0.000000325,0.000279546,3.141094923,1
61.329597,61.329430,-680.460205,-5.979022,1.124416,0.000000497,0.000279546,-3.141475439,1
61.380577,61.379430,-680.885071,-5.979129,1.124297,0.000000535,0.000279546,-3.141339540,1
61.429599,61.429430,-681.733948,-5.979673,1.124060,0.000000690,0.000279546,-3.140785933,1
61.479593,61.479430,-682.158752,-5.980085,1.123941,0.000000735,0.000279546,-3.140622854,1
61.529603,61.529430,-683.010193,-5.980997,1.123703,0.000000766,0.000279546,-3.140514374,1
61.580602,61.579430,-683.437012,-5.981463,1.123583,0.000000770,0.000279546,-3.140500307,1
61.629671,61.629430,-684.290833,-5.981966,1.123344,0.000000582,0.000279546,-3.141171932,1
61.679668,61.679430,-684.718262,-5.982008,1.123224,0.000000492,0.000279546,-3.141493559,1
61.729687,61.729430,-685.574280,-5.981825,1.122985,0.000000386,0.000279546,3.141314030,1
61.779686,61.779430,-686.002869,-5.981644,1.122865,0.000000346,0.000279546,3.141170263,1
61.829706,61.829430,-686.860474,-5.981089,1.122553,0.000013218,0.001492977,3.140963793,1
61.879706,61.879430,-687.288513,-5.980986,1.122688,-0.000425040,-0.000012994,3.141370773,1
61.929523,61.929430,-688.140991,-5.981040,1.122275,0.000003035,-0.001079678,-3.141408682,1
61.980527,61.979430,-688.566406,-5.981214,1.122158,0.000000175,-0.001081347,-3.141183615,1
62.029592,62.029430,-689.417358,-5.981703,1.120837,0.000017435,-0.001495838,-3.141008615,1
62.080563,62.079430,-689.843567,-5.981961,1.122360,-0.000251402,-0.000894070,-3.141014576,1
62.129596,62.129430,-690.697021,-5.982863,1.125078,0.000014685,0.000280142,-3.140313864,1
62.180558,62.179430,-691.124207,-5.983492,1.124962,0.000000490,0.000280738,-3.140117168,1
62.229607,62.229430,-691.979614,-5.984866,1.124722,0.000000517,0.000280738,-3.140020370,1
62.279583,62.279430,-692.407654,-5.985574,1.124602,0.000000539,0.000280738,-3.139939308,1
62.329588,62.329430,-693.264221,-5.986925,1.124362,0.000000485,0.000280738,-3.140131950,1
62.380591,62.379430,-693.691711,-5.987440,1.124242,0.000000413,0.000280738,-3.140388966,1
62.429597,62.429430,-694.546143,-5.988369,1.124002,0.000000369,0.000280738,-3.140548468,1
62.480560,62.479430,-694.973572,-5.988689,1.123882,0.000000286,0.000280738,-3.140841722,1
62.529599,62.529430,-695.829285,-5.988788,1.123642,0.000000059,0.000280738,3.141533136,1
62.579633,62.579430,-696.257629,-5.988689,1.123522,0.000000010,0.000280738,3.141360998,1
62.629656,62.629430,-697.115051,-5.988275,1.123281,0.000000000,0.000280738,3.141076326,1
62.679665,62.679430,-697.543945,-5.987955,1.123162,0.000000000,0.000280738,3.140846968,1
62.728720,62.729430,-698.402039,-5.986788,1.122921,-0.000000000,0.000280738,3.139956951,1
62.779664,62.779430,-698.831238,-5.985882,1.122800,0.000000000,0.000280738,3.139483452,1
62.829699,62.829430,-699.690002,-5.983846,1.122558,-0.000000533,0.000244498,3.139307976,1
62.879672,62.879430,-700.118713,-5.982908,1.122438,-0.000000533,0.000154018,3.139402628,1
62.929707,62.929430,-700.976562,-5.981143,1.122199,-0.000001065,-0.000032425,3.139635563,1
62.979701,62.979430,-701.405518,-5.980455,1.122079,-0.000001065,-0.000125766,3.139990807,1
63.029709,63.029430,-702.264526,-5.979441,1.121923,0.000000041,-0.000280619,3.140542030,1
63.080674,63.079430,-702.694336,-5.979092,1.122039,0.000000444,-0.000283122,3.140780449,1
63.129720,63.129430,-703.554382,-5.978611,1.122283,0.000000334,-0.000283122,3.141170740,1
63.179725,63.179430,-703.984436,-5.978547,1.122405,0.000000256,-0.000283122,3.141443014,1
63.229738,63.229430,-704.844849,-5.978513,1.122648,0.000000224,-0.000283122,3.141556501,1
63.279727,63.279430,-705.275208,-5.978481,1.122770,0.000000235,-0.000283122,3.141517878,1
63.328754,63.329430,-706.135864,-5.978635,1.123014,0.000000126,-0.000283122,-3.141282320,1
63.379734,63.379430,-706.565918,-5.978992,1.123135,-0.000000000,-0.000283122,-3.140762329,1
63.428772,63.429430,-707.425903,-5.980242,1.123379,0.000000000,-0.000283122,-3.140049696,1
63.480200,63.479430,-707.855774,-5.980916,1.123500,-0.000000000,-0.000283122,-3.140025139,1
63.529750,63.529430,-708.715393,-5.982531,1.123744,0.000000000,-0.000283122,-3.139652252,1
63.579286,63.579430,-709.144592,-5.983382,1.123865,0.000000000,-0.000283122,-3.139608383,1
63.629349,63.629430,-709.999878,-5.985082,1.124108,0.000000036,-0.000283122,-3.139669895,1
63.680360,63.679430,-710.426941,-5.985754,1.124228,0.000000135,-0.000283122,-3.140018463,1
63.730396,63.729430,-711.281372,-5.986712,1.124470,0.000000327,-0.000283122,-3.140697241,1
63.780440,63.779430,-711.708862,-5.986974,1.124988,0.000521561,0.001436949,-3.141020298,1
63.829511,63.829430,-712.564758,-5.986986,1.124824,0.000000265,0.001081228,3.141297579,1
63.880484,63.879430,-712.992615,-5.986657,1.124945,0.000000000,0.001081228,3.140823841,1
63.929542,63.929430,-713.849121,-5.985675,1.125188,0.000001424,0.001080155,3.140275002,1
63.980534,63.979430,-714.277405,-5.985070,1.121878,0.000358376,-0.000257134,3.140208960,1
64.029556,64.029430,-715.134338,-5.983620,1.121991,0.000003738,-0.000298262,3.139758825,1
64.080530,64.079430,-715.561646,-5.982784,1.122144,0.000000944,-0.000283718,3.139640331,1
64.129559,64.129430,-716.414917,-5.981278,1.122386,0.000000871,-0.000283718,3.139899731,1
64.180536,64.179430,-716.841675,-5.980597,1.122507,0.000000844,-0.000283718,3.139995337,1
64.229558,64.229430,-717.696472,-5.979504,1.122750,0.000000713,-0.000283718,3.140455484,1
64.280527,64.279430,-718.123962,-5.979297,1.122871,0.000000527,-0.000283718,3.141110420,1
64.329578,64.329430,-718.979187,-5.979484,1.123114,0.000000266,-0.000283718,-3.141153812,1
64.380553,64.379430,-719.407104,-5.979907,1.123234,0.000000110,-0.000283718,-3.140602827,1
64.429582,64.429430,-720.263672,-5.981538,1.123477,0.000000000,-0.000283718,-3.139394760,1
64.480559,64.479430,-720.692078,-5.982563,1.123598,0.000000000,-0.000283718,-3.139199972,1
64.529618,64.529430,-721.548828,-5.984509,1.123840,0.000000088,-0.000283718,-3.139476776,1
64.578658,64.579430,-721.976074,-5.985199,1.123961,0.000000230,-0.000283718,-3.139976978,1
64.629674,64.629430,-722.829346,-5.985685,1.124203,0.000000620,-0.000283718,-3.141350746,1
64.679675,64.679430,-723.256165,-5.985513,1.124323,0.000000802,-0.000283718,3.141191244,1
64.729688,64.729430,-724.111145,-5.984439,1.124842,0.000376386,0.000535250,3.140098095,1
64.779684,64.779430,-724.538757,-5.983580,1.124876,-0.000049535,0.003286838,3.139570951,1
64.828724,64.829430,-725.392395,-5.981583,1.124922,0.000007132,-0.000082254,3.139151096,1
64.880703,64.879430,-725.819336,-5.980475,1.125048,0.000001126,0.000002146,3.138994694,1
64.929758,64.929430,-726.673523,-5.978458,1.124225,0.000254447,-0.000195980,3.139305830,1
64.980204,64.979430,-727.101074,-5.977618,1.115929,0.000033303,-0.003350019,3.139694929,1
65.029755,65.029430,-727.957031,-5.976376,1.125141,-0.000046872,0.000264168,3.140275955,1
65.080203,65.079430,-728.385193,-5.975801,1.125049,0.000004114,0.000282884,3.140253067,1
65.129744,65.129430,-729.241455,-5.975013,1.124807,0.000004272,0.000282884,3.140812397,1
65.181176,65.179430,-729.669495,-5.974852,1.124686,0.000004386,0.000282884,3.141216040,1
65.229756,65.229430,-730.526001,-5.975048,1.124444,0.000004648,0.000282884,-3.141042233,1
65.280199,65.279430,-730.953003,-5.975533,1.124323,0.000004814,0.000282884,-3.140455008,1
65.329749,65.329430,-731.802795,-5.977098,1.124082,0.000005077,0.000282884,-3.139527321,1
65.381177,65.379430,-732.226379,-5.978137,1.123963,0.000005186,0.000282884,-3.139139652,1
65.429768,65.429430,-733.073181,-5.980126,1.123723,0.000005135,0.000282884,-3.139319897,1
65.480450,65.479430,-733.497070,-5.981045,1.123605,0.000000799,0.000282288,-3.139424086,1
65.529983,65.529430,-734.343567,-5.982526,1.123366,0.000000647,0.000282288,-3.139964104,1
65.579548,65.579430,-734.764221,-5.983142,1.123247,0.000000601,0.000282288,-3.140127182,1
65.630112,65.629430,-735.602112,-5.984133,1.123010,0.000000489,0.000282288,-3.140523195,1
65.680615,65.679430,-736.020203,-5.984439,1.122892,0.000000394,0.000282288,-3.140859365,1
65.730169,65.729430,-736.856323,-5.984643,1.122656,0.000000225,0.000282288,-3.141456127,1
65.779704,65.779430,-737.272583,-5.984535,1.122537,-0.000001065,0.000227332,3.141333580,1
65.830212,65.829430,-738.099182,-5.983697,1.122304,-0.000001065,0.000048995,3.140364408,1
65.880199,65.879430,-738.510864,-5.983008,1.122188,-0.000001065,-0.000040889,3.139920473,1
65.929263,65.929430,-739.332703,-5.981335,1.121958,-0.000001065,-0.000220060,3.139446974,1
65.980211,65.979430,-739.743896,-5.980482,1.121918,0.000000218,-0.000280499,3.139515638,1
66.030262,66.029430,-740.568054,-5.978940,1.122146,0.000000366,-0.000282764,3.139719725,1
66.080237,66.079430,-740.981628,-5.978184,1.122263,0.000000354,-0.000282764,3.139764309,1
66.130296,66.129430,-741.812805,-5.976855,1.122499,0.000000279,-0.000282764,3.140030146,1
66.180282,66.179430,-742.230774,-5.976244,1.122617,0.000000250,-0.000282764,3.140130043,1
66.230373,66.229430,-743.070984,-5.975242,1.122854,0.000000144,-0.000282764,3.140505791,1
66.280415,66.279430,-743.492981,-5.974836,1.122974,0.000000109,-0.000282764,3.140630245,1
66.329515,66.329430,-744.339844,-5.974139,1.123213,0.000000044,-0.000282764,3.140858889,1
66.380513,66.379430,-744.764465,-5.973944,1.123333,0.000000000,-0.000282764,3.141132355,1
66.429619,66.429430,-745.615784,-5.973825,1.123574,0.000000000,-0.000282764,3.141502142,1
66.480565,66.479430,-746.042114,-5.973908,1.123695,0.000000000,-0.000282764,-3.141397238,1
66.529642,66.529430,-746.893677,-5.974379,1.123935,0.000000000,-0.000282764,-3.140874863,1
66.579672,66.579430,-747.318665,-5.974821,1.124056,0.000000000,-0.000282764,-3.140553713,1
66.628787,66.629430,-748.169128,-5.976227,1.124296,0.000000000,-0.000282764,-3.139672041,1
66.680210,66.679430,-748.594910,-5.977174,1.124416,0.000000000,-0.000282764,-3.139367104,1
66.729775,66.729430,-749.448059,-5.979303,1.124676,0.000029264,0.002862334,-3.139030933,1
66.779338,66.779430,-749.874817,-5.980440,1.124731,-0.000006924,0.001148343,-3.138917208,1
66.828972,66.829430,-750.726562,-5.982254,1.125008,-0.000002131,0.001080155,-3.139661312,1
66.879509,66.879430,-751.152222,-5.982908,1.125129,-0.000002663,0.001080155,-3.140056849,1
66.930069,66.929430,-752.004761,-5.983652,1.117873,-0.000047404,-0.001802206,-3.141167402,1
66.980509,66.979430,-752.431641,-5.983557,1.121825,-0.000002131,-0.000346780,3.141365767,1
67.030250,67.029430,-753.286377,-5.982821,1.122206,0.000000571,-0.000282764,3.140518665,1
67.080227,67.079430,-753.714111,-5.982300,1.122327,0.000000612,-0.000282764,3.140372038,1
67.130247,67.129430,-754.570618,-5.981204,1.122570,0.000000613,-0.000282764,3.140368938,1
67.181242,67.179430,-754.999023,-5.980670,1.122691,0.000000620,-0.000282764,3.140345812,1
67.230339,67.229430,-755.856018,-5.979729,1.122933,0.000000563,-0.000282764,3.140547514,1
67.279398,67.279430,-756.283264,-5.979438,1.123054,0.000000460,-0.000282764,3.140911102,1
67.329655,67.329430,-757.136780,-5.979081,1.123295,0.000000368,-0.000282764,3.141235590,1
67.379657,67.379430,-757.563660,-5.979079,1.123416,0.000000268,-0.000282764,3.141587496,1
67.429691,67.429430,-758.418274,-5.979247,1.123657,0.000000198,-0.000282764,-3.141348600,1
67.480669,67.479430,-758.846252,-5.979414,1.123778,0.000000156,-0.000282764,-3.141201496,1
67.529745,67.529430,-759.702576,-5.979665,1.124021,0.000000186,-0.000282764,-3.141305923,1
67.579263,67.579430,-760.130981,-5.979866,1.124142,0.000000135,-0.000282764,-3.141125679,1
67.629859,67.629430,-760.988708,-5.980323,1.124384,0.000000118,-0.000282764,-3.141066313,1
67.680418,67.679430,-761.417969,-5.980500,1.124506,0.000000151,-0.000282764,-3.141180992,1
67.729993,67.729430,-762.276672,-5.980768,1.124719,-0.000013848,0.001125932,-3.141389132,1
67.779518,67.779430,-762.706055,-5.980879,1.124855,-0.000010653,0.001083255,-3.141333818,1
67.830080,67.829430,-763.564331,-5.981454,1.125100,-0.000008522,0.001081228,-3.140866995,1
67.879601,67.879430,-763.993347,-5.981812,1.125221,-0.000008522,0.001081228,-3.140759706,1
67.930156,67.929430,-764.851318,-5.982269,1.121856,0.000010952,-0.000321627,-3.141097784,1
67.979731,67.979430,-765.279846,-5.982246,1.122060,0.000000347,-0.000282884,3.141541243,1
68.029250,68.029430,-766.134094,-5.981885,1.122301,0.000000485,-0.000282884,3.141052246,1
68.080225,68.079430,-766.560852,-5.981624,1.122422,0.000000506,-0.000282884,3.140979767,1
68.130237,68.129430,-767.415161,-5.981219,1.122664,0.000000461,-0.000282884,3.141138077,1
68.180533,68.179430,-767.842896,-5.981003,1.122785,0.000000476,-0.000282884,3.141085386,1
68.230087,68.229430,-768.698975,-5.980814,1.123027,0.000000341,-0.000282884,3.141563416,1
68.279629,68.279430,-769.127197,-5.981019,1.123148,0.000000197,-0.000282884,-3.141114235,1
68.330180,68.329430,-769.984619,-5.981958,1.123389,0.000000000,-0.000282884,-3.140290260,1
68.380161,68.379430,-770.413635,-5.982608,1.123511,0.000000000,-0.000282884,-3.140077829,1
68.430278,68.429430,-771.272156,-5.983926,1.123754,0.000000059,-0.000282884,-3.140161753,1
68.479328,68.479430,-771.700500,-5.984364,1.123875,0.000000175,-0.000282884,-3.140571117,1
68.529421,68.529430,-772.554199,-5.984621,1.124115,0.000000437,-0.000282884,-3.141495943,1
68.579476,68.579430,-772.980347,-5.984478,1.124236,0.000000559,-0.000282884,3.141256094,1
68.629544,68.629430,-773.833252,-5.983628,1.124477,0.000000794,-0.000282884,3.140427828,1
68.680524,68.679430,-774.260376,-5.982976,1.124961,0.000480714,0.001552105,3.140029430,1
68.729579,68.729430,-775.113403,-5.981213,1.124826,0.000008555,0.001081824,3.139453650,1
68.779589,68.779430,-775.539185,-5.980400,1.124947,0.000008803,0.001081824,3.139682770,1
68.829621,68.829430,-776.391296,-5.979118,1.125187,0.000009368,0.001081824,3.140204668,1
68.879620,68.879430,-776.818054,-5.978554,1.121758,0.000357996,-0.000262380,3.140294075,1
68.929665,68.929430,-777.672302,-5.977771,1.121999,-0.000005859,-0.000294566,3.140901804,1
68.980637,68.979430,-778.099854,-5.977659,1.122145,-0.000001065,-0.000282884,3.141329050,1
69.029722,69.029430,-778.955688,-5.977568,1.122387,-0.000001065,-0.000282884,3.141522169,1
69.081142,69.079430,-779.384033,-5.977509,1.122508,-0.000001065,-0.000282884,3.141452074,1
69.129730,69.129430,-780.241699,-5.977386,1.122751,-0.000001065,-0.000282884,3.141465664,1
69.180177,69.179430,-780.671021,-5.977334,1.122872,-0.000001065,-0.000282884,3.141471148,1
69.228746,69.229430,-781.529358,-5.977633,1.123115,-0.000001065,-0.000282884,-3.141118526,1
69.280174,69.279430,-781.958435,-5.978019,1.123236,-0.000001065,-0.000282884,-3.140691757,1
69.328736,69.329430,-782.816650,-5.978971,1.123478,-0.000001065,-0.000282884,-3.140499115,1
69.380171,69.379430,-783.245850,-5.979363,1.123599,-0.000001065,-0.000282884,-3.140678167,1
69.428732,69.429430,-784.104980,-5.979948,1.123842,-0.000001065,-0.000282884,-3.140967131,1
69.480183,69.479430,-784.534851,-5.980232,1.123964,-0.000001065,-0.000282884,-3.140932322,1
69.529721,69.529430,-785.394531,-5.980581,1.124206,-0.000001065,-0.000282884,-3.141277790,1
69.579272,69.579430,-785.824585,-5.980671,1.124328,-0.000001065,-0.000282884,-3.141381979,1
69.629857,69.629430,-786.684875,-5.980555,1.124666,0.000120133,0.000579000,3.141322136,1
69.679426,69.679430,-787.115051,-5.980278,1.124761,0.000045445,0.002558708,3.140887737,1
69.729996,69.729430,-787.975403,-5.979466,1.124922,0.000000003,0.001083255,3.140668869,1
69.780498,69.779430,-788.405457,-5.979063,1.125045,-0.000001065,0.001080751,3.140655279,1
69.830050,69.829430,-789.265930,-5.978307,1.123680,0.000034666,0.000457048,3.140796423,1
69.880562,69.879430,-789.696411,-5.978045,1.117531,0.000016314,-0.001946926,3.141029835,1
69.930181,69.929430,-790.556885,-5.977834,1.122121,0.000012236,-0.000283480,3.141361713,1
69.980647,69.979430,-790.987000,-5.977744,1.122248,0.000000000,-0.000282407,3.141384363,1
70.030208,70.029430,-791.846680,-5.977984,1.122491,0.000000000,-0.000282407,-3.141171932,1
70.080183,70.079430,-792.276367,-5.978345,1.122612,0.000000000,-0.000282407,-3.140753269,1
70.130205,70.129430,-793.135376,-5.979148,1.122855,0.000000018,-0.000282407,-3.140688181,1
70.180194,70.179430,-793.564270,-5.979482,1.122976,0.000000053,-0.000282407,-3.140814543,1
70.230208,70.229430,-794.419678,-5.980243,1.123217,0.000000032,-0.000282407,-3.140739441,1
70.280193,70.279430,-794.847107,-5.980606,1.123338,0.000000033,-0.000282407,-3.140744209,1
70.330207,70.329430,-795.702698,-5.981465,1.123580,0.000000000,-0.000282407,-3.140541792,1
70.380486,70.379430,-796.130859,-5.981825,1.123700,0.000000059,-0.000282407,-3.140750885,1
70.430052,70.429430,-796.987793,-5.982366,1.123943,0.000000127,-0.000282407,-3.140992641,1
70.479582,70.479430,-797.416687,-5.982564,1.124064,0.000000166,-0.000282407,-3.141129494,1
70.530114,70.529430,-798.275391,-5.982760,1.124306,0.000000255,-0.000282407,-3.141443968,1
70.579163,70.579430,-798.704895,-5.982708,1.124428,0.000000331,-0.000282407,3.141470909,1
70.630202,70.629430,-799.564697,-5.982352,1.124653,-0.000074036,0.003209591,3.141140699,1
70.680185,70.679430,-799.994263,-5.982023,1.124737,0.000002969,0.001163721,3.140812159,1
70.730207,70.729430,-800.850769,-5.981235,1.125022,0.000001397,0.001081228,3.140662193,1
70.780195,70.779430,-801.278503,-5.980768,1.125142,0.000001223,0.001081228,3.140500784,1
70.830224,70.829430,-802.134766,-5.979548,1.116793,0.000049404,-0.002221584,3.140382767,1
70.880212,70.879430,-802.563171,-5.979078,1.121804,-0.000005859,-0.000367165,3.140498161,1
70.930207,70.929430,-803.420898,-5.978269,1.122220,0.000000836,-0.000282288,3.140625715,1
70.981160,70.979430,-803.850037,-5.977816,1.122342,0.000000861,-0.000282288,3.140535831,1
71.030218,71.029430,-804.709045,-5.976890,1.122584,0.000000853,-0.000282288,3.140566587,1
71.080200,71.079430,-805.138672,-5.976564,1.122705,0.000000777,-0.000282288,3.140835047,1
71.130240,71.129430,-805.997375,-5.976337,1.122948,0.000000615,-0.000282288,3.141408920,1
71.180208,71.179430,-806.425476,-5.976360,1.123068,0.000000548,-0.000282288,-3.141539812,1
71.230214,71.229430,-807.280151,-5.976514,1.123310,0.000000487,-0.000282288,-3.141324759,1
71.280195,71.279430,-807.707581,-5.976691,1.123430,0.000000446,-0.000282288,-3.141179085,1
71.329254,71.329430,-808.563721,-5.977132,1.123672,0.000000411,-0.000282288,-3.141054153,1
71.380198,71.379430,-808.992188,-5.977474,1.123793,0.000000337,-0.000282288,-3.140792608,1
71.429246,71.429430,-809.846863,-5.978141,1.124034,0.000000346,-0.000282288,-3.140824556,1
71.480203,71.479430,-810.272888,-5.978561,1.124154,0.000000285,-0.000282288,-3.140607595,1
71.530224,71.529430,-811.124512,-5.979380,1.124395,0.000000308,-0.000282288,-3.140688419,1
71.579284,71.579430,-811.550781,-5.979690,1.124515,0.000000358,-0.000282288,-3.140865564,1
71.629374,71.629430,-812.404053,-5.980021,1.124722,0.000004460,0.001124382,-3.141188622,1
71.679435,71.679430,-812.830872,-5.980177,1.124864,0.000000179,0.001083255,-3.141226530,1
71.730465,71.729430,-813.685242,-5.980577,1.125105,0.000001023,0.001081228,-3.141159773,1
71.780474,71.779430,-814.112610,-5.980749,1.125226,0.000000987,0.001081228,-3.141193151,1
71.829516,71.829430,-814.968750,-5.980866,1.121845,0.000012416,-0.000328302,-3.141393423,1
71.880505,71.879430,-815.396606,-5.980862,1.122059,-0.000012251,-0.000282407,3.141577005,1
71.929708,71.929430,-816.250610,-5.980605,1.122303,0.000000396,-0.000282049,3.141219616,1
71.980157,71.979430,-816.677429,-5.980454,1.122423,0.000000390,-0.000282049,3.141238689,1
72.029697,72.029430,-817.532227,-5.980193,1.122665,0.000000369,-0.000282049,3.141315699,1
72.080174,72.079430,-817.960266,-5.980123,1.122785,0.000000337,-0.000282049,3.141426802,1
72.129693,72.129430,-818.815247,-5.980163,1.123026,0.000000243,-0.000282049,-3.141423941,1
72.180185,72.179430,-819.241760,-5.980247,1.123147,0.000000235,-0.000282049,-3.141395092,1
72.229693,72.229430,-820.095154,-5.980681,1.123387,0.000000127,-0.000282049,-3.141013622,1
72.281120,72.279430,-820.522461,-5.980998,1.123508,0.000000081,-0.000282049,-3.140851021,1
72.329684,72.329430,-821.377869,-5.981942,1.123749,0.000000000,-0.000282049,-3.140433311,1
72.380147,72.379430,-821.805847,-5.982551,1.123870,0.000000000,-0.000282049,-3.140170574,1
72.428706,72.429430,-822.661926,-5.983711,1.124112,0.000000070,-0.000282049,-3.140360594,1
72.481109,72.479430,-823.090271,-5.984128,1.124232,0.000000142,-0.000282049,-3.140618801,1
72.529674,72.529430,-823.947266,-5.984363,1.124474,0.000000400,-0.000282049,-3.141531467,1
72.579221,72.579430,-824.376099,-5.984305,1.124887,0.000330261,0.001425266,3.141360044,1
72.629766,72.629430,-825.234375,-5.983588,1.124809,-0.000032491,-0.000037789,3.140587091,1
72.680231,72.679430,-825.663635,-5.982965,1.124956,0.000002666,-0.000063300,3.140141010,1
72.728805,72.729430,-826.522766,-5.981249,1.125198,-0.000000533,0.000116706,3.139492273,1
72.779670,72.779430,-826.952026,-5.980463,1.121765,0.000315362,-0.001233101,3.139741659,1
72.829729,72.829430,-827.809875,-5.979232,1.124972,-0.000086286,0.000138521,3.140362740,1
72.880202,72.879430,-828.236877,-5.978810,1.125130,-0.000014381,0.000274301,3.140603065,1
72.929727,72.929430,-829.084595,-5.978584,1.124900,0.000001652,0.000281811,-3.141526937,1
72.981157,72.979430,-829.506592,-5.978735,1.124781,0.000001735,0.000281811,-3.141233444,1
73.029749,73.029430,-830.349426,-5.979240,1.124544,0.000001827,0.000281811,-3.140906096,1
73.081153,73.079430,-830.770935,-5.979544,1.124425,0.000001837,0.000281811,-3.140871525,1
73.129790,73.129430,-831.615540,-5.980243,1.124187,0.000001855,0.000281811,-3.140805244,1
73.181168,73.179430,-832.039124,-5.980568,1.124069,0.000001849,0.000281811,-3.140825987,1
73.229734,73.229430,-832.888245,-5.980995,1.123830,0.000001759,0.000281811,-3.141147375,1
73.280175,73.279430,-833.313721,-5.981070,1.123710,0.000001683,0.000281811,-3.141416788,1
73.329715,73.329430,-834.165894,-5.980890,1.123470,0.000001552,0.000281811,3.141304255,1
73.381158,73.379430,-834.591492,-5.980790,1.123350,0.000001567,0.000281811,3.141356230,1
73.429726,73.429430,-835.442383,-5.980670,1.123110,0.000001576,0.000281811,3.141388893,1
73.480188,73.479430,-835.868164,-5.980625,1.122990,0.000001603,0.000281811,3.141486168,1
73.529753,73.529430,-836.720947,-5.980590,1.122751,0.000001626,0.000281811,3.141565800,1
73.579251,73.579430,-837.148193,-5.980576,1.122565,-0.000020240,0.001340628,3.141577005,1
73.629843,73.629430,-838.003601,-5.980286,1.122387,-0.000004261,0.000118256,3.141169786,1
73.680359,73.679430,-838.431396,-5.980178,1.122270,-0.000001065,0.000023484,3.141340971,1
73.729942,73.729430,-839.287537,-5.980129,1.122030,-0.000000533,-0.000162840,-3.141530275,1
73.780444,73.779430,-839.715820,-5.980216,1.120601,0.000011107,-0.000759125,-3.141383886,1
73.830065,73.829430,-840.573547,-5.980639,1.122085,0.000002777,-0.000282884,-3.141014814,1
73.880492,73.879430,-841.002808,-5.980901,1.122208,-0.000000533,-0.000281692,-3.140979767,1
73.930060,73.929430,-841.861328,-5.981704,1.122450,-0.000000533,-0.000281692,-3.140599728,1
73.979584,73.979430,-842.290771,-5.982117,1.122570,-0.000000533,-0.000281692,-3.140628338,1
74.030173,74.029430,-843.149658,-5.982614,1.122812,-0.000000533,-0.000281692,-3.141222715,1
74.080104,74.079430,-843.579224,-5.982710,1.122933,-0.000000533,-0.000281692,-3.141366720,1
74.130129,74.129430,-844.437622,-5.982612,1.123175,-0.000000533,-0.000281692,3.141363144,1
74.180119,74.179430,-844.867188,-5.982456,1.123296,-0.000000533,-0.000281692,3.141228914,1
74.230117,74.229430,-845.726624,-5.981919,1.123538,-0.000000533,-0.000281692,3.140927315,1
74.280105,74.279430,-846.156555,-5.981629,1.123659,-0.000000533,-0.000281692,3.140920162,1
74.330124,74.329430,-847.016785,-5.980731,1.123901,-0.000000533,-0.000281692,3.140388966,1
74.380122,74.379430,-847.446472,-5.980216,1.124023,-0.000000533,-0.000281692,3.140391588,1
74.430119,74.429430,-848.305847,-5.979479,1.124265,-0.000000533,-0.000281692,3.140858889,1
74.481066,74.479430,-848.735779,-5.979197,1.124386,-0.000000533,-0.000281692,3.140937567,1
74.530149,74.529430,-849.595276,-5.978972,1.124710,0.000085783,0.002037287,3.141538620,1
74.581127,74.579430,-850.024902,-5.979199,1.124721,0.000022024,0.001121163,-3.141063929,1
74.630201,74.629430,-850.883728,-5.979988,1.124978,0.000007629,0.001082182,-3.140534639,1
74.681153,74.679430,-851.313171,-5.980511,1.125100,0.000007802,0.001082182,-3.140375137,1
74.730205,74.729430,-852.171875,-5.981390,1.119553,0.000217333,-0.001111746,-3.140806675,1
74.780188,74.779430,-852.601624,-5.981643,1.121922,0.000008542,-0.000287652,-3.141004086,1
74.830193,74.829430,-853.459412,-5.982112,1.122179,0.000000030,-0.000281811,-3.141098499,1
74.881165,74.879430,-853.887390,-5.982348,1.122300,0.000000014,-0.000281811,-3.141042233,1
74.930198,74.929430,-854.743286,-5.982728,1.122541,0.000000081,-0.000281811,-3.141278267,1
74.981154,74.979430,-855.171448,-5.982709,1.122662,0.000000182,-0.000281811,3.141548395,1
75.030219,75.029430,-856.028503,-5.982502,1.122903,0.000000256,-0.000281811,3.141284943,1
75.081226,75.079430,-856.457153,-5.982199,1.123024,0.000000368,-0.000281811,3.140886068,1
75.130204,75.129430,-857.315125,-5.981266,1.123265,0.000000502,-0.000281811,3.140411854,1
75.180194,75.179430,-857.744568,-5.980676,1.123386,0.000000557,-0.000281811,3.140217066,1
75.230213,75.229430,-858.603882,-5.979435,1.123628,0.000000562,-0.000281811,3.140198231,1
75.280198,75.279430,-859.033813,-5.978880,1.123749,0.000000533,-0.000281811,3.140301704,1
75.330217,75.329430,-859.891846,-5.977756,1.123991,0.000000524,-0.000281811,3.140334129,1
75.381218,75.379430,-860.319885,-5.977329,1.124111,0.000000450,-0.000281811,3.140594721,1
75.430348,75.429430,-861.176086,-5.976785,1.124352,0.000000331,-0.000281811,3.141018629,1
75.479873,75.479430,-861.604675,-5.976602,1.124472,0.000000289,-0.000281811,3.141165257,1
75.530445,75.529430,-862.462585,-5.976362,1.124689,0.000013957,0.001149416,3.141386271,1
75.580472,75.579430,-862.891724,-5.976265,1.124822,0.000000964,0.001084328,3.141365767,1
75.629558,75.629430,-863.750427,-5.976186,1.125066,0.000001302,0.001081824,3.141545296,1
75.680544,75.679430,-864.180237,-5.976229,1.125206,0.000001463,0.001081824,-3.141491175,1
75.729605,75.729430,-865.040161,-5.976620,1.120862,-0.000015979,-0.000677705,-3.141027212,1
75.781047,75.779430,-865.470459,-5.976931,1.122015,0.000006589,-0.000285625,-3.140866995,1
75.829629,75.829430,-866.329224,-5.977614,1.122265,-0.000000533,-0.000281453,-3.140711546,1
75.880080,75.879430,-866.757568,-5.978061,1.122385,-0.000000533,-0.000281453,-3.140550613,1
75.929641,75.929430,-867.614258,-5.978958,1.122626,-0.000000533,-0.000281453,-3.140498400,1
75.980103,75.979430,-868.042969,-5.979425,1.122747,-0.000000533,-0.000281453,-3.140502691,1
76.029643,76.029430,-868.900635,-5.980645,1.122988,-0.000000533,-0.000281453,-3.140029430,1
76.080129,76.079430,-869.329590,-5.981343,1.123109,-0.000000533,-0.000281453,-3.139966249,1
76.129658,76.129430,-870.188049,-5.982635,1.123351,-0.000000533,-0.000281453,-3.140207052,1
76.180122,76.179430,-870.617432,-5.983100,1.123472,-0.000000533,-0.000281453,-3.140510559,1
76.229656,76.229430,-871.476868,-5.983771,1.123714,-0.000000533,-0.000281453,-3.140883207,1
76.281088,76.279430,-871.906799,-5.983959,1.123835,-0.000000533,-0.000281453,-3.141155243,1
76.329648,76.329430,-872.767029,-5.984019,1.124077,-0.000000533,-0.000281453,3.141547441,1
76.380112,76.379430,-873.197388,-5.983901,1.124198,-0.000000533,-0.000281453,3.141318083,1
76.429654,76.429430,-874.058411,-5.983365,1.124440,-0.000000533,-0.000281453,3.140883207,1
76.480110,76.479430,-874.488647,-5.982882,1.124747,0.000261772,0.000196576,3.140467167,1
76.529645,76.529430,-875.346619,-5.981479,1.124753,0.000005864,0.001165390,3.139716864,1
76.580128,76.579430,-875.774292,-5.980532,1.124909,-0.000000533,0.001085997,3.139378548,1
76.629707,76.629430,-876.629028,-5.978486,1.125151,0.000001936,0.001081824,3.139199257,1
76.680157,76.679430,-877.056946,-5.977555,1.124612,0.000454588,0.000798941,3.139342308,1
76.729710,76.729430,-877.913025,-5.976054,1.121791,-0.000015979,-0.000365972,3.140161514,1
76.780167,76.779430,-878.340515,-5.975679,1.122101,-0.000016512,-0.000282645,3.140710592,1
76.829708,76.829430,-879.192383,-5.975692,1.122347,0.000000125,-0.000281215,-3.141304016,1
76.881133,76.879430,-879.617737,-5.976109,1.122466,0.000000000,-0.000281215,-3.140612364,1
76.929701,76.929430,-880.468872,-5.977526,1.122706,0.000000000,-0.000281215,-3.139695168,1
76.980162,76.979430,-880.895386,-5.978493,1.122826,0.000000000,-0.000281215,-3.139323711,1
77.030935,77.029430,-881.747925,-5.980690,1.123065,0.000000000,-0.000281215,-3.138905048,1
77.080440,77.079430,-882.173889,-5.981856,1.123185,0.000000000,-0.000281215,-3.138856411,1
77.130029,77.129430,-883.026611,-5.984004,1.123425,0.000000106,-0.000281215,-3.139232874,1
77.179542,77.179430,-883.453369,-5.984779,1.123545,0.000000259,-0.000281215,-3.139776468,1
77.230152,77.229430,-884.307861,-5.985552,1.123785,0.000000607,-0.000281215,-3.141015530,1
77.280055,77.279430,-884.735352,-5.985430,1.123905,0.000000850,-0.000281215,3.141304970,1
77.330247,77.329430,-885.591248,-5.984274,1.124146,0.000001237,-0.000281215,3.139929771,1
77.380232,77.379430,-886.019531,-5.983249,1.124266,0.000001443,-0.000281215,3.139197826,1
77.430263,77.429430,-886.876404,-5.980750,1.124507,0.000001621,-0.000281215,3.138563871,1
77.481225,77.479430,-887.305054,-5.979460,1.124711,0.000073655,0.002064466,3.138536215,1
77.530281,77.529430,-888.161011,-5.976648,1.124856,0.000000324,0.001083255,3.138154745,1
77.579371,77.579430,-888.588013,-5.975163,1.124977,-0.000000533,0.001081228,3.138109684,1
77.629401,77.629430,-889.442139,-5.972596,1.125217,0.000000445,0.001081228,3.138791323,1
77.680422,77.679430,-889.869507,-5.971761,1.119875,0.000087541,-0.001037121,3.139364719,1
77.729449,77.729430,-890.724365,-5.970736,1.122051,-0.000006924,-0.000283241,3.140737534,1
77.780468,77.779430,-891.150635,-5.970639,1.122173,0.000000297,-0.000280976,3.141365528,1
77.829496,77.829430,-892.002014,-5.971432,1.122412,0.000000000,-0.000280976,-3.140309572,1
77.880494,77.879430,-892.427979,-5.972271,1.122532,0.000000000,-0.000280976,-3.139620066,1
77.929530,77.929430,-893.281006,-5.974458,1.122771,0.000000000,-0.000280976,-3.138864756,1
77.980539,77.979430,-893.708191,-5.975799,1.122891,0.000000000,-0.000280976,-3.138454199,1
78.029557,78.029430,-894.563660,-5.978714,1.123132,0.000000000,-0.000280976,-3.138165712,1
78.080561,78.079430,-894.992493,-5.980124,1.123252,0.000000039,-0.000280976,-3.138304472,1
78.130601,78.129430,-895.849426,-5.982573,1.123493,0.000000218,-0.000280976,-3.138941765,1
78.180375,78.179430,-896.278198,-5.983548,1.123614,0.000000323,-0.000280976,-3.139317036,1
78.229425,78.229430,-897.136292,-5.985024,1.123855,0.000000551,-0.000280976,-3.140125513,1
78.280394,78.279430,-897.565430,-5.985523,1.123975,0.000000636,-0.000280976,-3.140430212,1
78.330429,78.329430,-898.423889,-5.985973,1.124216,0.000000906,-0.000280976,-3.141389608,1
78.380446,78.379430,-898.852966,-5.985841,1.124337,0.000001050,-0.000280976,3.141284704,1
78.430533,78.429430,-899.711365,-5.985038,1.124675,0.000105525,0.000711679,3.140491962,1
78.479558,78.479430,-900.140320,-5.984436,1.124738,0.000032567,0.002329707,3.140184641,1
78.529565,78.529430,-900.995911,-5.983024,1.124924,-0.000010653,0.001084924,3.139907598,1
78.580189,78.579430,-901.423401,-5.982347,1.125047,-0.000007457,0.001082778,3.140009403,1
78.630644,78.629430,-902.279419,-5.981143,1.123498,0.000208393,0.000378728,3.140277624,1
78.680133,78.679430,-902.707947,-5.980478,1.117460,0.000044544,-0.001977086,3.140669823,1
78.730645,78.729430,-903.562866,-5.979803,1.122118,0.000012474,-0.000285149,3.140816927,1
78.781106,78.779430,-903.989136,-5.979466,1.122244,0.000000000,-0.000280738,3.140803814,1
78.830662,78.829430,-904.841309,-5.978634,1.122483,0.000000057,-0.000280738,3.140600443,1
78.881127,78.879430,-905.267883,-5.978281,1.122603,0.000000010,-0.000280738,3.140769482,1
78.930679,78.929430,-906.122498,-5.977870,1.122843,0.000000000,-0.000280738,3.141207457,1
78.981123,78.979430,-906.549927,-5.977908,1.122963,0.000000000,-0.000280738,-3.141502380,1
79.030676,79.029430,-907.403320,-5.978372,1.123202,0.000000000,-0.000280738,-3.140869617,1
79.080162,79.079430,-907.830139,-5.978758,1.123322,0.000000000,-0.000280738,-3.140687943,1
79.130686,79.129430,-908.684570,-5.979906,1.123562,0.000000000,-0.000280738,-3.140135288,1
79.180186,79.179430,-909.112488,-5.980599,1.123682,-0.000000000,-0.000280738,-3.139972448,1
79.230695,79.229430,-909.967346,-5.982456,1.123922,0.000000000,-0.000280738,-3.139312744,1
79.281154,79.279430,-910.394226,-5.983488,1.124042,0.000000000,-0.000280738,-3.139175892,1
79.330700,79.329430,-911.248596,-5.985459,1.124282,0.000000055,-0.000280738,-3.139372349,1
79.380197,79.379430,-911.676331,-5.986311,1.124402,0.000000119,-0.000280738,-3.139600515,1
79.430716,79.429430,-912.531860,-5.987281,1.124669,-0.000009587,0.002309561,-3.140822172,1
79.480205,79.479430,-912.959839,-5.987335,1.124982,-0.000467651,0.001489758,-3.141500711,1
79.530727,79.529430,-913.816101,-5.987073,1.124999,0.000004657,-0.000032425,3.141156912,1
79.580297,79.579430,-914.244690,-5.986775,1.125122,0.000000680,0.000057578,3.140894413,1
79.629380,79.629430,-915.102539,-5.985836,1.119040,0.000008999,-0.002181888,3.140202761,1
79.680407,79.679430,-915.531616,-5.985191,1.120827,-0.000493750,-0.001548648,3.140095472,1
79.729449,79.729430,-916.388123,-5.983700,1.125093,0.000020190,0.000280738,3.139714479,1
79.779495,79.779430,-916.815186,-5.982884,1.124977,0.000000047,0.000280142,3.139682531,1
79.829512,79.829430,-917.669250,-5.981437,1.124738,0.000000114,0.000280142,3.139919996,1
79.880546,79.879430,-918.096924,-5.980726,1.124618,0.000000116,0.000280142,3.139929295,1
79.930045,79.929430,-918.952271,-5.979573,1.124378,0.000000242,0.000280142,3.140376329,1
79.981031,79.979430,-919.378723,-5.979258,1.124259,0.000000375,0.000280142,3.140854120,1
80.030038,80.029430,-920.230469,-5.978715,1.124020,0.000000409,0.000280142,3.140976191,1
80.080052,80.079430,-920.656555,-5.978454,1.123901,0.000000411,0.000280142,3.140979767,1
80.130048,80.129430,-921.509583,-5.978273,1.123662,0.000000560,0.000280142,3.141511202,1
80.180071,80.179430,-921.936829,-5.978308,1.123542,0.000000605,0.000280142,-3.141511679,1
80.230052,80.229430,-922.791748,-5.978254,1.123302,0.000000567,0.000280142,3.141538620,1
80.281082,80.279430,-923.219482,-5.978307,1.123182,0.000000617,0.000280142,-3.141467810,1
80.330073,80.329430,-924.075928,-5.978597,1.122942,0.000000713,0.000280142,-3.141126633,1
80.380346,80.379430,-924.504517,-5.978852,1.122822,0.000000749,0.000280142,-3.140999079,1
80.429387,80.429430,-925.361877,-5.979336,1.122663,-0.000178432,0.002119899,-3.141031981,1
80.480474,80.479430,-925.789673,-5.979632,1.122424,-0.000014914,-0.000950098,-3.140910387,1
80.529420,80.529430,-926.644226,-5.979928,1.122234,0.000000147,-0.001081347,-3.141397953,1
80.580466,80.579430,-927.071777,-5.979957,1.122114,0.000000285,-0.001081347,-3.141525745,1
80.629543,80.629430,-927.928284,-5.979856,1.116877,-0.000019707,-0.002998948,3.141396284,1
80.680021,80.679430,-928.356201,-5.979697,1.124985,0.000017109,0.000132084,3.141241550,1
80.729558,80.729430,-929.209839,-5.979064,1.125036,-0.000000533,0.000280142,3.140676737,1
80.780050,80.779430,-929.636230,-5.978569,1.124917,-0.000000533,0.000280142,3.140434504,1
80.830036,80.829430,-930.489746,-5.977522,1.124677,-0.000000533,0.000280142,3.140416622,1
80.880059,80.879430,-930.916992,-5.977020,1.124558,-0.000000533,0.000280142,3.140416622,1
80.930048,80.929430,-931.772644,-5.976071,1.124318,-0.000000533,0.000280142,3.140457630,1
80.981044,80.979430,-932.200989,-5.975569,1.124198,-0.000000533,0.000280142,3.140420914,1
81.030050,81.029430,-933.058289,-5.974826,1.123958,-0.000000533,0.000280142,3.140848875,1
81.081045,81.079430,-933.487427,-5.974599,1.123837,-0.000000533,0.000280142,3.141065121,1
81.130064,81.129430,-934.346313,-5.974479,1.123597,-0.000000533,0.000280142,-3.141581774,1
81.180077,81.179430,-934.775818,-5.974669,1.123478,-0.000000533,0.000280142,-3.141150236,1
81.230058,81.229430,-935.634766,-5.975222,1.123237,-0.000000533,0.000280142,-3.140850306,1
81.280074,81.279430,-936.064209,-5.975517,1.123117,-0.000000533,0.000280142,-3.140906811,1
81.330070,81.329430,-936.923340,-5.976208,1.122876,-0.000000533,0.000280142,-3.140741825,1
81.380081,81.379430,-937.353271,-5.976607,1.122756,-0.000000533,0.000280142,-3.140664339,1
81.430057,81.429430,-938.212402,-5.977842,1.122587,-0.000205063,0.000138521,-3.140005589,1
81.480091,81.479430,-938.641602,-5.978405,1.122389,-0.000009587,-0.001031399,-3.140283346,1
81.530080,81.529430,-939.499878,-5.979152,1.122166,0.000000109,-0.001080990,-3.140812397,1
81.579150,81.579430,-939.929382,-5.979423,1.122045,0.000000272,-0.001080990,-3.140963316,1
81.630161,81.629430,-940.788269,-5.980063,1.122180,-0.000156061,-0.000920653,-3.140833855,1
81.681138,81.679430,-941.217957,-5.980340,1.125094,-0.000024501,0.000231147,-3.140951872,1
81.730164,81.729430,-942.077271,-5.980626,1.124964,0.000000742,0.000279546,-3.141297102,1
81.781152,81.779430,-942.506958,-5.980801,1.124844,0.000000774,0.000279546,-3.141183376,1
81.830174,81.829430,-943.366516,-5.981140,1.124603,0.000000755,0.000279546,-3.141249418,1
81.880192,81.879430,-943.796631,-5.981245,1.124483,0.000000727,0.000279546,-3.141349554,1
81.930500,81.929430,-944.657104,-5.981241,1.124242,0.000000611,0.000279546,3.141420364,1
81.979541,81.979430,-945.087219,-5.981062,1.124122,0.000000543,0.000279546,3.141176939,1
82.030016,82.029430,-945.947937,-5.980528,1.123881,0.000000478,0.000279546,3.140944481,1
82.080029,82.079430,-946.378479,-5.980213,1.123761,0.000000455,0.000279546,3.140860319,1
82.130022,82.129430,-947.239380,-5.979732,1.123520,0.000000553,0.000279546,3.141211987,1
82.180037,82.179430,-947.669434,-5.979721,1.123399,0.000000653,0.000279546,3.141568899,1
82.230029,82.229430,-948.527405,-5.980149,1.123159,0.000000860,0.000279546,-3.140873909,1
82.280031,82.279430,-948.955078,-5.980620,1.123039,0.000000968,0.000279546,-3.140489340,1
82.330027,82.329430,-949.809753,-5.981761,1.122800,0.000001018,0.000279546,-3.140309572,1
82.380038,82.379430,-950.237183,-5.982219,1.122681,0.000000959,0.000279546,-3.140520096,1
82.430040,82.429430,-951.090576,-5.983109,1.122441,0.000000549,0.000157714,-3.140607595,1
82.480055,82.479430,-951.516541,-5.983331,1.122322,0.000000489,0.000066042,-3.141067266,1
82.530044,82.529430,-952.368591,-5.983037,1.122086,0.000000551,-0.000118017,3.141014814,1
82.580094,82.579430,-952.795288,-5.982676,1.121967,0.000000776,-0.000210166,3.140744209,1
82.630108,82.629430,-953.649170,-5.981538,1.122024,0.000002526,-0.000280976,3.140169144,1
82.681116,82.679430,-954.075195,-5.980808,1.122146,0.000000491,-0.000280023,3.139879465,1
82.730101,82.729430,-954.926453,-5.979178,1.122385,0.000000536,-0.000280023,3.139718533,1
82.780099,82.779430,-955.352417,-5.978426,1.122504,0.000000506,-0.000280023,3.139825344,1
82.830095,82.829430,-956.206055,-5.977035,1.122743,0.000000450,-0.000280023,3.140027285,1
82.880107,82.879430,-956.633545,-5.976378,1.122863,0.000000441,-0.000280023,3.140057802,1
82.930097,82.929430,-957.490051,-5.975059,1.123103,0.000000449,-0.000280023,3.140030146,1
82.981091,82.979430,-957.918640,-5.974442,1.123223,0.000000415,-0.000280023,3.140152454,1
83.030114,83.029430,-958.776672,-5.973356,1.123463,0.000000357,-0.000280023,3.140357733,1
83.080143,83.079430,-959.205811,-5.972949,1.123583,0.000000277,-0.000280023,3.140643835,1
83.130158,83.129430,-960.064209,-5.972779,1.123823,-0.000000000,-0.000280023,-3.141505718,1
83.180138,83.179430,-960.493042,-5.973104,1.123944,0.000000000,-0.000280023,-3.140836000,1
83.230115,83.229430,-961.347778,-5.974247,1.124183,0.000000000,-0.000280023,-3.140132427,1
83.280141,83.279430,-961.774719,-5.975065,1.124303,-0.000000000,-0.000280023,-3.139676571,1
83.330125,83.329430,-962.629211,-5.976973,1.124535,0.000010757,-0.000273705,-3.139365196,1
83.380148,83.379430,-963.056763,-5.977943,1.124691,-0.000029295,0.002764940,-3.139264822,1
83.430136,83.429430,-963.910583,-5.979937,1.124913,0.000023151,0.001086473,-3.139234304,1
83.480144,83.479430,-964.336792,-5.980986,1.125027,0.000002648,0.001082778,-3.139130354,1
83.530136,83.529430,-965.189026,-5.982980,1.125246,0.000005785,0.001083255,-3.139408112,1
83.579226,83.579430,-965.615417,-5.983752,1.118041,-0.000035686,-0.001731992,-3.140034437,1
83.629249,83.629430,-966.469055,-5.984446,1.122081,0.000001771,-0.000280023,-3.141058445,1
83.679340,83.679430,-966.895142,-5.984432,1.122200,0.000001930,-0.000280023,3.141560316,1
83.729352,83.729430,-967.746826,-5.983865,1.122439,0.000002189,-0.000280023,3.140635729,1
83.780390,83.779430,-968.172974,-5.983233,1.122558,0.000002335,-0.000280023,3.140111446,1
83.829413,83.829430,-969.026550,-5.981252,1.122797,0.000002642,-0.000280023,3.139017582,1
83.879467,83.879430,-969.453735,-5.980103,1.122917,0.000002674,-0.000280023,3.138902187,1
83.929502,83.929430,-970.308716,-5.977776,1.123156,0.000002659,-0.000280023,3.138956070,1
83.980009,83.979430,-970.736450,-5.976681,1.123276,0.000002638,-0.000280023,3.139032602,1
84.029994,84.029430,-971.592468,-5.974839,1.123516,0.000002450,-0.000280023,3.139703751,1
84.080012,84.079430,-972.020386,-5.974255,1.123635,0.000000029,-0.000279903,3.140229702,1
84.130001,84.129430,-972.876648,-5.973794,1.123874,0.000000000,-0.000279903,3.141407251,1
84.180023,84.179430,-973.303833,-5.974139,1.123994,-0.000000533,-0.000279903,-3.140785217,1
84.230003,84.229430,-974.157410,-5.975809,1.124233,-0.000000533,-0.000279903,-3.139239788,1
84.280018,84.279430,-974.584534,-5.977052,1.124352,-0.000000533,-0.000279903,-3.138682604,1
84.330004,84.329430,-975.440125,-5.980021,1.124865,0.000351279,0.001095056,-3.137968302,1
84.380015,84.379430,-975.868103,-5.981522,1.124972,-0.000342482,0.003047824,-3.138107538,1
84.430003,84.429430,-976.722107,-5.984027,1.124944,0.000007788,-0.000071287,-3.138807297,1
84.480017,84.479430,-977.149048,-5.985111,1.125068,0.000000362,0.000015497,-3.139053106,1
84.530000,84.529430,-978.003418,-5.986619,1.122733,0.000395867,-0.000766039,-3.140109301,1
84.580051,84.579430,-978.430847,-5.986948,1.116910,-0.000250870,-0.003000736,-3.140885115,1
84.630088,84.629430,-979.283813,-5.986558,1.125144,0.000030584,0.000277400,3.140779734,1
84.680082,84.679430,-979.709290,-5.985928,1.125036,-0.000001065,0.000279069,3.140109777,1
84.730073,84.729430,-980.560120,-5.984283,1.124798,-0.000001065,0.000279069,3.139542818,1
84.780075,84.779430,-980.986206,-5.983311,1.124679,-0.000001065,0.000279069,3.139311075,1
84.830148,84.829430,-981.839722,-5.981027,1.124441,-0.000001065,0.000279069,3.138857126,1
84.880124,84.879430,-982.266357,-5.979766,1.124322,-0.000001065,0.000279069,3.138638735,1
84.930073,84.929430,-983.117798,-5.977166,1.124084,-0.000001065,0.000279069,3.138454914,1
84.981067,84.979430,-983.543518,-5.975826,1.123965,-0.000001065,0.000279069,3.138443470,1
85.030081,85.029430,-984.395752,-5.973240,1.123728,-0.000001065,0.000279069,3.138700247,1
85.081075,85.079430,-984.822266,-5.972207,1.123608,-0.000001065,0.000279069,3.139169216,1
85.130109,85.129430,-985.676208,-5.970684,1.123370,-0.000001065,0.000279069,3.140087605,1
85.181088,85.179430,-986.102417,-5.970311,1.123251,-0.000001065,0.000279069,3.140716076,1
85.230091,85.229430,-986.954041,-5.970488,1.123013,-0.000001065,0.000279069,-3.141062975,1
85.280113,85.279430,-987.380188,-5.970852,1.122895,-0.000001065,0.000279069,-3.140737057,1
85.330098,85.329430,-988.233521,-5.972209,1.122656,-0.000001065,0.000279069,-3.139703751,1
85.380110,85.379430,-988.660034,-5.973266,1.122722,-0.000272708,0.000847936,-3.139108419,1
85.430097,85.429430,-989.511047,-5.975628,1.122307,0.000004355,-0.001078725,-3.138793468,1
85.480250,85.479430,-989.936462,-5.976810,1.122172,0.000000693,-0.001082420,-3.138813972,1
85.530323,85.529430,-990.788330,-5.979392,1.121953,0.000000366,-0.001082420,-3.138511419,1
85.579400,85.579430,-991.214966,-5.980705,1.119638,-0.000295078,-0.001944303,-3.138551474,1
85.629441,85.629430,-992.068176,-5.982839,1.125109,0.000026746,0.000278473,-3.139228344,1
85.679470,85.679430,-992.493347,-5.983700,1.124998,0.000000536,0.000278473,-3.139567375,1
85.729463,85.729430,-993.341919,-5.984963,1.124761,0.000000351,0.000278473,-3.140229702,1
85.779993,85.779430,-993.766235,-5.985393,1.124643,0.000000253,0.000278473,-3.140580177,1
85.829988,85.829430,-994.616211,-5.985646,1.124406,0.000000004,0.000278473,-3.141475677,1
85.880020,85.879430,-995.041443,-5.985476,1.124288,0.000000000,0.000278473,3.141192436,1
85.929986,85.929430,-995.890503,-5.984393,1.124051,-0.000000000,0.000278473,3.139977455,1
85.980988,85.979430,-996.315063,-5.983488,1.123932,0.000000000,0.000278473,3.139463902,1
86.030146,86.029430,-997.165710,-5.981448,1.123695,0.000000000,0.000278473,3.139162302,1
86.079982,86.079430,-997.591980,-5.980410,1.123576,-0.000000000,0.000278473,3.139155865,1
86.129976,86.129430,-998.444031,-5.978005,1.123339,0.000000000,0.000278473,3.138661623,1
86.179984,86.179430,-998.869568,-5.976790,1.123220,0.000000021,0.000278473,3.138737917,1
86.229967,86.229430,-999.720825,-5.975019,1.122982,0.000000306,0.000278473,3.139761209,1
86.280982,86.279430,-1000.147156,-5.974412,1.122863,0.000000420,0.000278473,3.140169621,1
86.329962,86.329430,-1001.000366,-5.973926,1.122638,-0.000008522,0.001449704,3.141302109,1
86.379979,86.379430,-1001.425964,-5.974021,1.122525,-0.000206661,-0.000065923,-3.141410828,1
86.429965,86.429430,-1002.276367,-5.974755,1.122278,-0.000000533,-0.001080274,-3.140538931,1
86.479965,86.479430,-1002.701843,-5.975377,1.122161,0.000000334,-0.001082063,-3.140134096,1
86.529523,86.529430,-1003.554138,-5.976876,1.121309,0.000066374,-0.001322508,-3.139719725,1
86.580009,86.579430,-1003.981018,-5.977701,1.122291,-0.000056459,-0.000899792,-3.139668465,1
86.630056,86.629430,-1004.835754,-5.979662,1.125081,0.000012538,0.000275373,-3.139152050,1
86.680083,86.679430,-1005.263672,-5.980736,1.124966,0.000000583,0.000278473,-3.139083385,1
86.730037,86.729430,-1006.120117,-5.982712,1.124727,0.000000496,0.000278473,-3.139394999,1
86.780061,86.779430,-1006.548584,-5.983469,1.124608,0.000000376,0.000278473,-3.139825821,1
86.830041,86.829430,-1007.406128,-5.984426,1.124369,0.000000123,0.000278473,-3.140734196,1
86.880052,86.879430,-1007.834961,-5.984517,1.124249,0.000000000,0.000278473,-3.141378403,1
86.930027,86.929430,-1008.692688,-5.984227,1.124010,0.000000000,0.000278473,3.141052961,1
86.980042,86.979430,-1009.121826,-5.983845,1.123891,0.000000000,0.000278473,3.140701771,1
87.030170,87.029430,-1009.980774,-5.982715,1.123652,0.000000000,0.000278473,3.140195847,1
87.080195,87.079430,-1010.410461,-5.982028,1.123532,0.000000000,0.000278473,3.139995337,1
87.129226,87.129430,-1011.267761,-5.980460,1.123292,0.000000000,0.000278473,3.139713049,1
87.181263,87.179430,-1011.695374,-5.979563,1.123173,0.000000000,0.000278473,3.139497519,1
87.229313,87.229430,-1012.550537,-5.977888,1.122935,0.000000064,0.000278473,3.139725447,1
87.280337,87.279430,-1012.978394,-5.977239,1.122816,0.000000161,0.000278473,3.140074968,1
87.329487,87.329430,-1013.835205,-5.976264,1.122652,-0.000169377,0.002060771,3.140632391,1
87.380013,87.379430,-1014.263733,-5.976075,1.122420,-0.000014914,-0.000953436,3.141140223,1
87.429983,87.429430,-1015.121094,-5.976388,1.122229,0.000000104,-0.001082063,-3.141039133,1
87.480995,87.479430,-1015.549805,-5.976833,1.122110,-0.000000533,-0.001082063,-3.140553713,1
87.530021,87.529430,-1016.408081,-5.978221,1.117219,-0.000030360,-0.002866506,-3.139833689,1
87.580065,87.579430,-1016.837036,-5.979001,1.124995,0.000022908,0.000138998,-3.139729023,1
87.630078,87.629430,-1017.688965,-5.980707,1.125033,0.000000220,0.000278473,-3.139594793,1
87.681061,87.679430,-1018.110596,-5.981613,1.124916,0.000000262,0.000278473,-3.139444351,1
87.730068,87.729430,-1018.947632,-5.983207,1.124682,0.000000158,0.000278473,-3.139818668,1
87.780085,87.779430,-1019.364136,-5.983784,1.124566,0.000000050,0.000278473,-3.140207052,1
87.830075,87.829430,-1020.194763,-5.984369,1.124335,-0.000000000,0.000278473,-3.141203880,1
87.880094,87.879430,-1020.607788,-5.984302,1.124220,0.000000000,0.000278473,3.141429186,1
87.930070,87.929430,-1021.431091,-5.983492,1.123991,0.000000000,0.000278473,3.140395880,1
87.980108,87.979430,-1021.842163,-5.982834,1.123876,-0.000000000,0.000278473,3.139992952,1
88.030093,88.029430,-1022.665161,-5.981252,1.123647,0.000000000,0.000278473,3.139577150,1
88.080120,88.079430,-1023.076721,-5.980308,1.123532,0.000000000,0.000278473,3.139300823,1
88.130115,88.129430,-1023.898499,-5.978150,1.123304,0.000000000,0.000278473,3.138794899,1
88.179412,88.179430,-1024.309326,-5.976903,1.123189,0.000000000,0.000278473,3.138556957,1
88.229375,88.229430,-1025.132690,-5.974384,1.122960,0.000000054,0.000278473,3.138629675,1
88.280403,88.279430,-1025.545776,-5.973269,1.122845,0.000000128,0.000278473,3.138891935,1
88.329431,88.329430,-1026.375610,-5.971617,1.122642,-0.000059122,0.002056956,3.140038490,1
88.379488,88.379430,-1026.792847,-5.971222,1.122430,0.000015613,0.000642300,3.140635252,1
88.429533,88.429430,-1027.631714,-5.971144,1.122246,0.000001216,-0.002457857,-3.141356707,1
88.481019,88.479430,-1028.052979,-5.971519,1.122167,-0.000000533,-0.002502799,-3.140703440,1
88.530994,88.529430,-1028.898560,-5.972824,1.121263,0.000050657,-0.002854943,-3.139857292,1
88.581054,88.579430,-1029.322998,-5.973697,1.119850,-0.000032491,-0.003395080,-3.139537811,1
88.630098,88.629430,-1030.172974,-5.975898,1.128587,0.000030897,-0.000029564,-3.138884544,1
88.680115,88.679430,-1030.597046,-5.977121,1.128640,0.000003595,-0.000001669,-3.138707161,1
88.730092,88.729430,-1031.444946,-5.979418,1.128642,-0.000000533,-0.000000119,-3.138905287,1
88.780118,88.779430,-1031.869263,-5.980506,1.128642,-0.000000533,-0.000000119,-3.139026403,1
88.830106,88.829430,-1032.719727,-5.982328,1.128642,-0.000000533,-0.000000119,-3.139653921,1
88.880128,88.879430,-1033.145386,-5.982830,1.128642,-0.000000533,-0.000000119,-3.140414000,1
88.930111,88.929430,-1033.997803,-5.983052,1.128610,0.000055502,0.000044823,3.141549826,1
88.980151,88.979430,-1034.424561,-5.982719,1.128884,0.000384340,0.000199199,3.140802383,1
89.030152,89.029430,-1035.279297,-5.981226,1.128930,0.000469341,0.000474453,3.139538527,1
89.080221,89.079430,-1035.707275,-5.980119,1.128927,0.000465761,0.000601888,3.139001846,1
89.130245,89.129430,-1036.564209,-5.977182,1.128574,0.000321980,0.000733972,3.137926340,1
89.179939,89.179430,-1036.992920,-5.975512,1.128359,0.000469558,0.000764728,3.137698889,1
89.229939,89.229430,-1037.851196,-5.972049,1.127714,0.000491459,0.000769734,3.137574434,1
89.279459,89.279430,-1038.280396,-5.970460,1.127384,0.000491700,0.000769734,3.137888432,1
89.329534,89.329430,-1039.137573,-5.968159,1.126846,0.000373519,0.003932476,3.139374018,1
89.379954,89.379430,-1039.564697,-5.967518,1.126752,-0.000288687,0.000661611,3.140113592,1
89.430910,89.429430,-1040.417358,-5.967588,1.125796,0.000341436,0.000267982,-3.141029835,1
89.479930,89.479430,-1040.843628,-5.968196,1.125470,0.000337086,0.000187993,-3.140233517,1
89.529470,89.529430,-1041.697754,-5.970032,1.115989,0.000052141,-0.003316998,-3.139111042,1
89.579993,89.579430,-1042.125244,-5.971362,1.124299,-0.000616255,-0.000276208,-3.138454437,1
89.630010,89.629430,-1042.978394,-5.974512,1.125053,0.000012357,0.000275969,-3.137720108,1
89.680002,89.679430,-1043.403931,-5.976239,1.124936,0.000012409,0.000275969,-3.137532711,1
89.729997,89.729430,-1044.254761,-5.979734,1.124700,0.000001549,0.000277996,-3.137541771,1
89.780960,89.779430,-1044.680786,-5.981315,1.124581,0.000001455,0.000277996,-3.137881041,1
89.830938,89.829430,-1045.533447,-5.983934,1.124344,0.000001221,0.000277996,-3.138722658,1
89.879961,89.879430,-1045.959595,-5.984901,1.124226,0.000001054,0.000277996,-3.139321566,1
89.930106,89.929430,-1046.812500,-5.985915,1.123989,0.000000651,0.000277996,-3.140773773,1
89.979942,89.979430,-1047.239624,-5.986034,1.123870,0.000000501,0.000277996,-3.141313553,1
90.029934,90.029430,-1048.094360,-5.985356,1.123632,0.000000097,0.000277996,3.140418768,1
90.079925,90.079430,-1048.522095,-5.984667,1.123513,-0.000000000,0.000277996,3.139982462,1
90.129464,90.129430,-1049.378296,-5.982969,1.123275,0.000000000,0.000277996,3.139560461,1
90.179956,90.179430,-1049.806641,-5.982170,1.123156,0.000000046,0.000277996,3.139726639,1
90.229944,90.229430,-1050.664185,-5.980679,1.122918,0.000000088,0.000277996,3.139878988,1
90.279943,90.279430,-1051.093384,-5.979983,1.122798,0.000000115,0.000277996,3.139972448,1
90.329955,90.329430,-1051.951904,-5.978986,1.122559,0.000000000,0.000247121,3.140527725,1
90.380300,90.379430,-1052.380981,-5.978642,1.122440,-0.000000533,0.000157714,3.140790462,1
90.430267,90.429430,-1053.239624,-5.978011,1.122202,-0.000000533,-0.000026107,3.140908957,1
90.480312,90.479430,-1053.668945,-5.977803,1.122084,-0.000001065,-0.000118256,3.141106367,1
90.529330,90.529430,-1054.528198,-5.977469,1.121917,-0.000000533,-0.000275612,3.141272068,1
90.580372,90.579430,-1054.957275,-5.977437,1.122030,0.000000000,-0.000277877,3.141517878,1
90.629437,90.629430,-1055.809448,-5.977925,1.122267,0.000000000,-0.000277877,-3.140838861,1
90.679928,90.679430,-1056.232666,-5.978446,1.122385,-0.000000000,-0.000277877,-3.140362501,1
90.729456,90.729430,-1057.076050,-5.979793,1.122619,-0.000000000,-0.000277877,-3.139872551,1
90.780911,90.779430,-1057.497070,-5.980616,1.122736,0.000000000,-0.000277877,-3.139637947,1
90.829916,90.829430,-1058.339111,-5.982320,1.122970,0.000000046,-0.000277877,-3.139650583,1
90.880466,90.879430,-1058.759155,-5.983102,1.123087,0.000000068,-0.000277877,-3.139731169,1
90.930441,90.929430,-1059.598267,-5.984221,1.123320,0.000000278,-0.000277877,-3.140489101,1
90.979971,90.979430,-1060.018188,-5.984502,1.123438,0.000000400,-0.000277877,-3.140926123,1
91.029945,91.029430,-1060.860107,-5.984582,1.123672,0.000000605,-0.000277877,3.141521692,1
91.080891,91.079430,-1061.281860,-5.984442,1.123789,0.000000677,-0.000277877,3.141261816,1
91.129454,91.129430,-1062.124878,-5.984035,1.124023,0.000000738,-0.000277877,3.141040564,1
91.179940,91.179430,-1062.546753,-5.983743,1.124141,0.000000778,-0.000277877,3.140898943,1
91.229915,91.229430,-1063.392578,-5.983033,1.124376,0.000000821,-0.000277877,3.140743017,1
91.279905,91.279430,-1063.816772,-5.982740,1.124493,0.000000776,-0.000277877,3.140903473,1
91.329441,91.329430,-1064.666504,-5.982141,1.124938,-0.000283360,0.002439976,3.140710115,1
91.379928,91.379430,-1065.090942,-5.981767,1.124834,-0.000015979,-0.000038862,3.140716791,1
91.429910,91.429430,-1065.939941,-5.981061,1.125087,-0.000000533,0.000029325,3.140762806,1
91.479449,91.479430,-1066.365234,-5.980654,1.125202,-0.000000533,0.000117183,3.140633821,1
91.529430,91.529430,-1067.217651,-5.979714,1.117597,-0.000306263,-0.002740860,3.140451670,1
91.580928,91.579430,-1067.644897,-5.979203,1.124973,-0.000091080,0.000134826,3.140386820,1
91.629995,91.629430,-1068.499512,-5.978462,1.125022,0.000001317,0.000277400,3.140794277,1
91.680947,91.679430,-1068.927002,-5.978220,1.124903,0.000001382,0.000277400,3.141028881,1
91.729956,91.729430,-1069.783081,-5.978032,1.124666,0.000001502,0.000277400,3.141459703,1
91.779953,91.779430,-1070.211670,-5.978089,1.124547,0.000001576,0.000277400,-3.141457319,1
91.829945,91.829430,-1071.069092,-5.978446,1.124309,0.000001675,0.000277400,-3.141099691,1
91.879932,91.879430,-1071.496826,-5.978608,1.124190,0.000001644,0.000277400,-3.141211271,1
91.930106,91.929430,-1072.351685,-5.979059,1.123953,0.000001716,0.000277400,-3.140952349,1
91.980085,91.979430,-1072.779419,-5.979362,1.123834,0.000001735,0.000277400,-3.140885115,1
92.030094,92.029430,-1073.636108,-5.979929,1.123597,0.000001719,0.000277400,-3.140940428,1
92.080071,92.079430,-1074.064697,-5.980105,1.123478,0.000001652,0.000277400,-3.141183615,1
92.130053,92.129430,-1074.920044,-5.979865,1.123240,0.000001385,0.000277400,3.141040087,1
92.180051,92.179430,-1075.346802,-5.979505,1.123122,0.000001304,0.000277400,3.140748739,1
92.230031,92.229430,-1076.200195,-5.978414,1.122885,0.000001171,0.000277400,3.140268326,1
92.280017,92.279430,-1076.627441,-5.977789,1.122766,0.000001133,0.000277400,3.140130758,1
92.330004,92.329430,-1077.482788,-5.976517,1.122641,-0.000212520,0.000696659,3.140083313,1
92.380979,92.379430,-1077.911255,-5.975840,1.122393,-0.000009587,-0.001068115,3.140009880,1
92.429987,92.429430,-1078.768555,-5.974314,1.122183,-0.000000533,-0.001082063,3.139802217,1
92.479983,92.479430,-1079.197144,-5.973702,1.122064,-0.000001065,-0.001082063,3.140166044,1
92.529979,92.529430,-1080.054565,-5.973045,1.120517,-0.000049535,-0.001583695,3.141062975,1
92.580003,92.579430,-1080.482910,-5.973016,1.125057,0.000033792,0.000199199,3.141538143,1
92.630021,92.629430,-1081.333984,-5.973419,1.124986,-0.000001065,0.000281811,-3.140966415,1
92.680995,92.679430,-1081.756714,-5.973777,1.124867,0.000000807,0.000281215,-3.140741825,1
92.730008,92.729430,-1082.599243,-5.974836,1.124630,0.000000939,0.000281215,-3.140272856,1
92.780975,92.779430,-1083.020020,-5.975361,1.124512,0.000000918,0.000281215,-3.140345097,1
92.829990,92.829430,-1083.862061,-5.976133,1.124275,0.000000790,0.000281215,-3.140800953,1
92.879997,92.879430,-1084.284058,-5.976431,1.124156,0.000000766,0.000281215,-3.140886068,1
92.929977,92.929430,-1085.130737,-5.976851,1.123918,0.000000698,0.000281215,-3.141129494,1
92.979975,92.979430,-1085.555420,-5.977008,1.123799,0.000000671,0.000281215,-3.141222715,1
93.029965,93.029430,-1086.406494,-5.977386,1.123560,0.000000685,0.000281215,-3.141173124,1
93.079982,93.079430,-1086.832520,-5.977640,1.123440,0.000000735,0.000281215,-3.140995502,1
93.129972,93.129430,-1087.685791,-5.978261,1.123200,0.000000799,0.000281215,-3.140768766,1
93.179955,93.179430,-1088.113037,-5.978667,1.123080,0.000000835,0.000281215,-3.140639782,1
93.229957,93.229430,-1088.968384,-5.979549,1.122839,0.000000836,0.000281215,-3.140637398,1
93.279922,93.279430,-1089.396240,-5.979840,1.122719,0.000000758,0.000281215,-3.140912533,1
93.329917,93.329430,-1090.253052,-5.980245,1.122465,0.000015328,0.000258327,-3.141134024,1
93.379917,93.379430,-1090.681885,-5.980422,1.122354,0.000015316,0.000258327,-3.141179085,1
93.429895,93.429430,-1091.539917,-5.980671,1.122116,0.000001128,-0.000098109,-3.141417742,1
93.480861,93.479430,-1091.969116,-5.980700,1.121996,0.000000697,-0.000192165,-3.141525507,1
93.529427,93.529430,-1092.828125,-5.980622,1.121823,-0.000019707,-0.000369549,3.141285658,1
93.580914,93.579430,-1093.257812,-5.980389,1.122119,-0.000014914,-0.000290513,3.141047239,1
93.629953,93.629430,-1094.117188,-5.979945,1.122370,0.000000000,-0.000285506,3.141083479,1
93.679955,93.679430,-1094.546997,-5.979756,1.122493,0.000000000,-0.000285506,3.141154289,1
93.729944,93.729430,-1095.407227,-5.979467,1.122738,0.000000000,-0.000285506,3.141315699,1
93.779948,93.779430,-1095.837646,-5.979395,1.122861,0.000000000,-0.000285506,3.141426802,1
93.829969,93.829430,-1096.698242,-5.979199,1.123107,0.000000015,-0.000285506,3.141373396,1
93.880924,93.879430,-1097.128296,-5.979276,1.123230,0.000000000,-0.000285506,-3.141413212,1
93.929951,93.929430,-1097.987671,-5.980000,1.123475,0.000000000,-0.000285506,-3.140476465,1
93.979946,93.979430,-1098.417358,-5.980682,1.123598,0.000000000,-0.000285506,-3.140004396,1
94.029938,94.029430,-1099.277344,-5.982440,1.123843,0.000000000,-0.000285506,-3.139455795,1
94.080898,94.079430,-1099.707642,-5.983399,1.123966,0.000000000,-0.000285506,-3.139362812,1
94.129919,94.129430,-1100.568359,-5.985343,1.124212,0.000000034,-0.000285506,-3.139394283,1
94.179921,94.179430,-1100.998779,-5.986203,1.124333,0.000000091,-0.000285506,-3.139592409,1
94.229901,94.229430,-1101.859253,-5.987451,1.124685,0.000104971,0.001082182,-3.140324354,1
94.280870,94.279430,-1102.288940,-5.987679,1.125052,-0.000488956,0.002977371,-3.141074181,1
94.329886,94.329430,-1103.145752,-5.987331,1.124945,0.000002816,-0.000069261,3.140913725,1
94.379419,94.379430,-1103.573730,-5.986768,1.125067,-0.000000533,0.000018120,3.140275955,1
94.429423,94.429430,-1104.430420,-5.985080,1.122504,0.000214417,-0.000925183,3.139487743,1
94.480890,94.479430,-1104.859009,-5.984118,1.117118,-0.000340352,-0.002920270,3.139368296,1
94.529898,94.529430,-1105.716675,-5.981802,1.125144,-0.000004794,0.000283360,3.138744116,1
94.580898,94.579430,-1106.145386,-5.980618,1.125024,0.000000383,0.000285029,3.138832569,1
94.629974,94.629430,-1107.003296,-5.978558,1.124779,0.000000537,0.000285029,3.139372587,1
94.679930,94.679430,-1107.432373,-5.977709,1.124657,0.000000606,0.000285029,3.139613390,1
94.729924,94.729430,-1108.290771,-5.976455,1.124413,0.000000810,0.000285029,3.140329838,1
94.780897,94.779430,-1108.719971,-5.976192,1.124290,0.000000995,0.000285029,3.140979052,1
94.829902,94.829430,-1109.578613,-5.976169,1.124045,0.000001208,0.000285029,-3.141456842,1
94.879894,94.879430,-1110.008179,-5.976288,1.123923,0.000001249,0.000285029,-3.141315460,1
94.929894,94.929430,-1110.867798,-5.976733,1.123679,0.000001333,0.000285029,-3.141020298,1
94.980855,94.979430,-1111.297974,-5.977016,1.123557,0.000001356,0.000285029,-3.140936136,1
95.029405,95.029430,-1112.158081,-5.977333,1.123312,0.000001217,0.000285029,-3.141424656,1
95.079923,95.079430,-1112.587891,-5.977208,1.123189,0.000001087,0.000285029,3.141303062,1
95.129897,95.129430,-1113.447510,-5.976223,1.122944,0.000000770,0.000285029,3.140191078,1
95.180889,95.179430,-1113.877441,-5.975513,1.122822,0.000000698,0.000285029,3.139939308,1
95.230867,95.229430,-1114.737061,-5.974009,1.122578,-0.000000533,0.000255108,3.139822245,1
95.280869,95.279430,-1115.165405,-5.973351,1.122455,-0.000001065,0.000164032,3.140056849,1
95.329882,95.329430,-1116.020996,-5.972368,1.122213,-0.000001065,-0.000023961,3.140599728,1
95.380381,95.379430,-1116.448853,-5.972101,1.122092,-0.000001065,-0.000117779,3.140968561,1
95.429878,95.429430,-1117.305298,-5.972156,1.121639,-0.000013848,-0.000386238,-3.141228914,1
95.480848,95.479430,-1117.733032,-5.972500,1.122019,0.000000589,-0.000289082,-3.140786409,1
95.530881,95.529430,-1118.585327,-5.973454,1.122271,0.000000000,-0.000284910,-3.140411854,1
95.579926,95.579430,-1119.010864,-5.974095,1.122392,-0.000000000,-0.000284910,-3.140084743,1
95.629949,95.629430,-1119.862671,-5.975708,1.122635,0.000000000,-0.000284910,-3.139605999,1
95.679961,95.679430,-1120.289185,-5.976554,1.122756,0.000000001,-0.000284910,-3.139608860,1
95.729918,95.729430,-1121.142578,-5.978392,1.122999,-0.000000000,-0.000284910,-3.139431000,1
95.780904,95.779430,-1121.568481,-5.979351,1.123121,0.000000000,-0.000284910,-3.139340639,1
95.829929,95.829430,-1122.419678,-5.981053,1.123363,0.000000099,-0.000284910,-3.139689684,1
95.879900,95.879430,-1122.845581,-5.981652,1.123484,0.000000241,-0.000284910,-3.140184641,1
95.929900,95.929430,-1123.698608,-5.982366,1.123728,0.000000451,-0.000284910,-3.140922308,1
95.979890,95.979430,-1124.125244,-5.982467,1.123849,0.000000574,-0.000284910,-3.141356230,1
96.029883,96.029430,-1124.976929,-5.981990,1.124092,0.000000857,-0.000284910,3.140837669,1
96.079888,96.079430,-1125.402588,-5.981520,1.124213,0.000000956,-0.000284910,3.140487194,1
96.129896,96.129430,-1126.255005,-5.980424,1.124456,0.000001008,-0.000284910,3.140306950,1
96.179901,96.179430,-1126.682129,-5.979896,1.124944,0.000488266,0.001116395,3.140346050,1
96.229889,96.229430,-1127.535522,-5.979305,1.124795,-0.000009587,-0.000032306,3.141117334,1
96.280849,96.279430,-1127.961670,-5.979279,1.124939,-0.000002663,-0.000074029,3.141533136,1
96.329856,96.329430,-1128.814453,-5.979688,1.125182,0.000000878,0.000106573,-3.141011477,1
96.380364,96.379430,-1129.241333,-5.980040,1.122950,0.000415956,-0.000728369,-3.140709877,1
96.430362,96.429430,-1130.096558,-5.981156,1.124970,-0.000065514,0.000154495,-3.140072584,1
96.479893,96.479430,-1130.524658,-5.982000,1.125144,-0.000019175,0.000281215,-3.139622211,1
96.529880,96.529430,-1131.381348,-5.983839,1.124910,0.000001627,0.000283957,-3.139476299,1
96.580885,96.579430,-1131.809937,-5.984703,1.124788,0.000001598,0.000283957,-3.139576912,1
96.629935,96.629430,-1132.667603,-5.986006,1.124545,0.000001404,0.000283957,-3.140261650,1
96.679930,96.679430,-1133.096558,-5.986328,1.124423,0.000001239,0.000283957,-3.140841961,1
96.729916,96.729430,-1133.954468,-5.986057,1.124180,0.000000827,0.000283957,3.140892744,1
96.780997,96.779430,-1134.383667,-5.985480,1.124058,0.000000644,0.000283957,3.140246391,1
96.829909,96.829430,-1135.242432,-5.983531,1.123814,0.000000311,0.000283957,3.139075041,1
96.879906,96.879430,-1135.671997,-5.982357,1.123691,0.000000250,0.000283957,3.138857603,1
96.929892,96.929430,-1136.531128,-5.979802,1.123447,0.000000165,0.000283957,3.138559103,1
96.979896,96.979430,-1136.959473,-5.978605,1.123325,0.000000233,0.000283957,3.138798952,1
97.030006,97.029430,-1137.815430,-5.976632,1.123082,0.000000433,0.000283957,3.139502287,1
97.080015,97.079430,-1138.243530,-5.975992,1.122961,0.000000602,0.000283957,3.140098810,1
97.130006,97.129430,-1139.100342,-5.975243,1.122717,0.000000838,0.000283957,3.140929699,1
97.180026,97.179430,-1139.529053,-5.975166,1.122624,0.000005154,0.001213908,3.141425371,1
97.230012,97.229430,-1140.386475,-5.975758,1.122350,-0.000003196,0.000085235,-3.140721321,1
97.279998,97.279430,-1140.815186,-5.976243,1.122230,-0.000001065,-0.000010252,-3.140459776,1
97.330293,97.329430,-1141.673462,-5.977551,1.121988,-0.000000533,-0.000198364,-3.139963388,1
97.380291,97.379430,-1142.102783,-5.978167,1.118290,-0.000066579,-0.001660824,-3.139935255,1
97.430271,97.429430,-1142.962036,-5.979650,1.122129,0.000011637,-0.000287890,-3.139783621,1
97.480248,97.479430,-1143.391724,-5.980433,1.122256,-0.000001065,-0.000284314,-3.139770031,1
97.530289,97.529430,-1144.251465,-5.981922,1.122500,-0.000001065,-0.000284314,-3.139979601,1
97.580310,97.579430,-1144.681274,-5.982489,1.122623,-0.000001065,-0.000284314,-3.140274048,1
97.629391,97.629430,-1145.541748,-5.983316,1.122867,-0.000001065,-0.000284314,-3.140735865,1
97.680349,97.679430,-1145.971436,-5.983504,1.122990,-0.000001065,-0.000284314,-3.141155958,1
97.729375,97.729430,-1146.828247,-5.983124,1.123233,-0.000001065,-0.000284314,3.140848875,1
97.779851,97.779430,-1147.256104,-5.982538,1.123355,-0.000001065,-0.000284314,3.140221834,1
97.830355,97.829430,-1148.112305,-5.980782,1.123598,-0.000001065,-0.000284314,3.139303684,1
97.880346,97.879430,-1148.540771,-5.979685,1.123720,-0.000001065,-0.000284314,3.139033079,1
97.929375,97.929430,-1149.396118,-5.977658,1.123963,-0.000001065,-0.000284314,3.139294147,1
97.980352,97.979430,-1149.822998,-5.976735,1.124085,-0.000001065,-0.000284314,3.139428854,1
98.029841,98.029430,-1150.676880,-5.975420,1.124327,-0.000001065,-0.000284314,3.140263796,1
98.079368,98.079430,-1151.104492,-5.975004,1.124449,-0.000001065,-0.000284314,3.140617371,1
98.129426,98.129430,-1151.959473,-5.974822,1.124721,0.000029536,0.002342582,3.141556501,1
98.180147,98.179430,-1152.385620,-5.975009,1.124776,0.000023876,0.001131415,-3.141156912,1
98.229158,98.229430,-1153.236938,-5.976134,1.125042,0.000007484,0.001080155,-3.139974833,1
98.280137,98.279430,-1153.662720,-5.977036,1.125163,0.000008021,0.001080155,-3.139477253,1
98.330149,98.329430,-1154.516113,-5.979255,1.116917,-0.000081493,-0.002187490,-3.138919592,1
98.381103,98.379430,-1154.943359,-5.980515,1.121829,0.000013036,-0.000360012,-3.138645649,1
98.430236,98.429430,-1155.798828,-5.983002,1.122244,0.000000000,-0.000284076,-3.138715982,1
98.480236,98.479430,-1156.227051,-5.984129,1.122366,0.000000069,-0.000284076,-3.138959408,1
98.529340,98.529430,-1157.083618,-5.985802,1.122609,0.000000350,-0.000284076,-3.139949799,1
98.580334,98.579430,-1157.512085,-5.986235,1.122731,0.000000530,-0.000284076,-3.140580416,1
98.629830,98.629430,-1158.369019,-5.986721,1.122974,0.000000714,-0.000284076,-3.141227961,1
98.680859,98.679430,-1158.797363,-5.986627,1.123096,0.000000880,-0.000284076,3.141372919,1
98.729859,98.729430,-1159.654785,-5.985812,1.123339,0.000001170,-0.000284076,3.140351295,1
98.781039,98.779430,-1160.083740,-5.985065,1.123461,0.000001313,-0.000284076,3.139848709,1
98.830842,98.829430,-1160.942383,-5.983030,1.123705,0.000001536,-0.000284076,3.139062405,1
98.880876,98.879430,-1161.371704,-5.981699,1.123827,0.000001699,-0.000284076,3.138489485,1
98.930867,98.929430,-1162.229736,-5.978639,1.124071,0.000001868,-0.000284076,3.137893438,1
98.979966,98.979430,-1162.658691,-5.977025,1.124193,0.000001886,-0.000284076,3.137829065,1
99.030079,99.029430,-1163.516724,-5.974076,1.124436,0.000001749,-0.000284076,3.138310194,1
99.079986,99.079430,-1163.945801,-5.972851,1.124691,0.000215240,0.000344515,3.138725996,1
99.130939,99.129430,-1164.804565,-5.970763,1.124756,0.000004758,0.001155853,3.139314651,1
99.180908,99.179430,-1165.233521,-5.970143,1.124911,-0.000000533,0.001083255,3.140146017,1
99.229922,99.229430,-1166.091187,-5.969958,1.125156,0.000002167,0.001080155,-3.141454220,1
99.279907,99.279430,-1166.520264,-5.970326,1.124177,0.000483780,0.000625849,-3.140708685,1
99.329922,99.329430,-1167.378784,-5.971855,1.121786,-0.000028762,-0.000372887,-3.138993740,1
99.380855,99.379430,-1167.807983,-5.973181,1.122109,-0.000017577,-0.000285387,-3.138505220,1
99.429870,99.429430,-1168.666382,-5.976249,1.122360,-0.000000533,-0.000283837,-3.137944698,1
99.479847,99.479430,-1169.095459,-5.977704,1.122482,-0.000000533,-0.000283837,-3.138202906,1
99.529841,99.529430,-1169.953857,-5.980362,1.122725,-0.000000533,-0.000283837,-3.138562679,1
99.580823,99.579430,-1170.383545,-5.981631,1.122847,-0.000000533,-0.000283837,-3.138638735,1
99.629868,99.629430,-1171.241821,-5.983424,1.123091,-0.000000533,-0.000283837,-3.139906883,1
99.679851,99.679430,-1171.670776,-5.983891,1.123212,-0.000000533,-0.000283837,-3.140502691,1
99.730802,99.729430,-1172.529053,-5.984083,1.123456,-0.000000533,-0.000283837,3.141450644,1
99.779345,99.779430,-1172.958130,-5.983780,1.123578,-0.000000533,-0.000283837,3.140888214,1
99.829358,99.829430,-1173.815918,-5.982900,1.123820,-0.000000533,-0.000283837,3.140468597,1
99.880305,99.879430,-1174.243530,-5.982420,1.123942,-0.000000533,-0.000283837,3.140468597,1
99.929330,99.929430,-1175.097290,-5.981340,1.124184,-0.000000533,-0.000283837,3.140354872,1
99.979338,99.979430,-1175.524170,-5.980798,1.124305,-0.000000533,-0.000283837,3.140322924,1
100.029342,100.029430,-1176.379395,-5.979797,1.124748,0.000248000,0.000042081,3.140441418,1
100.080309,100.079430,-1176.807617,-5.979325,1.124615,0.000004691,0.003326297,3.140470982,1
100.130349,100.129430,-1177.664307,-5.978741,1.124895,-0.000013848,0.001084328,3.141001225,1
100.179335,100.179430,-1178.093018,-5.978573,1.125022,-0.000008522,0.001080751,3.141197205,1
100.229352,100.229430,-1178.950806,-5.978684,1.125060,0.000274457,0.000981092,-3.141229868,1
100.279332,100.279430,-1179.379761,-5.978713,1.116455,0.000002107,-0.002361536,-3.141035318,1
100.329329,100.329430,-1180.237671,-5.979567,1.122098,0.000015868,-0.000289202,-3.140489340,1
100.379903,100.379430,-1180.666748,-5.980061,1.122227,-0.000000533,-0.000283480,-3.140441895,1
100.430845,100.429430,-1181.525391,-5.980902,1.122470,-0.000000533,-0.000283480,-3.140726805,1
100.480817,100.479430,-1181.954956,-5.981236,1.122592,-0.000000533,-0.000283480,-3.140813589,1
100.529835,100.529430,-1182.813843,-5.981546,1.122835,-0.000000533,-0.000283480,-3.141357422,1
100.580817,100.579430,-1183.243286,-5.981482,1.122957,-0.000000533,-0.000283480,3.141443491,1
100.629870,100.629430,-1184.102905,-5.980955,1.123201,-0.000000533,-0.000283480,3.140864611,1
100.679842,100.679430,-1184.532715,-5.980676,1.123323,-0.000000533,-0.000283480,3.140944481,1
100.729844,100.729430,-1185.391968,-5.980505,1.123566,-0.000000533,-0.000283480,3.141493320,1
100.779832,100.779430,-1185.821655,-5.980486,1.123688,-0.000000533,-0.000283480,3.141548634,1
100.829363,100.829430,-1186.681152,-5.980782,1.123932,-0.000000533,-0.000283480,-3.141084194,1
100.879815,100.879430,-1187.111084,-5.981143,1.124054,-0.000000533,-0.000283480,-3.140753031,1
100.929352,100.929430,-1187.971191,-5.982037,1.124297,-0.000000533,-0.000283480,-3.140585899,1
100.980318,100.979430,-1188.401123,-5.982359,1.124419,-0.000000533,-0.000283480,-3.140844345,1
101.029348,101.029430,-1189.261108,-5.982553,1.124583,-0.000059655,0.003049254,-3.141530514,1
101.079355,101.079430,-1189.691162,-5.982520,1.124731,0.000003133,0.001156926,3.141499758,1
101.129840,101.129430,-1190.551270,-5.982119,1.125017,0.000001311,0.001080155,3.140962601,1
101.179342,101.179430,-1190.981567,-5.981719,1.125139,0.000000987,0.001080155,3.140662909,1
101.229350,101.229430,-1191.842407,-5.980575,1.116972,0.000037700,-0.002152085,3.140428782,1
101.280298,101.279430,-1192.272705,-5.980124,1.121809,-0.000004261,-0.000363708,3.140549660,1
101.329368,101.329430,-1193.133545,-5.979514,1.122222,0.000000000,-0.000283241,3.141072989,1
101.380295,101.379430,-1193.563843,-5.979410,1.122344,0.000000000,-0.000283241,3.141350746,1
101.429336,101.429430,-1194.424438,-5.979667,1.122587,0.000000000,-0.000283241,-3.141037703,1
101.480291,101.479430,-1194.854492,-5.980005,1.122709,-0.000000000,-0.000283241,-3.140807867,1
101.529322,101.529430,-1195.714111,-5.980661,1.122953,0.000000033,-0.000283241,-3.140887499,1
101.579820,101.579430,-1196.142700,-5.980920,1.123074,0.000000063,-0.000283241,-3.140990019,1
101.630798,101.629430,-1196.998779,-5.981363,1.123317,0.000000088,-0.000283241,-3.141077995,1
101.679814,101.679430,-1197.426880,-5.981596,1.123438,0.000000079,-0.000283241,-3.141047716,1
101.729338,101.729430,-1198.284058,-5.981891,1.123681,0.000000186,-0.000283241,-3.141423941,1
101.779332,101.779430,-1198.712769,-5.981839,1.123802,0.000000268,-0.000283241,3.141469479,1
101.829325,101.829430,-1199.570435,-5.981204,1.124045,0.000000491,-0.000283241,3.140680790,1
101.879329,101.879430,-1199.999756,-5.980704,1.124167,0.000000563,-0.000283241,3.140426636,1
101.930231,101.929430,-1200.858765,-5.979614,1.124409,0.000000569,-0.000283241,3.140407562,1
101.981004,101.979430,-1201.288208,-5.979139,1.124525,0.000010168,-0.000274897,3.140486956,1
102.030055,102.029430,-1202.145264,-5.978076,1.124730,0.000026336,0.001147747,3.140329838,1
102.081031,102.079430,-1202.572632,-5.977687,1.124879,0.000011949,0.001083851,3.140681267,1
102.130104,102.129430,-1203.427490,-5.977404,1.125124,0.000008548,0.001081228,3.141463518,1
102.181020,102.179430,-1203.855225,-5.977387,1.125246,0.000008647,0.001081228,3.141555309,1
102.230029,102.229430,-1204.710938,-5.977555,1.121823,0.000002302,-0.000347137,-3.141565084,1
102.281009,102.279430,-1205.138916,-5.977521,1.122078,-0.000011718,-0.000286818,3.141508818,1
102.331005,102.329430,-1205.995239,-5.977746,1.122325,0.000000138,-0.000282884,-3.141204834,1
102.380028,102.379430,-1206.423706,-5.977953,1.122447,0.000000111,-0.000282884,-3.141110420,1
102.430034,102.429430,-1207.281372,-5.978594,1.122689,0.000000017,-0.000282884,-3.140778542,1
102.481054,102.479430,-1207.710693,-5.979004,1.122811,0.000000000,-0.000282884,-3.140637398,1
102.530050,102.529430,-1208.569214,-5.979834,1.123054,0.000000000,-0.000282884,-3.140537024,1
102.579063,102.579430,-1208.998535,-5.980323,1.123175,-0.000000000,-0.000282884,-3.140453815,1
102.630149,102.629430,-1209.856934,-5.981052,1.123418,0.000000103,-0.000282884,-3.140817165,1
102.680141,102.679430,-1210.286255,-5.981243,1.123539,0.000000196,-0.000282884,-3.141147852,1
102.730528,102.729430,-1211.145386,-5.981379,1.123782,0.000000298,-0.000282884,-3.141506433,1
102.780133,102.779430,-1211.575073,-5.981306,1.123904,0.000000371,-0.000282884,3.141420364,1
102.830144,102.829430,-1212.434448,-5.980771,1.124147,0.000000512,-0.000282884,3.140919209,1
102.881098,102.879430,-1212.864014,-5.980532,1.124268,0.000000479,-0.000282884,3.141036272,1
102.930137,102.929430,-1213.723389,-5.980083,1.124512,0.000000481,-0.000282884,3.141030788,1
102.981111,102.979430,-1214.153076,-5.979722,1.124716,0.000092544,0.002283334,3.140739202,1
103.030140,103.029430,-1215.012451,-5.978817,1.124864,0.000000000,0.001082778,3.140418530,1
103.080130,103.079430,-1215.442139,-5.978185,1.124987,-0.000001065,0.001080751,3.140123606,1
103.130132,103.129430,-1216.302124,-5.976615,1.125230,-0.000001598,0.001080751,3.139704704,1
103.181120,103.179430,-1216.732422,-5.975885,1.118832,0.000076652,-0.001449466,3.139605999,1
103.230144,103.229430,-1217.592285,-5.974332,1.122065,0.000007796,-0.000283480,3.139902592,1
103.281100,103.279430,-1218.020874,-5.973838,1.122189,0.000000285,-0.000282645,3.140441656,1
103.330125,103.329430,-1218.876709,-5.973507,1.122431,0.000000014,-0.000282645,3.141402483,1
103.380113,103.379430,-1219.304810,-5.973594,1.122552,0.000000000,-0.000282645,-3.141390562,1
103.430111,103.429430,-1220.161255,-5.974448,1.122794,0.000000000,-0.000282645,-3.140392065,1
103.480117,103.479430,-1220.589355,-5.975114,1.122915,-0.000000000,-0.000282645,-3.140037060,1
103.530175,103.529430,-1221.443359,-5.976582,1.123156,0.000000000,-0.000282645,-3.139763594,1
103.579170,103.579430,-1221.870117,-5.977374,1.123277,0.000000000,-0.000282645,-3.139738083,1
103.629298,103.629430,-1222.724731,-5.978856,1.123519,0.000000032,-0.000282645,-3.139852524,1
103.680267,103.679430,-1223.152466,-5.979540,1.123640,0.000000072,-0.000282645,-3.139992952,1
103.728822,103.729430,-1224.008179,-5.980881,1.123881,0.000000095,-0.000282645,-3.140074968,1
103.779781,103.779430,-1224.434814,-5.981496,1.124002,0.000000116,-0.000282645,-3.140149117,1
103.829835,103.829430,-1225.286865,-5.982148,1.124243,0.000000374,-0.000282645,-3.141059160,1
103.879814,103.879430,-1225.713135,-5.982172,1.124363,0.000000508,-0.000282645,-3.141534328,1
103.929865,103.929430,-1226.566895,-5.981556,1.124784,0.000246228,0.001600504,3.140646219,1
103.979835,103.979430,-1226.993896,-5.981165,1.124706,0.000016491,0.001098275,3.140671968,1
104.029883,104.029430,-1227.848511,-5.980179,1.124955,0.000000701,0.001081824,3.140370846,1
104.080848,104.079430,-1228.276367,-5.979564,1.125096,0.000000468,0.001081824,3.140154839,1
104.128926,104.129430,-1229.132568,-5.978377,1.121027,0.000360885,-0.000585198,3.140274048,1
104.180966,104.179430,-1229.561279,-5.977845,1.121886,0.000025755,-0.000296116,3.140357256,1
104.229927,104.229430,-1230.416870,-5.976952,1.122154,-0.000002131,-0.000282288,3.140642881,1
104.279926,104.279430,-1230.843872,-5.976538,1.122275,-0.000002131,-0.000282288,3.140623331,1
104.328976,104.329430,-1231.697998,-5.975895,1.122516,-0.000002131,-0.000282288,3.140890360,1
104.380915,104.379430,-1232.125732,-5.975632,1.122636,-0.000002131,-0.000282288,3.140976191,1
104.430056,104.429430,-1232.981445,-5.975604,1.122878,-0.000002131,-0.000282288,-3.141439199,1
104.479985,104.479430,-1233.409424,-5.975676,1.122999,-0.000002131,-0.000282288,-3.141422749,1
104.529067,104.529430,-1234.265381,-5.976103,1.123240,-0.000002131,-0.000282288,-3.141017675,1
104.579098,104.579430,-1234.693848,-5.976417,1.123361,-0.000002131,-0.000282288,-3.140860081,1
104.629195,104.629430,-1235.550659,-5.976982,1.123603,-0.000002131,-0.000282288,-3.140887499,1
104.679210,104.679430,-1235.979004,-5.977232,1.123724,-0.000002131,-0.000282288,-3.141011477,1
104.729272,104.729430,-1236.832886,-5.977502,1.123965,-0.000002131,-0.000282288,-3.141409636,1
104.780281,104.779430,-1237.258545,-5.977589,1.124085,-0.000002131,-0.000282288,-3.141388893,1
104.830810,104.829430,-1238.109131,-5.978062,1.124325,-0.000002131,-0.000282288,-3.140923977,1
104.879795,104.879430,-1238.534912,-5.978455,1.124445,-0.000002131,-0.000282288,-3.140669346,1
104.930828,104.929430,-1239.387451,-5.979151,1.124866,-0.000126766,0.003328442,-3.140928745,1
104.979839,104.979430,-1239.813599,-5.979431,1.124716,-0.000116114,0.000027776,-3.141016483,1
105.030901,105.029430,-1240.663818,-5.979943,1.125045,0.000000647,-0.000001073,-3.140942097,1
105.079839,105.079430,-1241.088867,-5.980308,1.125165,0.000000754,0.000091076,-3.140733719,1
105.129871,105.129430,-1241.939453,-5.980690,1.115908,0.000162279,-0.003370285,-3.140655756,1
105.180826,105.179430,-1242.365723,-5.981159,1.124010,-0.000578439,-0.000297308,-3.140541792,1
105.229975,105.229430,-1243.219360,-5.982139,1.125055,0.000004713,0.000280142,-3.140343428,1
105.280845,105.279430,-1243.646729,-5.982767,1.124935,0.000004775,0.000280142,-3.140123367,1
105.329908,105.329430,-1244.501831,-5.983848,1.124696,0.000004653,0.000280142,-3.140557528,1
105.379893,105.379430,-1244.929321,-5.984106,1.124575,0.000000731,0.000281215,-3.140990019,1
105.429925,105.429430,-1245.783936,-5.984379,1.124334,0.000000610,0.000281215,-3.141420126,1
105.479915,105.479430,-1246.209961,-5.984329,1.124214,0.000000528,0.000281215,3.141475439,1
105.530195,105.529430,-1247.060913,-5.983669,1.123975,0.000000295,0.000281215,3.140646219,1
105.580221,105.579430,-1247.486572,-5.983153,1.123854,0.000000221,0.000281215,3.140382290,1
105.630757,105.629430,-1248.339233,-5.981959,1.123614,0.000000133,0.000281215,3.140068054,1
105.680750,105.679430,-1248.766113,-5.981149,1.123494,0.000000027,0.000281215,3.139693260,1
105.730785,105.729430,-1249.621216,-5.979084,1.123253,-0.000000000,0.000281215,3.139032364,1
105.779795,105.779430,-1250.049194,-5.977980,1.123133,-0.000000000,0.000281215,3.139012575,1
105.829840,105.829430,-1250.906128,-5.975906,1.122892,0.000000058,0.000281215,3.139219761,1
105.879806,105.879430,-1251.335083,-5.974957,1.122771,0.000000103,0.000281215,3.139378548,1
105.929852,105.929430,-1252.192871,-5.973483,1.122529,-0.000001065,0.000222087,3.140127182,1
105.979829,105.979430,-1252.620605,-5.972960,1.122408,-0.000001598,0.000131011,3.140367270,1
106.030853,106.029430,-1253.474976,-5.972312,1.122169,-0.000001065,-0.000054836,3.141013384,1
106.080816,106.079430,-1253.902466,-5.972257,1.122049,-0.000000533,-0.000147700,3.141464472,1
106.129886,106.129430,-1254.758301,-5.972821,1.121949,-0.000000533,-0.000280142,-3.140646219,1
106.179881,106.179430,-1255.186035,-5.973514,1.122066,-0.000000533,-0.000280142,-3.139972448,1
106.229898,106.229430,-1256.039307,-5.975434,1.122307,-0.000000533,-0.000280142,-3.139226198,1
106.280852,106.279430,-1256.465698,-5.976572,1.122426,-0.000000533,-0.000280142,-3.138925552,1
106.329926,106.329430,-1257.319214,-5.979142,1.122667,-0.000000533,-0.000280142,-3.138592243,1
106.380890,106.379430,-1257.746216,-5.980370,1.122786,-0.000000533,-0.000280142,-3.138719082,1
106.429949,106.429430,-1258.600952,-5.982316,1.123027,-0.000000533,-0.000280142,-3.139533281,1
106.480938,106.479430,-1259.028931,-5.983044,1.123149,-0.000000533,-0.000280142,-3.139891386,1
106.530009,106.529430,-1259.885864,-5.984001,1.123389,-0.000000533,-0.000280142,-3.140703440,1
106.580040,106.579430,-1260.314575,-5.984306,1.123510,-0.000000533,-0.000280142,-3.140880585,1
106.630141,106.629430,-1261.171997,-5.984469,1.123752,-0.000000533,-0.000280142,-3.141586304,1
106.681100,106.679430,-1261.600952,-5.984396,1.123872,-0.000000533,-0.000280142,3.141422272,1
106.730241,106.729430,-1262.459229,-5.983829,1.124114,-0.000000533,-0.000280142,3.140716553,1
106.779229,106.779430,-1262.888428,-5.983338,1.124235,-0.000000533,-0.000280142,3.140448332,1
106.829785,106.829430,-1263.747681,-5.982123,1.124477,-0.000000533,-0.000280142,3.140134096,1
106.880739,106.879430,-1264.177368,-5.981488,1.124862,0.000290215,0.001495123,3.140018463,1
106.929829,106.929430,-1265.036865,-5.980145,1.124829,-0.000000533,0.001081824,3.139945030,1
106.980787,106.979430,-1265.466431,-5.979403,1.124950,-0.000000533,0.001081824,3.139864206,1
107.029903,107.029430,-1266.325806,-5.978052,1.125192,-0.000000533,0.001081824,3.140119314,1
107.079897,107.079430,-1266.755493,-5.977553,1.121465,0.000289553,-0.000468969,3.140401840,1
107.128965,107.129430,-1267.615234,-5.976600,1.122027,-0.000005859,-0.000283480,3.140475512,1
107.179931,107.179430,-1268.045166,-5.976188,1.122151,0.000000000,-0.000281215,3.140633583,1
107.229984,107.229430,-1268.905396,-5.975493,1.122393,0.000000000,-0.000281215,3.140858173,1
107.279993,107.279430,-1269.335205,-5.975373,1.122514,0.000000000,-0.000281215,3.141311884,1
107.329243,107.329430,-1270.194702,-5.975406,1.122755,0.000000000,-0.000281215,-3.141550541,1
107.379255,107.379430,-1270.624268,-5.975509,1.122876,0.000000000,-0.000281215,-3.141352415,1
107.429801,107.429430,-1271.483643,-5.975971,1.123118,0.000000000,-0.000281215,-3.141013384,1
107.479788,107.479430,-1271.913330,-5.976336,1.123239,0.000000000,-0.000281215,-3.140741825,1
107.529798,107.529430,-1272.772705,-5.977441,1.123480,0.000000000,-0.000281215,-3.140244246,1
107.580785,107.579430,-1273.202515,-5.978000,1.123601,0.000000013,-0.000281215,-3.140289545,1
107.629868,107.629430,-1274.062256,-5.979064,1.123843,0.000000017,-0.000281215,-3.140304804,1
107.680815,107.679430,-1274.492188,-5.979641,1.123964,0.000000002,-0.000281215,-3.140250206,1
107.729864,107.729430,-1275.352295,-5.980655,1.124206,0.000000073,-0.000281215,-3.140503168,1
107.780815,107.779430,-1275.782104,-5.980950,1.124327,0.000000186,-0.000281215,-3.140905619,1
107.829872,107.829430,-1276.642090,-5.981205,1.124670,0.000126555,0.000458002,-3.141470194,1
107.880823,107.879430,-1277.072266,-5.981180,1.124759,0.000038763,0.002775550,3.141471624,1
107.930850,107.929430,-1277.932251,-5.980643,1.124916,-0.000011718,0.001085400,3.140854120,1
107.980830,107.979430,-1278.362183,-5.980317,1.125041,-0.000007989,0.001082778,3.140830755,1
108.029872,108.029430,-1279.222412,-5.979589,1.123917,0.000173203,0.000541687,3.140659809,1
108.080840,108.079430,-1279.652832,-5.978900,1.116852,0.000044715,-0.002207994,3.140536785,1
108.129885,108.129430,-1280.512817,-5.978026,1.122116,-0.000013848,-0.000281692,3.140544653,1
108.180865,108.179430,-1280.942871,-5.977535,1.122241,-0.000000000,-0.000281095,3.140450478,1
108.229160,108.229430,-1281.803223,-5.976509,1.122483,0.000000000,-0.000281095,3.140478134,1
108.280149,108.279430,-1282.233276,-5.976138,1.122604,0.000000000,-0.000281095,3.140728474,1
108.330213,108.329430,-1283.093872,-5.975701,1.122846,0.000000000,-0.000281095,3.141227245,1
108.380222,108.379430,-1283.523682,-5.975680,1.122967,0.000000000,-0.000281095,3.141544104,1
108.429841,108.429430,-1284.380615,-5.975950,1.123208,-0.000000000,-0.000281095,-3.141211987,1
108.479829,108.479430,-1284.809082,-5.976264,1.123328,0.000000000,-0.000281095,-3.140858889,1
108.529862,108.529430,-1285.665527,-5.977350,1.123569,0.000000000,-0.000281095,-3.140077591,1
108.579877,108.579430,-1286.093994,-5.978168,1.123690,0.000000000,-0.000281095,-3.139685631,1
108.629957,108.629430,-1286.951172,-5.979776,1.123930,0.000000046,-0.000281095,-3.139797688,1
108.680936,108.679430,-1287.379883,-5.980549,1.124051,0.000000044,-0.000281095,-3.139790535,1
108.730047,108.729430,-1288.237549,-5.981803,1.124292,0.000000177,-0.000281095,-3.140260696,1
108.780995,108.779430,-1288.666504,-5.982174,1.124411,0.000000308,-0.000281095,-3.140728235,1
108.830085,108.829430,-1289.524658,-5.982525,1.124671,0.000008357,0.002606630,-3.141275406,1
108.880070,108.879430,-1289.953369,-5.982528,1.124731,-0.000005859,0.001140356,-3.141576052,1
108.930136,108.929430,-1290.808350,-5.982094,1.125022,-0.000000533,0.001082182,3.140976191,1
108.980146,108.979430,-1291.235474,-5.981745,1.125123,-0.000000533,0.001082182,3.140774965,1
109.030255,109.029430,-1292.090576,-5.981092,1.118310,-0.000034621,-0.001628280,3.140673399,1
109.080242,109.079430,-1292.518677,-5.980647,1.121835,0.000004752,-0.000334859,3.140549660,1
109.129750,109.129430,-1293.375488,-5.979563,1.122198,0.000000334,-0.000280738,3.140334368,1
109.179756,109.179430,-1293.804077,-5.979085,1.122319,0.000000294,-0.000280738,3.140478134,1
109.230735,109.229430,-1294.661865,-5.978422,1.122559,0.000000183,-0.000280738,3.140871525,1
109.280720,109.279430,-1295.091064,-5.978124,1.122680,0.000000176,-0.000280738,3.140898705,1
109.329763,109.329430,-1295.949585,-5.977671,1.122921,0.000000107,-0.000280738,3.141141415,1
109.380721,109.379430,-1296.377686,-5.977446,1.123041,0.000000128,-0.000280738,3.141067266,1
109.430740,109.429430,-1297.232910,-5.977276,1.123281,0.000000000,-0.000280738,-3.141584158,1
109.479760,109.479430,-1297.660767,-5.977384,1.123401,0.000000000,-0.000280738,-3.141340256,1
109.530737,109.529430,-1298.517212,-5.978061,1.123642,0.000000000,-0.000280738,-3.140630245,1
109.579788,109.579430,-1298.945435,-5.978455,1.123762,0.000000011,-0.000280738,-3.140671253,1
109.630806,109.629430,-1299.796631,-5.979283,1.124001,0.000000000,-0.000280738,-3.140523195,1
109.679828,109.679430,-1300.219604,-5.979726,1.124120,0.000000006,-0.000280738,-3.140544891,1
109.729831,109.729430,-1301.063354,-5.980535,1.124356,0.000000059,-0.000280738,-3.140734673,1
109.779811,109.779430,-1301.484863,-5.980828,1.124475,0.000000105,-0.000280738,-3.140897036,1
109.829840,109.829430,-1302.328735,-5.981331,1.125087,-0.000529969,0.003046155,-3.140965939,1
109.879834,109.879430,-1302.751709,-5.981571,1.124789,0.000008982,-0.000032663,-3.141018629,1
109.929857,109.929430,-1303.600220,-5.982054,1.125067,0.000000688,0.000014424,-3.141072512,1
109.980815,109.979430,-1304.025391,-5.982324,1.125185,0.000000694,0.000105977,-3.140955687,1
110.029878,110.029430,-1304.877319,-5.982989,1.116749,-0.000245011,-0.003060937,-3.140879154,1
110.079841,110.079430,-1305.303711,-5.983352,1.124982,0.000014781,0.000142217,-3.140734911,1
110.129867,110.129430,-1306.157837,-5.984186,1.125036,0.000000296,0.000279546,-3.140626192,1
110.180864,110.179430,-1306.585571,-5.984598,1.124917,0.000000295,0.000279546,-3.140629530,1
110.229988,110.229430,-1307.441406,-5.985048,1.124677,0.000000138,0.000279546,-3.141192436,1
110.280851,110.279430,-1307.869629,-5.985080,1.124558,0.000000046,0.000279546,-3.141518593,1
110.330864,110.329430,-1308.726440,-5.984892,1.124318,0.000000000,0.000279546,3.141304016,1
110.380187,110.379430,-1309.153931,-5.984702,1.124198,0.000000000,0.000279546,3.141148329,1
110.429262,110.429430,-1310.008301,-5.984181,1.123959,-0.000000000,0.000279546,3.140935183,1
110.480712,110.479430,-1310.435791,-5.983834,1.123839,0.000000000,0.000279546,3.140782595,1
110.529808,110.529430,-1311.292358,-5.982898,1.123600,0.000000000,0.000279546,3.140386820,1
110.580780,110.579430,-1311.721069,-5.982305,1.123480,0.000000000,0.000279546,3.140208483,1
110.629885,110.629430,-1312.579468,-5.980872,1.123240,0.000000000,0.000279546,3.139817476,1
110.679880,110.679430,-1313.008911,-5.980119,1.123119,0.000000006,0.000279546,3.139838696,1
110.729978,110.729430,-1313.868286,-5.978747,1.122879,0.000000063,0.000279546,3.140041351,1
110.779931,110.779430,-1314.298218,-5.978085,1.122759,0.000000066,0.000279546,3.140053511,1
110.830505,110.829430,-1315.157593,-5.977140,1.122593,-0.000193878,0.000205636,3.140651941,1
110.880043,110.879430,-1315.587280,-5.976876,1.122389,-0.000009587,-0.001028657,3.140976906,1
110.930103,110.929430,-1316.446899,-5.976433,1.122167,0.000000000,-0.001080990,3.141100168,1
110.980125,110.979430,-1316.876343,-5.976405,1.122047,-0.000000533,-0.001080990,3.141526937,1
111.030197,111.029430,-1317.735107,-5.976725,1.122083,-0.000007989,-0.000974297,-3.141090155,1
111.080224,111.079430,-1318.164551,-5.977110,1.125093,0.000018949,0.000225902,-3.140687227,1
111.130717,111.129430,-1319.020752,-5.978509,1.124966,0.000001593,0.000279069,-3.139737844,1
111.179266,111.179430,-1319.448608,-5.979540,1.124847,0.000001748,0.000279069,-3.139180422,1
111.230746,111.229430,-1320.304688,-5.982015,1.124608,0.000001896,0.000279069,-3.138650179,1
111.280720,111.279430,-1320.732910,-5.983382,1.124488,0.000001966,0.000279069,-3.138399839,1
111.329767,111.329430,-1321.587524,-5.985821,1.124250,0.000001809,0.000279069,-3.138960838,1
111.379746,111.379430,-1322.013550,-5.986634,1.124131,0.000001608,0.000279069,-3.139682531,1
111.430746,111.429430,-1322.865601,-5.987501,1.123892,0.000001262,0.000279069,-3.140921593,1
111.480736,111.479430,-1323.291992,-5.987531,1.123773,0.000001095,0.000279069,-3.141521215,1
111.530745,111.529430,-1324.145386,-5.986614,1.123533,0.000000692,0.000279069,3.140221357,1
111.580770,111.579430,-1324.572632,-5.985898,1.123414,0.000000607,0.000279069,3.139914751,1
111.629847,111.629430,-1325.427734,-5.983887,1.123175,0.000000342,0.000279069,3.138966322,1
111.679825,111.679430,-1325.855591,-5.982664,1.123056,0.000000277,0.000279069,3.138732433,1
111.729858,111.729430,-1326.711670,-5.980195,1.122817,0.000000254,0.000279069,3.138648987,1
111.780828,111.779430,-1327.139771,-5.979009,1.122696,0.000000302,0.000279069,3.138821840,1
111.829874,111.829430,-1327.993286,-5.977186,1.122493,0.000033622,-0.000920415,3.139758825,1
111.879866,111.879430,-1328.418823,-5.976672,1.122346,0.000005059,-0.001075387,3.140384197,1
111.930043,111.929430,-1329.269531,-5.976169,1.122111,-0.000000533,-0.001082063,3.141262054,1
111.980071,111.979430,-1329.695312,-5.976195,1.121993,-0.000001065,-0.001082063,-3.141531467,1
112.030135,112.029430,-1330.548218,-5.976788,1.124968,-0.000063383,0.000131011,-3.140631914,1
112.080154,112.079430,-1330.974976,-5.977387,1.125152,-0.000002663,0.000277996,-3.140192986,1
112.130235,112.129430,-1331.825928,-5.978883,1.124919,0.000001653,0.000279546,-3.139742851,1
112.180231,112.179430,-1332.251343,-5.979763,1.124800,0.000001714,0.000279546,-3.139525652,1
112.229772,112.229430,-1333.103271,-5.981609,1.124562,0.000001749,0.000279546,-3.139399290,1
112.280729,112.279430,-1333.530151,-5.982536,1.124442,0.000001744,0.000279546,-3.139419556,1
112.329809,112.329430,-1334.384521,-5.984035,1.124203,0.000001556,0.000279546,-3.140092134,1
112.380779,112.379430,-1334.811890,-5.984466,1.124084,0.000001418,0.000279546,-3.140584707,1
112.429829,112.429430,-1335.667603,-5.984734,1.123845,0.000001170,0.000279546,-3.141470194,1
112.480802,112.479430,-1336.095947,-5.984545,1.123726,0.000001013,0.000279546,3.141151428,1
112.529863,112.529430,-1336.952515,-5.983449,1.123486,0.000000686,0.000279546,3.139981747,1
112.579883,112.579430,-1337.380005,-5.982625,1.123367,0.000000596,0.000279546,3.139662981,1
112.629976,112.629430,-1338.234131,-5.981078,1.123129,0.000000630,0.000279546,3.139784098,1
112.680950,112.679430,-1338.661743,-5.980319,1.123009,0.000000640,0.000279546,3.139816523,1
112.730042,112.729430,-1339.517578,-5.979093,1.122770,0.000000775,0.000279546,3.140301704,1
112.781013,112.779430,-1339.945923,-5.978716,1.122650,0.000000890,0.000279546,3.140712261,1
112.830103,112.829430,-1340.802734,-5.978062,1.122393,-0.000027697,-0.001011848,3.140795469,1
112.880114,112.879430,-1341.231567,-5.977688,1.122283,0.000000100,-0.001081467,3.140722036,1
112.930216,112.929430,-1342.089600,-5.977089,1.122063,-0.000000000,-0.001081467,3.141029835,1
112.979290,112.979430,-1342.518921,-5.976959,1.121944,-0.000000533,-0.001081467,3.141290665,1
113.029784,113.029430,-1343.376587,-5.977208,1.125062,0.000034041,0.000200152,-3.141176939,1
113.080747,113.079430,-1343.803101,-5.977526,1.125099,0.000016798,0.000273824,-3.140843153,1
113.129789,113.129430,-1344.650146,-5.978505,1.124868,0.000000082,0.000278473,-3.140287638,1
113.180754,113.179430,-1345.071655,-5.979117,1.124751,0.000000124,0.000278473,-3.140138626,1
113.229792,113.229430,-1345.913452,-5.980419,1.124516,0.000000166,0.000278473,-3.139987230,1
113.280733,113.279430,-1346.334351,-5.981192,1.124399,0.000000230,0.000278473,-3.139754534,1
113.329777,113.329430,-1347.174805,-5.982697,1.124165,0.000000180,0.000278473,-3.139933825,1
113.380721,113.379430,-1347.594238,-5.983255,1.124048,0.000000089,0.000278473,-3.140262842,1
113.429774,113.429430,-1348.433594,-5.983782,1.123813,-0.000000000,0.000278473,-3.141183853,1
113.480736,113.479430,-1348.854004,-5.983806,1.123696,0.000000000,0.000278473,-3.141536474,1
113.529771,113.529430,-1349.697266,-5.983511,1.123461,0.000000000,0.000278473,3.141115427,1
113.579785,113.579430,-1350.118286,-5.983251,1.123343,0.000000000,0.000278473,3.140976667,1
113.630807,113.629430,-1350.956543,-5.982471,1.123109,0.000000000,0.000278473,3.140559673,1
113.679805,113.679430,-1351.374756,-5.982016,1.122993,0.000000000,0.000278473,3.140503883,1
113.729826,113.729430,-1352.211670,-5.980826,1.122760,0.000000000,0.000278473,3.140070677,1
113.779822,113.779430,-1352.630737,-5.980300,1.122643,0.000000075,0.000278473,3.140338898,1
113.829824,113.829430,-1353.468262,-5.979613,1.122397,-0.000004794,-0.001067996,3.140973806,1
113.880783,113.879430,-1353.886475,-5.979506,1.122302,-0.000000533,-0.001081467,3.141338110,1
113.930809,113.929430,-1354.724243,-5.979762,1.122069,-0.000001598,-0.001081467,-3.141062737,1
113.980793,113.979430,-1355.144043,-5.980107,1.121952,0.000000208,-0.001082063,-3.140771389,1
114.030797,114.029430,-1355.986694,-5.981112,1.125196,0.000047590,0.000252962,-3.140194416,1
114.080782,114.079430,-1356.409546,-5.981891,1.125117,0.000007144,0.000277042,-3.139752388,1
114.129827,114.129430,-1357.257568,-5.983665,1.124882,0.000007226,0.000277042,-3.139455795,1
114.180788,114.179430,-1357.682495,-5.984462,1.124765,0.000007154,0.000277042,-3.139714479,1
114.230806,114.229430,-1358.533569,-5.985752,1.124527,0.000000804,0.000278473,-3.140245676,1
114.279814,114.279430,-1358.959229,-5.986087,1.124408,0.000000648,0.000278473,-3.140803814,1
114.329829,114.329430,-1359.809082,-5.985857,1.124172,0.000000247,0.000278473,3.140940428,1
114.379819,114.379430,-1360.233887,-5.985202,1.124053,0.000000000,0.000278473,3.140052080,1
114.429930,114.429430,-1361.085083,-5.982830,1.123816,0.000000000,0.000278473,3.138473272,1
114.479811,114.479430,-1361.511475,-5.981236,1.123697,0.000000000,0.000278473,3.137856722,1
114.529826,114.529430,-1362.365601,-5.977712,1.123460,-0.000000000,0.000278473,3.137416840,1
114.578875,114.579430,-1362.793213,-5.975901,1.123340,0.000000000,0.000278473,3.137357950,1
114.629916,114.629430,-1363.648682,-5.972750,1.123102,0.000000221,0.000278473,3.138151884,1
114.680885,114.679430,-1364.076538,-5.971571,1.122983,0.000000412,0.000278473,3.138838053,1
114.729926,114.729430,-1364.932617,-5.970242,1.122744,0.000000853,0.000278473,3.140420914,1
114.779933,114.779430,-1365.361084,-5.970002,1.122557,0.000025860,0.001240015,3.141044617,1
114.829987,114.829430,-1366.217896,-5.970541,1.122385,-0.000001065,0.000117183,-3.140634537,1
114.880968,114.879430,-1366.646729,-5.971216,1.122267,-0.000000533,0.000023484,-3.140015841,1
114.930018,114.929430,-1367.504761,-5.973315,1.122030,-0.000000533,-0.000160694,-3.138874531,1
114.980006,114.979430,-1367.934326,-5.974671,1.120572,0.000111274,-0.000774384,-3.138438940,1
115.030048,115.029430,-1368.792603,-5.977557,1.122084,-0.000005326,-0.000278950,-3.138190508,1
115.080034,115.079430,-1369.220581,-5.978880,1.122205,-0.000000533,-0.000278711,-3.138499975,1
115.130142,115.129430,-1370.075073,-5.981250,1.122443,-0.000000533,-0.000278711,-3.138858080,1
115.180124,115.179430,-1370.502441,-5.982311,1.122562,-0.000000533,-0.000278711,-3.139108419,1
115.230235,115.229430,-1371.357666,-5.983753,1.122800,-0.000000533,-0.000278711,-3.140218258,1
115.280231,115.279430,-1371.784790,-5.984033,1.122919,-0.000000533,-0.000278711,-3.140936613,1
115.330759,115.329430,-1372.636719,-5.983576,1.123157,-0.000000533,-0.000278711,3.140699148,1
115.380736,115.379430,-1373.062134,-5.982980,1.123275,-0.000000533,-0.000278711,3.140191317,1
115.429809,115.429430,-1373.913818,-5.981042,1.123513,-0.000000533,-0.000278711,3.139056444,1
115.479793,115.479430,-1374.340454,-5.979849,1.123631,-0.000000533,-0.000278711,3.138795853,1
115.529957,115.529430,-1375.193726,-5.977796,1.123869,-0.000000533,-0.000278711,3.139405727,1
115.580963,115.579430,-1375.620483,-5.976892,1.123988,-0.000000533,-0.000278711,3.139474392,1
115.630062,115.629430,-1376.474487,-5.975375,1.124226,-0.000000533,-0.000278711,3.139977217,1
115.679096,115.679430,-1376.901978,-5.974867,1.124345,-0.000000533,-0.000278711,3.140405893,1
115.730137,115.729430,-1377.757568,-5.974607,1.124836,0.000305978,0.000808597,3.141485214,1
115.780166,115.779430,-1378.185303,-5.974656,1.124701,-0.000077232,0.003151059,-3.141527891,1
115.829764,115.829430,-1379.034790,-5.974902,1.124931,-0.000009055,-0.000080705,-3.141215324,1
115.880252,115.879430,-1379.456787,-5.975137,1.125056,-0.000001065,0.000004768,-3.141035080,1
115.930753,115.929430,-1380.298096,-5.975857,1.124283,0.000160989,-0.000217199,-3.140666723,1
115.979767,115.979430,-1380.718262,-5.976046,1.115895,0.000109533,-0.003364801,-3.140587091,1
116.029783,116.029430,-1381.559448,-5.977045,1.125141,-0.000050067,0.000261068,-3.140401840,1
116.079762,116.079430,-1381.980957,-5.977609,1.125060,0.000005374,0.000276446,-3.140248775,1
116.129778,116.129430,-1382.827026,-5.978987,1.124826,0.000005483,0.000276446,-3.139856339,1
116.179760,116.179430,-1383.251221,-5.979723,1.124708,0.000005483,0.000276446,-3.139856339,1
116.229773,116.229430,-1384.101807,-5.981005,1.124471,0.000000828,0.000277996,-3.140207767,1
116.280728,116.279430,-1384.527100,-5.981473,1.124353,0.000000749,0.000277996,-3.140489817,1
116.329792,116.329430,-1385.376099,-5.981885,1.124117,0.000000536,0.000277996,-3.141257286,1
116.380723,116.379430,-1385.800415,-5.981872,1.123999,0.000000434,0.000277996,3.141560316,1
116.430755,116.429430,-1386.650757,-5.981379,1.123762,0.000000247,0.000277996,3.140888929,1
116.479756,116.479430,-1387.076904,-5.980967,1.123644,0.000000174,0.000277996,3.140628099,1
116.529763,116.529430,-1387.930786,-5.979991,1.123407,0.000000107,0.000277996,3.140385866,1
116.580757,116.579430,-1388.358521,-5.979427,1.123288,0.000000076,0.000277996,3.140274048,1
116.629824,116.629430,-1389.214966,-5.978418,1.123049,0.000000148,0.000277996,3.140534401,1
116.680793,116.679430,-1389.643066,-5.978201,1.122930,0.000000302,0.000277996,3.141085386,1
116.729824,116.729430,-1390.500122,-5.978275,1.122693,0.000000511,0.000277996,-3.141345024,1
116.780777,116.779430,-1390.929199,-5.978494,1.122866,-0.000402670,0.002126217,-3.141108513,1
116.829969,116.829430,-1391.787598,-5.979452,1.122349,0.000005886,-0.001074195,-3.140303850,1
116.880786,116.879430,-1392.217163,-5.980111,1.122227,0.000000719,-0.001082659,-3.140058279,1
116.929822,116.929430,-1393.076050,-5.981288,1.121988,0.000001003,-0.001082659,-3.140320778,1
116.980772,116.979430,-1393.505859,-5.981745,1.117082,-0.000381897,-0.002941966,-3.140501261,1
117.029995,117.029430,-1394.365601,-5.982305,1.125139,-0.000018642,0.000270128,-3.141195059,1
117.080952,117.079430,-1394.795166,-5.982339,1.125030,0.000001412,0.000277400,-3.141512156,1
117.130019,117.129430,-1395.655029,-5.982098,1.124791,0.000001266,0.000277400,3.141144753,1
117.180004,117.179430,-1396.084839,-5.981772,1.124672,0.000001180,0.000277400,3.140833855,1
117.230028,117.229430,-1396.944946,-5.980933,1.124433,0.000001115,0.000277400,3.140601397,1
117.281018,117.279430,-1397.375000,-5.980395,1.124314,0.000001043,0.000277400,3.140341043,1
117.329798,117.329430,-1398.234985,-5.979029,1.124075,0.000000921,0.000277400,3.139901161,1
117.380755,117.379430,-1398.665161,-5.978262,1.123956,0.000000895,0.000277400,3.139809847,1
117.430796,117.429430,-1399.525879,-5.976710,1.123717,0.000000907,0.000277400,3.139851809,1
117.479794,117.479430,-1399.956055,-5.976115,1.123598,0.000001006,0.000277400,3.140209436,1
117.529835,117.529430,-1400.816528,-5.975273,1.123359,0.000001157,0.000277400,3.140753269,1
117.580828,117.579430,-1401.246948,-5.975037,1.123240,0.000001239,0.000277400,3.141045332,1
117.628958,117.629430,-1402.107910,-5.974775,1.123001,0.000001338,0.000277400,3.141404152,1
117.679934,117.679430,-1402.538208,-5.974851,1.122881,0.000001439,0.000277400,-3.141415596,1
117.729997,117.729430,-1403.399170,-5.975538,1.122642,0.000001672,0.000277400,-3.140577316,1
117.779998,117.779430,-1403.829346,-5.976031,1.122636,-0.000176834,0.000463963,-3.140448809,1
117.830062,117.829430,-1404.689209,-5.977576,1.122294,0.000003466,-0.001080274,-3.139515638,1
117.880087,117.879430,-1405.118896,-5.978575,1.122176,0.000000641,-0.001083612,-3.139265060,1
117.930270,117.929430,-1405.977905,-5.980852,1.121918,0.000000253,-0.001083612,-3.138907194,1
117.980177,117.979430,-1406.407593,-5.982032,1.121099,-0.000169910,-0.001374602,-3.138880730,1
118.029768,118.029430,-1407.266235,-5.983745,1.125095,0.000017414,0.000276446,-3.139895201,1
118.079289,118.079430,-1407.695312,-5.984146,1.124981,0.000000511,0.000277042,-3.140657663,1
118.129821,118.129430,-1408.554077,-5.984233,1.124743,0.000000215,0.000277042,3.141459465,1
118.180776,118.179430,-1408.983765,-5.983994,1.124624,0.000000098,0.000277042,3.141036034,1
118.230064,118.229430,-1409.843750,-5.982834,1.124386,0.000000000,0.000277042,3.140024662,1
118.280081,118.279430,-1410.273071,-5.982039,1.124267,0.000000000,0.000277042,3.139742613,1
118.330150,118.329430,-1411.129150,-5.980255,1.124030,0.000000014,0.000277042,3.139533281,1
118.379241,118.379430,-1411.556885,-5.979424,1.123911,0.000000046,0.000277042,3.139649153,1
118.429377,118.429430,-1412.412842,-5.977773,1.123673,0.000000061,0.000277042,3.139702082,1
118.479872,118.479430,-1412.840942,-5.977101,1.123554,0.000000151,0.000277042,3.140024900,1
118.529922,118.529430,-1413.695068,-5.976038,1.123318,0.000000283,0.000277042,3.140502214,1
118.578980,118.579430,-1414.120850,-5.975771,1.123200,0.000000411,0.000277042,3.140964746,1
118.629088,118.629430,-1414.972168,-5.975525,1.122964,0.000000536,0.000277042,3.141416073,1
118.680072,118.679430,-1415.398193,-5.975552,1.122846,0.000000602,0.000277042,-3.141530037,1
118.730121,118.729430,-1416.251221,-5.975848,1.122628,0.000001449,0.002168298,-3.141128778,1
118.779172,118.779430,-1416.676392,-5.976256,1.122653,-0.000501739,-0.000262737,-3.140640020,1
118.830244,118.829430,-1417.521484,-5.977725,1.122266,0.000003338,-0.001081943,-3.139584303,1
118.880765,118.879430,-1417.942627,-5.978793,1.122151,0.000000673,-0.001083136,-3.139055252,1
118.930726,118.929430,-1418.783691,-5.981200,1.120358,0.000097816,-0.001676082,-3.138631105,1
118.980240,118.979430,-1419.204834,-5.982499,1.122434,-0.000339819,-0.000912070,-3.138507128,1
119.030723,119.029430,-1420.046021,-5.984863,1.125084,-0.000001065,0.000274897,-3.138862848,1
119.080266,119.079430,-1420.465942,-5.985858,1.124970,0.000001424,0.000277042,-3.139221430,1
119.130772,119.129430,-1421.306030,-5.987178,1.124738,0.000001131,0.000277042,-3.140277863,1
119.180751,119.179430,-1421.727051,-5.987472,1.124621,0.000000960,0.000277042,-3.140894890,1
119.230774,119.229430,-1422.571045,-5.987471,1.124387,0.000000681,0.000277042,3.141281843,1
119.280759,119.279430,-1422.992798,-5.987115,1.124270,0.000000533,0.000277042,3.140746832,1
119.329339,119.329430,-1423.836792,-5.986018,1.124037,0.000000369,0.000277042,3.140155792,1
119.380776,119.379430,-1424.259644,-5.985360,1.123920,0.000000336,0.000277042,3.140036583,1
119.429803,119.429430,-1425.108276,-5.983946,1.123685,0.000000293,0.000277042,3.139880180,1
119.480765,119.479430,-1425.533569,-5.983107,1.123567,0.000000221,0.000277042,3.139621019,1
119.529805,119.529430,-1426.384644,-5.981415,1.123331,0.000000218,0.000277042,3.139610529,1
119.580793,119.579430,-1426.809204,-5.980629,1.123214,0.000000254,0.000277042,3.139740705,1
119.629902,119.629430,-1427.657349,-5.979392,1.122978,0.000000408,0.000277042,3.140296221,1
119.680881,119.679430,-1428.081665,-5.978993,1.122862,0.000000507,0.000277042,3.140651703,1
119.730907,119.729430,-1428.931396,-5.978368,1.122586,-0.000027164,0.000730753,3.140944481,1
119.780910,119.779430,-1429.355469,-5.978205,1.122726,-0.000454868,0.000275373,3.141252756,1
119.830939,119.829430,-1430.203247,-5.978189,1.122284,0.000000138,-0.001082063,-3.141549826,1
119.880000,119.879430,-1430.627563,-5.978156,1.122168,0.000000139,-0.001084208,3.141510010,1
119.929997,119.929430,-1431.477783,-5.978263,1.121933,0.000000000,-0.001084208,-3.141311407,1
119.980011,119.979430,-1431.903564,-5.978441,1.121400,-0.000021305,-0.001242041,-3.141177654,1
120.030061,120.029430,-1432.754517,-5.979046,1.125098,0.000001642,0.000275969,-3.140711308,1
120.080122,120.079430,-1433.179321,-5.979620,1.124981,0.000001772,0.000275969,-3.140240192,1
120.130189,120.129430,-1434.029785,-5.980947,1.124746,0.000001814,0.000275969,-3.140086889,1
120.180245,120.179430,-1434.455688,-5.981520,1.124629,0.000001770,0.000275969,-3.140246391,1
120.229784,120.229430,-1435.308594,-5.982231,1.124393,0.000001551,0.000275969,-3.141042233,1
120.280758,120.279430,-1435.733521,-5.982288,1.124276,0.000001436,0.000275969,-3.141458750,1
120.330798,120.329430,-1436.578613,-5.981851,1.124043,0.000001216,0.000275969,3.140928507,1
120.379863,120.379430,-1436.999634,-5.981437,1.123925,0.000001128,0.000275969,3.140610933,1
120.430096,120.429430,-1437.841187,-5.980502,1.123693,0.000001078,0.000275969,3.140429258,1
120.480121,120.479430,-1438.262451,-5.979959,1.123577,0.000001043,0.000275969,3.140302658,1
120.530245,120.529430,-1439.107056,-5.978872,1.123343,0.000001067,0.000275969,3.140388966,1
120.580731,120.579430,-1439.530640,-5.978444,1.123226,0.000001120,0.000275969,3.140582561,1
120.629820,120.629430,-1440.380005,-5.977821,1.122991,0.000001239,0.000275969,3.141011477,1
120.680794,120.679430,-1440.805542,-5.977622,1.122874,0.000001269,0.000275969,3.141123056,1
120.729865,120.729430,-1441.658203,-5.977450,1.122638,0.000001358,0.000275969,3.141442776,1
120.780901,120.779430,-1442.084839,-5.977332,1.122622,-0.000207194,0.000519991,3.141397715,1
120.830903,120.829430,-1442.936646,-5.977286,1.122275,0.000000000,-0.001083732,3.141570807,1
120.880900,120.879430,-1443.362793,-5.977258,1.122176,0.000000050,-0.001083732,3.141524792,1
120.929992,120.929430,-1444.216187,-5.977309,1.121941,0.000000000,-0.001083732,-3.141484022,1
120.980961,120.979430,-1444.643677,-5.977295,1.120592,-0.000330232,-0.001534939,3.141577482,1
121.030037,121.029430,-1445.496826,-5.977378,1.125105,0.000000906,0.000275373,-3.141404152,1
121.079090,121.079430,-1445.922485,-5.977511,1.124987,0.000000940,0.000275373,-3.141280890,1
121.130141,121.129430,-1446.774048,-5.977705,1.124753,0.000000927,0.000275373,-3.141327143,1
121.180215,121.179430,-1447.200439,-5.977820,1.124636,0.000000928,0.000275373,-3.141323566,1
121.229772,121.229430,-1448.054443,-5.977989,1.124400,0.000000920,0.000275373,-3.141354084,1
121.280255,121.279430,-1448.481689,-5.977939,1.124282,0.000000822,0.000275373,3.141475439,1
121.329806,121.329430,-1449.335938,-5.977596,1.124046,0.000000729,0.000275373,3.141136408,1
121.380801,121.379430,-1449.763428,-5.977408,1.123929,0.000000733,0.000275373,3.141151667,1
121.429901,121.429430,-1450.619385,-5.977000,1.123692,0.000000731,0.000275373,3.141145706,1
121.480858,121.479430,-1451.047729,-5.976782,1.123574,0.000000714,0.000275373,3.141083479,1
121.529947,121.529430,-1451.903076,-5.976071,1.123337,0.000000585,0.000275373,3.140612841,1
121.579007,121.579430,-1452.329956,-5.975656,1.123220,0.000000587,0.000275373,3.140618801,1
121.629076,121.629430,-1453.183838,-5.975189,1.122985,0.000000745,0.000275373,3.141195297,1
121.680066,121.679430,-1453.611328,-5.975174,1.122866,0.000000845,0.000275373,3.141558886,1
121.730126,121.729430,-1454.467407,-5.975675,1.122623,0.000011509,0.000459552,-3.140805483,1
121.780173,121.779430,-1454.895142,-5.976151,1.122795,-0.000488424,0.000339270,-3.140479803,1
121.829735,121.829430,-1455.748535,-5.977620,1.122286,0.000004254,-0.001080990,-3.139717579,1
121.880228,121.879430,-1456.174805,-5.978431,1.122168,0.000000582,-0.001084566,-3.139688015,1
121.930939,121.929430,-1457.028076,-5.980068,1.121933,0.000000662,-0.001084566,-3.139762163,1
121.980924,121.979430,-1457.455078,-5.980767,1.121185,-0.000446346,-0.001355052,-3.139948606,1
122.029937,122.029430,-1458.308594,-5.981585,1.125094,-0.000000533,0.000273228,-3.140907049,1
122.079938,122.079430,-1458.734619,-5.981518,1.124981,0.000000949,0.000275969,3.141434193,1
122.129939,122.129430,-1459.587158,-5.980643,1.124745,0.000000633,0.000275969,3.140289545,1
122.179958,122.179430,-1460.013916,-5.979952,1.124628,0.000000546,0.000275969,3.139972687,1
122.230920,122.229430,-1460.868774,-5.978200,1.124392,0.000000387,0.000275969,3.139396906,1
122.279949,122.279430,-1461.296875,-5.977180,1.124274,0.000000336,0.000275969,3.139212370,1
122.329948,122.329430,-1462.153931,-5.974992,1.124037,0.000000253,0.000275969,3.138911963,1
122.380930,122.379430,-1462.582275,-5.973877,1.123919,0.000000275,0.000275969,3.138990641,1
122.429952,122.429430,-1463.439697,-5.971894,1.123682,0.000000393,0.000275969,3.139419556,1
122.480919,122.479430,-1463.868774,-5.971062,1.123564,0.000000458,0.000275969,3.139652491,1
122.529946,122.529430,-1464.726562,-5.970100,1.123329,0.000000752,0.000275969,3.140720367,1
122.579956,122.579430,-1465.155640,-5.969881,1.123210,0.000000852,0.000275969,3.141082525,1
122.630053,122.629430,-1466.014648,-5.969828,1.122973,0.000001024,0.000275969,-3.141481876,1
122.680075,122.679430,-1466.444214,-5.970067,1.122854,0.000001146,0.000275969,-3.141038418,1
122.730145,122.729430,-1467.303589,-5.971172,1.122560,-0.000009587,0.001209020,-3.140098095,1
122.780184,122.779430,-1467.733032,-5.971887,1.122706,-0.000497478,0.000045180,-3.139893055,1
122.829812,122.829430,-1468.589355,-5.973414,1.122273,0.000001218,-0.001083136,-3.139770031,1
122.880771,122.879430,-1469.016968,-5.974248,1.122157,0.000001079,-0.001083136,-3.139641047,1
122.930827,122.929430,-1469.872803,-5.976269,1.120730,0.000070715,-0.001539469,-3.139098644,1
122.980848,122.979430,-1470.300781,-5.977281,1.122445,-0.000084156,-0.000847101,-3.139241934,1
123.029934,123.029430,-1471.154785,-5.978973,1.125082,0.000011955,0.000272155,-3.139773846,1
123.079956,123.079430,-1471.581055,-5.979477,1.124968,0.000000000,0.000275373,-3.140407324,1
123.130012,123.129430,-1472.433594,-5.979834,1.124733,0.000000000,0.000275373,-3.141429424,1
123.180980,123.179430,-1472.860474,-5.979741,1.124616,0.000000000,0.000275373,3.141373158,1
123.230062,123.229430,-1473.715332,-5.979211,1.124380,0.000000000,0.000275373,3.140957117,1
123.280089,123.279430,-1474.142822,-5.978817,1.124263,0.000000000,0.000275373,3.140672207,1
123.330200,123.329430,-1474.998413,-5.977797,1.124027,0.000000000,0.000275373,3.140301704,1
123.380746,123.379430,-1475.426880,-5.977178,1.123909,0.000000000,0.000275373,3.140147686,1
123.430759,123.429430,-1476.284668,-5.975883,1.123673,0.000000007,0.000275373,3.140095949,1
123.479785,123.479430,-1476.713745,-5.975344,1.123555,0.000000073,0.000275373,3.140334368,1
123.529835,123.529430,-1477.569702,-5.974689,1.123319,0.000000233,0.000275373,3.140918016,1
123.580841,123.579430,-1477.996582,-5.974474,1.123201,0.000000280,0.000275373,3.141088724,1
123.629979,123.629430,-1478.849854,-5.974547,1.122966,0.000000486,0.000275373,-3.141349554,1
123.680006,123.679430,-1479.276978,-5.974781,1.122849,0.000000570,0.000275373,-3.141046047,1
123.730093,123.729430,-1480.132202,-5.975499,1.122523,0.000048857,0.001459956,-3.140554190,1
123.780155,123.779430,-1480.559814,-5.976066,1.122469,0.000001037,0.000248194,-3.140271425,1
123.829778,123.829430,-1481.415649,-5.977625,1.122260,-0.000000533,0.000017047,-3.139710665,1
123.880752,123.879430,-1481.843506,-5.978455,1.122144,-0.000000533,-0.000075579,-3.139654398,1
123.930832,123.929430,-1482.700317,-5.979983,1.120246,0.000042150,-0.000902414,-3.139877319,1
123.980820,123.979430,-1483.129028,-5.980713,1.121913,-0.000007457,-0.000310421,-3.139888525,1
124.029945,124.029430,-1483.986328,-5.981797,1.122214,0.000000000,-0.000286579,-3.140445948,1
124.080909,124.079430,-1484.415161,-5.982162,1.122337,0.000000084,-0.000286579,-3.140739441,1
124.130019,124.129430,-1485.273438,-5.982427,1.122583,0.000000298,-0.000286579,-3.141484022,1
124.179050,124.179430,-1485.702881,-5.982336,1.122706,0.000000390,-0.000286579,3.141379595,1
124.230098,124.229430,-1486.562500,-5.981755,1.122952,0.000000570,-0.000286579,3.140749931,1
124.280152,124.279430,-1486.992432,-5.981320,1.123075,0.000000619,-0.000286579,3.140580177,1
124.329740,124.329430,-1487.852661,-5.980400,1.123322,0.000000644,-0.000286579,3.140490055,1
124.380240,124.379430,-1488.282959,-5.979867,1.123445,0.000000683,-0.000286579,3.140354633,1
124.429767,124.429430,-1489.143677,-5.978793,1.123692,0.000000682,-0.000286579,3.140358210,1
124.480243,124.479430,-1489.573730,-5.978383,1.123815,0.000000601,-0.000286579,3.140640736,1
124.529764,124.529430,-1490.431030,-5.978024,1.124061,0.000000421,-0.000286579,3.141268969,1
124.580764,124.579430,-1490.859375,-5.978029,1.124183,0.000000324,-0.000286579,-3.141579390,1
124.628900,124.629430,-1491.716553,-5.978331,1.124428,0.000000192,-0.000286579,-3.141115904,1
124.680844,124.679430,-1492.145630,-5.978621,1.124778,0.000274387,0.000380754,-3.140841961,1
124.729912,124.729430,-1493.004150,-5.979703,1.124751,-0.000031958,0.001156926,-3.140166044,1
124.780879,124.779430,-1493.433838,-5.980413,1.124904,-0.000013316,0.001081228,-3.139938593,1
124.830912,124.829430,-1494.292969,-5.982247,1.125154,-0.000009055,0.001078129,-3.139362335,1
124.879949,124.879430,-1494.722656,-5.983227,1.124417,0.000107286,0.000736713,-3.139310360,1
124.930944,124.929430,-1495.582153,-5.984740,1.121791,-0.000017044,-0.000376463,-3.139765501,1
124.979982,124.979430,-1496.011719,-5.985268,1.122113,-0.000017577,-0.000288725,-3.140366793,1
125.030053,125.029430,-1496.870605,-5.985450,1.122367,0.000000174,-0.000287414,3.141501904,1
125.080085,125.079430,-1497.300171,-5.985096,1.122490,0.000000384,-0.000287414,3.140769005,1
125.130186,125.129430,-1498.159668,-5.983757,1.122737,0.000000647,-0.000287414,3.139856339,1
125.180268,125.179430,-1498.589355,-5.982996,1.122861,0.000000657,-0.000287414,3.139820337,1
125.230827,125.229430,-1499.448364,-5.981943,1.123108,0.000000434,-0.000287414,3.140596151,1
125.279837,125.279430,-1499.877930,-5.981630,1.123231,0.000000357,-0.000287414,3.140863180,1
125.329893,125.329430,-1500.736816,-5.981014,1.123478,0.000000339,-0.000287414,3.140926123,1
125.379894,125.379430,-1501.166382,-5.980744,1.123600,0.000000328,-0.000287414,3.140963078,1
125.429956,125.429430,-1502.025757,-5.980233,1.123848,0.000000331,-0.000287414,3.140955925,1
125.478996,125.479430,-1502.455566,-5.979897,1.123971,0.000000372,-0.000287414,3.140810251,1
125.529766,125.529430,-1503.315430,-5.979006,1.124218,0.000000444,-0.000287414,3.140559912,1
125.580760,125.579430,-1503.745117,-5.978664,1.124342,0.000000376,-0.000287414,3.140796900,1
125.629884,125.629430,-1504.604980,-5.978253,1.124875,0.000323271,0.001588225,3.141082525,1
125.679880,125.679430,-1505.034912,-5.978198,1.124927,-0.000281230,0.002454877,3.141465664,1
125.729941,125.729430,-1505.894653,-5.978217,1.124956,0.000002446,-0.000059843,-3.141552210,1
125.779953,125.779430,-1506.324829,-5.978239,1.125081,-0.000001065,0.000029802,-3.141542912,1
125.830001,125.829430,-1507.184937,-5.978406,1.121134,0.000308665,-0.001466274,-3.141479254,1
125.880021,125.879430,-1507.614990,-5.978493,1.118165,-0.000323308,-0.002514601,-3.141350746,1
125.930082,125.929430,-1508.475220,-5.978792,1.125118,-0.000008522,0.000280738,-3.141286612,1
125.980147,125.979430,-1508.905273,-5.978980,1.125003,0.000001687,0.000286579,-3.141154766,1
126.030259,126.029430,-1509.765625,-5.979529,1.124757,0.000001776,0.000286579,-3.140844345,1
126.079764,126.079430,-1510.195801,-5.979978,1.124634,0.000001860,0.000286579,-3.140549183,1
126.130791,126.129430,-1511.056519,-5.981171,1.124387,0.000001984,0.000286579,-3.140117168,1
126.180778,126.179430,-1511.486938,-5.981808,1.124264,0.000001985,0.000286579,-3.140113354,1
126.229835,126.229430,-1512.347656,-5.982690,1.124017,0.000001807,0.000286579,-3.140733242,1
126.280794,126.279430,-1512.777832,-5.982831,1.123894,0.000001656,0.000286579,-3.141263008,1
126.330826,126.329430,-1513.638062,-5.982501,1.123647,0.000001401,0.000286579,3.141033173,1
126.379838,126.379430,-1514.068237,-5.982047,1.123524,0.000001259,0.000286579,3.140535831,1
126.429884,126.429430,-1514.927979,-5.980957,1.123278,0.000001199,0.000286579,3.140327692,1
126.479886,126.479430,-1515.357788,-5.980371,1.123154,0.000001171,0.000286579,3.140229702,1
126.530891,126.529430,-1516.217896,-5.979273,1.122909,0.000001212,0.000286579,3.140373945,1
126.578975,126.579430,-1516.647949,-5.978871,1.122786,0.000001293,0.000286579,3.140655279,1
126.630048,126.629430,-1517.508301,-5.978369,1.122539,0.000001405,0.000286579,3.141047955,1
126.680126,126.679430,-1517.938232,-5.978206,1.122415,0.000000624,0.000129461,3.141212940,1
126.730238,126.729430,-1518.798706,-5.978268,1.122170,-0.000001065,-0.000058293,-3.141319036,1
126.780740,126.779430,-1519.228882,-5.978462,1.122048,-0.000000533,-0.000153184,-3.141142130,1
126.830784,126.829430,-1520.089478,-5.978915,1.121955,0.000000000,-0.000284910,-3.141060591,1
126.880781,126.879430,-1520.519287,-5.979041,1.122075,0.000000069,-0.000284910,-3.141301632,1
126.929877,126.929430,-1521.376221,-5.979288,1.122321,0.000000056,-0.000284910,-3.141257286,1
126.980843,126.979430,-1521.804199,-5.979476,1.122442,0.000000026,-0.000284910,-3.141153097,1
127.029806,127.029430,-1522.660889,-5.979800,1.122688,0.000000046,-0.000284910,-3.141222477,1
127.079788,127.079430,-1523.089600,-5.980001,1.122811,0.000000018,-0.000284910,-3.141123533,1
127.129859,127.129430,-1523.945435,-5.980358,1.123056,0.000000050,-0.000284910,-3.141235352,1
127.179843,127.179430,-1524.372437,-5.980562,1.123178,0.000000016,-0.000284910,-3.141115427,1
127.229903,127.229430,-1525.226807,-5.981009,1.123423,0.000000003,-0.000284910,-3.141072035,1
127.279903,127.279430,-1525.654663,-5.981199,1.123546,0.000000025,-0.000284910,-3.141146898,1
127.330250,127.329430,-1526.511230,-5.981590,1.123791,0.000000017,-0.000284910,-3.141120195,1
127.379756,127.379430,-1526.939819,-5.981867,1.123914,0.000000000,-0.000284910,-3.140944481,1
127.429818,127.429430,-1527.797363,-5.982880,1.124159,0.000000000,-0.000284910,-3.140152216,1
127.480787,127.479430,-1528.226196,-5.983622,1.124282,0.000000000,-0.000284910,-3.139861584,1
127.529876,127.529430,-1529.084351,-5.985158,1.124507,0.000036972,-0.000255942,-3.139845848,1
127.580865,127.579430,-1529.513550,-5.985812,1.124684,-0.000038882,0.002862930,-3.139976978,1
127.629975,127.629430,-1530.372803,-5.986813,1.124905,0.000000085,0.001078606,-3.140623808,1
127.680017,127.679430,-1530.802490,-5.987085,1.125010,-0.000000533,0.001078606,-3.140959263,1
127.730045,127.729430,-1531.661987,-5.987052,1.125233,0.000028577,0.001067400,3.141349554,1
127.780102,127.779430,-1532.092163,-5.986680,1.117125,0.000000029,-0.002101660,3.141013622,1
127.830186,127.829430,-1532.949951,-5.985372,1.122090,-0.000013316,-0.000287294,3.139745474,1
127.880289,127.879430,-1533.377808,-5.984349,1.122218,0.000000742,-0.000286221,3.139203310,1
127.930760,127.929430,-1534.233276,-5.981803,1.122463,0.000000935,-0.000286221,3.138525963,1
127.978890,127.979430,-1534.661377,-5.980422,1.122585,0.000000981,-0.000286221,3.138365746,1
128.030906,128.029430,-1535.518066,-5.977538,1.122831,0.000000999,-0.000286221,3.138302088,1
128.080883,128.079430,-1535.945557,-5.976245,1.122953,0.000000923,-0.000286221,3.138568401,1
128.129941,128.129430,-1536.797363,-5.974026,1.123197,0.000000733,-0.000286221,3.139233589,1
128.178970,128.179430,-1537.222412,-5.973341,1.123318,0.000000519,-0.000286221,3.139979601,1
128.230294,128.229430,-1538.073242,-5.972902,1.123562,0.000000076,-0.000286221,3.141527414,1
128.280790,128.279430,-1538.499023,-5.973282,1.123684,0.000000000,-0.000286221,-3.140700579,1
128.329864,128.329430,-1539.349487,-5.974874,1.123927,0.000000000,-0.000286221,-3.139371395,1
128.380843,128.379430,-1539.774048,-5.976011,1.124049,-0.000000000,-0.000286221,-3.138913870,1
128.429487,128.429430,-1540.623901,-5.978771,1.124292,0.000000000,-0.000286221,-3.138195038,1
128.480007,128.479430,-1541.049438,-5.980246,1.124413,0.000000000,-0.000286221,-3.138127089,1
128.530117,128.529430,-1541.901978,-5.983230,1.124548,-0.000003728,0.003029108,-3.138078928,1
128.580201,128.579430,-1542.327637,-5.984571,1.124723,-0.000008522,0.001152635,-3.138429403,1
128.629977,128.629430,-1543.178589,-5.986810,1.125011,-0.000002131,0.001078606,-3.139152050,1
128.680763,128.679430,-1543.604126,-5.987549,1.125133,-0.000002663,0.001078606,-3.139855146,1
128.729794,128.729430,-1544.456177,-5.988219,1.117586,-0.000052731,-0.001916885,-3.141343594,1
128.780768,128.779430,-1544.882935,-5.988022,1.121820,-0.000002663,-0.000354528,3.141125441,1
128.829827,128.829430,-1545.737793,-5.987038,1.122214,0.000000629,-0.000285745,3.140270710,1
128.880789,128.879430,-1546.165894,-5.986380,1.122336,0.000000691,-0.000285745,3.140055180,1
128.930824,128.929430,-1547.023071,-5.984980,1.122581,0.000000719,-0.000285745,3.139959097,1
128.980809,128.979430,-1547.452026,-5.984233,1.122704,0.000000749,-0.000285745,3.139851809,1
129.029951,129.029430,-1548.310181,-5.982657,1.122949,0.000000764,-0.000285745,3.139800310,1
129.079858,129.079430,-1548.738281,-5.982080,1.123071,0.000000637,-0.000285745,3.140244007,1
129.130084,129.129430,-1549.593506,-5.981226,1.123316,0.000000513,-0.000285745,3.140676260,1
129.180898,129.179430,-1550.021484,-5.980845,1.123438,0.000000506,-0.000285745,3.140702248,1
129.229966,129.229430,-1550.878662,-5.980121,1.123683,0.000000485,-0.000285745,3.140773773,1
129.279986,129.279430,-1551.307251,-5.979990,1.123804,0.000000339,-0.000285745,3.141288042,1
129.330048,129.329430,-1552.164062,-5.980136,1.124049,0.000000184,-0.000285745,-3.141354561,1
129.380094,129.379430,-1552.592651,-5.980354,1.124172,0.000000107,-0.000285745,-3.141086102,1
129.430217,129.429430,-1553.450439,-5.980984,1.124417,0.000000017,-0.000285745,-3.140770435,1
129.480720,129.479430,-1553.879639,-5.981432,1.124645,0.000166394,-0.000068426,-3.140552998,1
129.530795,129.529430,-1554.738892,-5.982603,1.125202,-0.000889496,0.000515580,-3.140064955,1
129.580813,129.579430,-1555.168457,-5.983413,1.124911,-0.000040480,-0.000076294,-3.139705896,1
129.629962,129.629430,-1556.027100,-5.985016,1.125152,-0.000001065,0.000083685,-3.139811754,1
129.678975,129.679430,-1556.456787,-5.985671,1.124920,0.000336552,0.000019670,-3.140045404,1
129.730037,129.729430,-1557.315918,-5.986410,1.123359,-0.000690291,-0.000652671,-3.140534401,1
129.780108,129.779430,-1557.745239,-5.986719,1.125118,0.000015614,0.000243425,-3.140851021,1
129.830233,129.829430,-1558.602051,-5.987161,1.124937,-0.000000533,0.000285029,-3.141117096,1
129.880256,129.879430,-1559.030151,-5.987311,1.124815,-0.000000533,0.000285029,-3.141241550,1
129.929837,129.929430,-1559.887207,-5.987308,1.124571,-0.000000533,0.000285029,3.141416788,1
129.980809,129.979430,-1560.316040,-5.987110,1.124449,-0.000000533,0.000285029,3.141131401,1
130.029875,130.029430,-1561.174072,-5.986335,1.124205,-0.000000533,0.000285029,3.140669107,1
130.080849,130.079430,-1561.602783,-5.985851,1.124082,-0.000000533,0.000285029,3.140463829,1
130.130895,130.129430,-1562.460449,-5.984571,1.123838,-0.000000533,0.000285029,3.139957666,1
130.178965,130.179430,-1562.889648,-5.983795,1.123716,-0.000000533,0.000285029,3.139783621,1
130.230035,130.229430,-1563.748413,-5.982207,1.123471,-0.000000533,0.000285029,3.139831543,1
130.279099,130.279430,-1564.176880,-5.981500,1.123349,-0.000000533,0.000285029,3.139939070,1
130.330206,130.329430,-1565.032837,-5.980415,1.123105,-0.000000533,0.000285029,3.140385866,1
130.380721,130.379430,-1565.460938,-5.979998,1.122983,-0.000000533,0.000285029,3.140616894,1
130.428959,130.429430,-1566.317993,-5.979468,1.122739,-0.000000533,0.000285029,3.141019583,1
130.479947,130.479430,-1566.746826,-5.979203,1.122770,-0.000259925,0.002808571,3.141160727,1
130.530027,130.529430,-1567.604370,-5.978566,1.122362,0.000003907,-0.001073122,3.140794754,1
130.580197,130.579430,-1568.032837,-5.978316,1.122261,0.000000280,-0.001077652,3.141010284,1
130.629768,130.629430,-1568.890259,-5.977986,1.122018,0.000000000,-0.001077652,3.141285896,1
130.680760,130.679430,-1569.319336,-5.977999,1.116329,-0.000020240,-0.003209948,3.141356707,1
130.729819,130.729430,-1570.176514,-5.978343,1.125132,-0.000049535,0.000259995,-3.140999079,1
130.780784,130.779430,-1570.603394,-5.978662,1.125053,0.000004351,0.000284433,-3.140842676,1
130.830932,130.829430,-1571.454834,-5.979136,1.124810,0.000004286,0.000284433,-3.141071796,1
130.880804,130.879430,-1571.880249,-5.979379,1.124689,0.000004300,0.000284433,-3.141021013,1
130.929879,130.929430,-1572.732422,-5.979978,1.124447,0.000004350,0.000284433,-3.140846491,1
130.980837,130.979430,-1573.158813,-5.980278,1.124326,0.000004338,0.000284433,-3.140888453,1
131.029898,131.029430,-1574.010010,-5.980924,1.124084,0.000004372,0.000284433,-3.140765905,1
131.078950,131.079430,-1574.435425,-5.981295,1.123963,0.000004385,0.000284433,-3.140720367,1
131.129977,131.129430,-1575.287964,-5.981913,1.123720,0.000004314,0.000284433,-3.140970707,1
131.180006,131.179430,-1575.714966,-5.982113,1.123599,0.000004271,0.000284433,-3.141121864,1
131.230102,131.229430,-1576.568115,-5.982407,1.123356,0.000004231,0.000284433,-3.141264200,1
131.280156,131.279430,-1576.994141,-5.982407,1.123235,0.000004137,0.000284433,3.141591787,1
131.329767,131.329430,-1577.847168,-5.982010,1.122992,0.000003964,0.000284433,3.140983105,1
131.379755,131.379430,-1578.274292,-5.981677,1.122871,0.000003915,0.000284433,3.140812397,1
131.429819,131.429430,-1579.129761,-5.980944,1.122643,-0.000013848,0.002115011,3.140774727,1
131.480793,131.479430,-1579.557617,-5.980654,1.122471,0.000000000,0.000274897,3.140924215,1
131.530854,131.529430,-1580.413818,-5.980038,1.122263,0.000000578,0.000015497,3.140898943,1
131.579923,131.579430,-1580.842163,-5.979669,1.122142,0.000000488,-0.000078440,3.140728951,1
131.630044,131.629430,-1581.698975,-5.979072,1.118443,-0.000019707,-0.001594782,3.140774250,1
131.680105,131.679430,-1582.126953,-5.978789,1.121859,0.000016886,-0.000335455,3.140924692,1
131.730191,131.729430,-1582.978149,-5.978642,1.122219,0.000000000,-0.000284553,3.141556978,1
131.780267,131.779430,-1583.401978,-5.978706,1.122339,0.000000000,-0.000284553,-3.141442060,1
131.829828,131.829430,-1584.248657,-5.979072,1.122580,0.000000000,-0.000284553,-3.141053915,1
131.880791,131.879430,-1584.672363,-5.979357,1.122701,0.000000000,-0.000284553,-3.140919209,1
131.929861,131.929430,-1585.521240,-5.980057,1.122942,0.000000000,-0.000284553,-3.140650749,1
131.979995,131.979430,-1585.946655,-5.980525,1.123063,0.000000000,-0.000284553,-3.140491962,1
132.030100,132.029430,-1586.799194,-5.981393,1.123306,0.000000030,-0.000284553,-3.140597105,1
132.080151,132.079430,-1587.226074,-5.981694,1.123427,0.000000113,-0.000284553,-3.140887499,1
132.129791,132.129430,-1588.080933,-5.981824,1.123671,0.000000327,-0.000284553,3.141545296,1
132.180305,132.179430,-1588.508911,-5.981602,1.123792,0.000000461,-0.000284553,3.141072989,1
132.230893,132.229430,-1589.365112,-5.981042,1.124036,0.000000497,-0.000284553,3.140947342,1
132.279935,132.279430,-1589.793701,-5.980761,1.124158,0.000000500,-0.000284553,3.140936613,1
132.330999,132.329430,-1590.651978,-5.980222,1.124401,0.000000490,-0.000284553,3.140970469,1
132.380086,132.379430,-1591.081543,-5.979942,1.124523,0.000000499,-0.000284553,3.140939713,1
132.430193,132.429430,-1591.940918,-5.979266,1.124726,0.000005025,0.001138687,3.140788317,1
132.480271,132.479430,-1592.371094,-5.978902,1.124877,0.000000109,0.001082182,3.140746832,1
132.529869,132.529430,-1593.231201,-5.978269,1.125124,0.000001485,0.001079202,3.140915871,1
132.580863,132.579430,-1593.661499,-5.978054,1.125246,0.000001677,0.001079202,3.141093493,1
132.629040,132.629430,-1594.521851,-5.977472,1.121825,0.000007941,-0.000348449,3.141049147,1
132.679086,132.679430,-1594.952148,-5.977293,1.122081,0.000009624,-0.000287771,3.141178846,1
132.730181,132.729430,-1595.812500,-5.976850,1.122330,0.000000004,-0.000284076,3.141070604,1
132.780223,132.779430,-1596.242798,-5.976635,1.122453,0.000000000,-0.000284076,3.141091347,1
132.830777,132.829430,-1597.103394,-5.976487,1.122697,-0.000000000,-0.000284076,3.141510010,1
132.880788,132.879430,-1597.533813,-5.976538,1.122819,0.000000000,-0.000284076,-3.141474724,1
132.929867,132.929430,-1598.392456,-5.976570,1.123063,0.000000060,-0.000284076,3.141523600,1
132.980821,132.979430,-1598.820557,-5.976573,1.123185,0.000000039,-0.000284076,-3.141586781,1
133.029909,133.029430,-1599.676392,-5.976648,1.123428,0.000000007,-0.000284076,-3.141474009,1
133.079920,133.079430,-1600.104492,-5.976638,1.123550,0.000000047,-0.000284076,3.141569138,1
133.129976,133.129430,-1600.961060,-5.976565,1.123793,0.000000060,-0.000284076,3.141524792,1
133.179039,133.179430,-1601.388428,-5.976562,1.123914,0.000000043,-0.000284076,3.141583920,1
133.230077,133.229430,-1602.242432,-5.976703,1.124157,0.000000000,-0.000284076,-3.141351700,1
133.280142,133.279430,-1602.669800,-5.976920,1.124278,0.000000000,-0.000284076,-3.141085386,1
133.330215,133.329430,-1603.525757,-5.977637,1.124521,0.000000000,-0.000284076,-3.140706778,1
133.380725,133.379430,-1603.953857,-5.978155,1.124673,-0.000020773,0.002593398,-3.140325308,1
133.429830,133.429430,-1604.807617,-5.979656,1.124864,-0.000012251,-0.000069618,-3.139652252,1
133.479755,133.479430,-1605.233032,-5.980596,1.125003,-0.000001065,-0.000028729,-3.139383316,1
133.529750,133.529430,-1606.083374,-5.982544,1.125245,0.000000605,0.000154972,-3.139353514,1
133.580934,133.579430,-1606.509033,-5.983346,1.118710,0.000191149,-0.002324223,-3.139471769,1
133.629824,133.629430,-1607.360962,-5.984573,1.125070,-0.000037284,0.000222087,-3.140433311,1
133.679815,133.679430,-1607.785889,-5.984786,1.125088,-0.000004794,0.000281215,-3.141092300,1
133.729819,133.729430,-1608.635864,-5.984428,1.124852,0.000000200,0.000283360,3.140914679,1
133.780787,133.779430,-1609.061157,-5.983957,1.124732,0.000000077,0.000283360,3.140483618,1
133.829928,133.829430,-1609.913696,-5.982471,1.124490,0.000000000,0.000283360,3.139679193,1
133.880791,133.879430,-1610.340576,-5.981612,1.124369,0.000000000,0.000283360,3.139580250,1
133.929834,133.929430,-1611.195801,-5.979769,1.124127,0.000000000,0.000283360,3.139419794,1
133.979805,133.979430,-1611.623901,-5.978893,1.124005,0.000000036,0.000283360,3.139545679,1
134.029840,134.029430,-1612.480713,-5.977538,1.123763,0.000000209,0.000283360,3.140155792,1
134.080767,134.079430,-1612.909546,-5.977098,1.123641,0.000000325,0.000283360,3.140566587,1
134.129798,134.129430,-1613.766724,-5.977108,1.123398,0.000000710,0.000283360,-3.141259193,1
134.180769,134.179430,-1614.195312,-5.977346,1.123278,0.000000774,0.000283360,-3.141035318,1
134.229803,134.229430,-1615.052368,-5.978213,1.123035,0.000000928,0.000283360,-3.140490294,1
134.280777,134.279430,-1615.480957,-5.978626,1.122914,0.000000888,0.000283360,-3.140630245,1
134.330769,134.329430,-1616.338379,-5.979410,1.122671,0.000000857,0.000283360,-3.140741825,1
134.379775,134.379430,-1616.766724,-5.979662,1.122549,0.000000783,0.000283360,-3.141003609,1
134.429797,134.429430,-1617.620850,-5.979990,1.122305,0.000001103,0.000056982,-3.141217947,1
134.480751,134.479430,-1618.047607,-5.980032,1.122187,0.000000918,-0.000041723,-3.141495228,1
134.530759,134.529430,-1618.901733,-5.979874,1.121947,0.000000861,-0.000228405,3.141259670,1
134.580778,134.579430,-1619.329224,-5.979651,1.121933,0.000000180,-0.000280976,3.141069651,1
134.629846,134.629430,-1620.182739,-5.979263,1.122170,0.000000016,-0.000282884,3.141198397,1
134.678905,134.679430,-1620.608765,-5.979231,1.122291,0.000000000,-0.000282884,3.141515970,1
134.730862,134.729430,-1621.460938,-5.979401,1.122532,0.000000000,-0.000282884,-3.141366720,1
134.778942,134.779430,-1621.887573,-5.979459,1.122652,0.000000026,-0.000282884,-3.141456842,1
134.829940,134.829430,-1622.742188,-5.979646,1.122894,0.000000011,-0.000282884,-3.141392708,1
134.878986,134.879430,-1623.169312,-5.979647,1.123015,0.000000067,-0.000282884,-3.141590118,1
134.930027,134.929430,-1624.021362,-5.979558,1.123257,0.000000090,-0.000282884,3.141512156,1
134.980083,134.979430,-1624.447144,-5.979556,1.123378,0.000000069,-0.000282884,3.141586304,1
135.030195,135.029430,-1625.299805,-5.979473,1.123619,0.000000117,-0.000282884,3.141415596,1
135.080249,135.079430,-1625.726196,-5.979313,1.123739,0.000000173,-0.000282884,3.141218424,1
135.129831,135.129430,-1626.573853,-5.979244,1.123979,0.000000043,-0.000282884,-3.141505480,1
135.180807,135.179430,-1626.995239,-5.979482,1.124099,0.000000000,-0.000282884,-3.141027689,1
135.229878,135.229430,-1627.836060,-5.980224,1.124337,0.000000000,-0.000282884,-3.140622377,1
135.279910,135.279430,-1628.256104,-5.980793,1.124456,0.000000000,-0.000282884,-3.140237093,1
135.330000,135.329430,-1629.096313,-5.982311,1.125077,-0.000441019,0.003256917,-3.139741182,1
135.380057,135.379430,-1629.516113,-5.983044,1.124801,-0.000066579,-0.000030398,-3.139858007,1
135.429182,135.429430,-1630.354614,-5.984344,1.125050,-0.000001065,0.000003219,-3.140135050,1
135.479236,135.479430,-1630.774170,-5.984753,1.125168,-0.000001065,0.000094295,-3.140621424,1
135.529102,135.529430,-1631.616211,-5.985036,1.115860,-0.000065514,-0.003400564,-3.141492844,1
135.580174,135.579430,-1632.038696,-5.984950,1.123991,-0.000618919,-0.000360131,3.141411543,1
135.629778,135.629430,-1632.885864,-5.984153,1.125055,0.000011667,0.000282884,3.140443802,1
135.680746,135.679430,-1633.310791,-5.983483,1.124937,-0.000000533,0.000282288,3.140017271,1
135.729818,135.729430,-1634.162109,-5.981701,1.124696,-0.000000533,0.000282288,3.139419794,1
135.779817,135.779430,-1634.588501,-5.980679,1.124576,-0.000000533,0.000282288,3.139194965,1
135.829866,135.829430,-1635.440918,-5.978815,1.124335,-0.000000533,0.000282288,3.139492273,1
135.879892,135.879430,-1635.865723,-5.978080,1.124215,-0.000000533,0.000282288,3.139861345,1
135.929972,135.929430,-1636.713989,-5.976921,1.123976,-0.000000533,0.000282288,3.140372038,1
135.979066,135.979430,-1637.138306,-5.976480,1.123855,-0.000000533,0.000282288,3.140555143,1
136.030173,136.029430,-1637.988281,-5.975845,1.123616,-0.000000533,0.000282288,3.140885592,1
136.080231,136.079430,-1638.413574,-5.975654,1.123495,-0.000000533,0.000282288,3.141142130,1
136.129816,136.129430,-1639.263184,-5.975789,1.123255,-0.000000533,0.000282288,-3.141208410,1
136.180791,136.179430,-1639.688354,-5.976089,1.123135,-0.000000533,0.000282288,-3.140886068,1
136.230865,136.229430,-1640.540283,-5.977082,1.122895,-0.000000533,0.000282288,-3.140314579,1
136.279900,136.279430,-1640.967041,-5.977626,1.122775,-0.000000533,0.000282288,-3.140317202,1
136.330045,136.329430,-1641.821167,-5.978834,1.122639,-0.000213586,0.000531673,-3.140131950,1
136.380069,136.379430,-1642.248535,-5.979312,1.122402,-0.000011718,-0.001012683,-3.140472412,1
136.430168,136.429430,-1643.103882,-5.980138,1.122182,0.000000373,-0.001079321,-3.140698671,1
136.480221,136.479430,-1643.531494,-5.980325,1.122061,0.000000866,-0.001079321,-3.141155958,1
136.529789,136.529430,-1644.387817,-5.980303,1.120945,-0.000033023,-0.001413226,3.141471624,1
136.578834,136.579430,-1644.816406,-5.980144,1.125068,0.000021321,0.000209928,3.141231298,1
136.628925,136.629430,-1645.674316,-5.979581,1.124978,0.000000000,0.000281811,3.140827417,1
136.678931,136.679430,-1646.103760,-5.979207,1.124857,0.000000000,0.000281811,3.140721798,1
136.729984,136.729430,-1646.962891,-5.978470,1.124615,0.000000000,0.000281811,3.140718937,1
136.780043,136.779430,-1647.392578,-5.978133,1.124494,0.000000027,0.000281811,3.140812635,1
136.830143,136.829430,-1648.251221,-5.977353,1.124252,0.000000000,0.000281811,3.140669584,1
136.879222,136.879430,-1648.678833,-5.976907,1.124131,0.000000000,0.000281811,3.140551329,1
136.928811,136.929430,-1649.532349,-5.975919,1.123891,0.000000035,0.000281811,3.140496492,1
136.979787,136.979430,-1649.958862,-5.975575,1.123770,0.000000117,0.000281811,3.140787363,1
137.030141,137.029430,-1650.812256,-5.975029,1.123530,0.000000162,0.000281811,3.140946627,1
137.080197,137.079430,-1651.238037,-5.974860,1.123410,0.000000231,0.000281811,3.141193628,1
137.129797,137.129430,-1652.088745,-5.974673,1.123170,0.000000312,0.000281811,3.141480207,1
137.179817,137.179430,-1652.514282,-5.974734,1.123051,0.000000384,0.000281811,-3.141448736,1
137.229856,137.229430,-1653.367310,-5.975204,1.122810,0.000000523,0.000281811,-3.140956402,1
137.279882,137.279430,-1653.794678,-5.975539,1.122690,0.000000564,0.000281811,-3.140810013,1
137.331175,137.329430,-1654.650391,-5.976378,1.122447,0.000001237,0.000160336,-3.140484810,1
137.380265,137.379430,-1655.078735,-5.977007,1.122326,0.000001318,0.000067115,-3.140124083,1
137.429846,137.429430,-1655.936035,-5.978418,1.122086,0.000000979,-0.000119448,-3.139888763,1
137.478883,137.479430,-1656.365234,-5.979211,1.121966,0.000000837,-0.000212550,-3.139747858,1
137.529956,137.529430,-1657.223267,-5.980550,1.122031,-0.000000533,-0.000281811,-3.140145779,1
137.580078,137.579430,-1657.652344,-5.981147,1.122152,-0.000000533,-0.000281811,-3.140202284,1
137.630198,137.629430,-1658.510742,-5.982424,1.122394,-0.000000533,-0.000281811,-3.140155792,1
137.680272,137.679430,-1658.939819,-5.982880,1.122515,-0.000000533,-0.000281811,-3.140530825,1
137.729836,137.729430,-1659.798340,-5.983176,1.122757,-0.000000533,-0.000281811,-3.141481638,1
137.780810,137.779430,-1660.227905,-5.983081,1.122878,-0.000000533,-0.000281811,3.141374588,1
137.829901,137.829430,-1661.087158,-5.982296,1.123120,-0.000000533,-0.000281811,3.140491486,1
137.880912,137.879430,-1661.516968,-5.981730,1.123241,-0.000000533,-0.000281811,3.140275955,1
137.930051,137.929430,-1662.376953,-5.980422,1.123484,-0.000000533,-0.000281811,3.140062809,1
137.979122,137.979430,-1662.807007,-5.979818,1.123605,-0.000000533,-0.000281811,3.140188932,1
138.030206,138.029430,-1663.666626,-5.978610,1.123847,-0.000000533,-0.000281811,3.140170574,1
138.080264,138.079430,-1664.095093,-5.977999,1.123968,-0.000000533,-0.000281811,3.140166044,1
138.129854,138.129430,-1664.950439,-5.977193,1.124209,-0.000000533,-0.000281811,3.140811443,1
138.179877,138.179430,-1665.378052,-5.976971,1.124329,-0.000000533,-0.000281811,3.141071796,1
138.230141,138.229430,-1666.234009,-5.977047,1.124671,0.000117380,0.000592828,-3.141342640,1
138.280186,138.279430,-1666.662109,-5.977364,1.124694,0.000034376,0.002552390,-3.140890598,1
138.329772,138.329430,-1667.516113,-5.978298,1.124917,-0.000011718,0.001084328,-3.140377522,1
138.380741,138.379430,-1667.942749,-5.978917,1.125040,-0.000008522,0.001081824,-3.140143394,1
138.430854,138.429430,-1668.797363,-5.980395,1.124013,0.000137060,0.000581622,-3.139808655,1
138.480873,138.479430,-1669.225586,-5.981188,1.116624,-0.000009055,-0.002296448,-3.139783859,1
138.529955,138.529430,-1670.081787,-5.982430,1.122113,0.000015511,-0.000287056,-3.140377760,1
138.579097,138.579430,-1670.510010,-5.982706,1.122240,-0.000000533,-0.000281572,-3.140949011,1
138.630193,138.629430,-1671.366577,-5.982943,1.122481,-0.000000533,-0.000281572,-3.141448736,1
138.680715,138.679430,-1671.794800,-5.982771,1.122602,-0.000000533,-0.000281572,3.141191483,1
138.729801,138.729430,-1672.651978,-5.981978,1.122843,-0.000000533,-0.000281572,3.140550613,1
138.779805,138.779430,-1673.080688,-5.981588,1.122964,-0.000000533,-0.000281572,3.140682459,1
138.829852,138.829430,-1673.937622,-5.981410,1.123205,-0.000000533,-0.000281572,3.141538382,1
138.879853,138.879430,-1674.366211,-5.981490,1.123326,-0.000000533,-0.000281572,-3.141405344,1
138.930931,138.929430,-1675.223755,-5.981662,1.123567,-0.000000533,-0.000281572,-3.141332865,1
138.979034,138.979430,-1675.652588,-5.981775,1.123688,-0.000000533,-0.000281572,-3.141325474,1
139.030113,139.029430,-1676.510376,-5.981814,1.123929,-0.000000533,-0.000281572,3.141581535,1
139.079186,139.079430,-1676.938232,-5.981857,1.124050,-0.000000533,-0.000281572,-3.141492844,1
139.130270,139.129430,-1677.792603,-5.981871,1.124290,-0.000000533,-0.000281572,3.141590834,1
139.179779,139.179430,-1678.219849,-5.981985,1.124411,-0.000000533,-0.000281572,-3.141325474,1
139.229830,139.229430,-1679.074707,-5.982263,1.124680,-0.000017577,0.002580046,-3.141201973,1
139.279838,139.279430,-1679.502441,-5.982356,1.124766,0.000037311,0.001150966,-3.141231775,1
139.330873,139.329430,-1680.358887,-5.982566,1.125002,0.000001045,0.001082182,-3.141303062,1
139.378943,139.379430,-1680.787476,-5.982630,1.125142,0.000000892,0.001082182,-3.141444206,1
139.430019,139.429430,-1681.643921,-5.982366,1.118168,0.000204827,-0.001697302,3.141334534,1
139.480067,139.479430,-1682.072632,-5.982209,1.121830,0.000005085,-0.000338435,3.141232491,1
139.530171,139.529430,-1682.928711,-5.981729,1.122199,0.000000268,-0.000281095,3.140903473,1
139.580248,139.579430,-1683.355957,-5.981329,1.122319,0.000000338,-0.000281095,3.140656233,1
139.629861,139.629430,-1684.210571,-5.980540,1.122559,0.000000324,-0.000281095,3.140706778,1
139.680861,139.679430,-1684.638184,-5.980303,1.122679,0.000000231,-0.000281095,3.141037703,1
139.730952,139.729430,-1685.494385,-5.979981,1.122920,0.000000167,-0.000281095,3.141264200,1
139.780030,139.779430,-1685.922974,-5.979923,1.123040,0.000000113,-0.000281095,3.141457319,1
139.830142,139.829430,-1686.780762,-5.980092,1.123281,0.000000000,-0.000281095,-3.141211510,1
139.880191,139.879430,-1687.209595,-5.980288,1.123402,0.000000000,-0.000281095,-3.141135693,1
139.929782,139.929430,-1688.067627,-5.980952,1.123643,0.000000000,-0.000281095,-3.140671253,1
139.980732,139.979430,-1688.496826,-5.981492,1.123764,0.000000000,-0.000281095,-3.140333652,1
140.030768,140.029430,-1689.355591,-5.982708,1.124005,0.000000013,-0.000281095,-3.140200138,1
140.079775,140.079430,-1689.785156,-5.983318,1.124126,0.000000005,-0.000281095,-3.140171766,1
140.129811,140.129430,-1690.644165,-5.984221,1.124367,0.000000138,-0.000281095,-3.140644550,1
140.179818,140.179430,-1691.073853,-5.984523,1.124488,0.000000207,-0.000281095,-3.140889883,1
140.230872,140.229430,-1691.933594,-5.984897,1.124957,-0.000339819,0.002333998,-3.141419172,1
140.278908,140.279430,-1692.363525,-5.984853,1.124840,-0.000047404,-0.000041366,3.141331911,1
140.329955,140.329430,-1693.223389,-5.984485,1.125090,-0.000000533,0.000033021,3.141093016,1
140.379997,140.379430,-1693.653076,-5.984097,1.125211,-0.000001065,0.000125766,3.140687227,1
140.430069,140.429430,-1694.513062,-5.983120,1.118331,-0.000347809,-0.002457142,3.140295744,1
140.479140,140.479430,-1694.942505,-5.982627,1.125002,0.000000635,0.000169992,3.140445948,1
140.530205,140.529430,-1695.798828,-5.982022,1.125007,0.000000000,0.000280142,3.141110897,1
140.578804,140.579430,-1696.226685,-5.981925,1.124887,0.000000072,0.000280142,3.141367674,1
140.629879,140.629430,-1697.082764,-5.982234,1.124647,0.000000308,0.000280142,-3.140974283,1
140.680885,140.679430,-1697.511108,-5.982619,1.124527,0.000000388,0.000280142,-3.140688419,1
140.731007,140.729430,-1698.367676,-5.983797,1.124287,0.000000540,0.000280142,-3.140146017,1
140.780070,140.779430,-1698.794678,-5.984446,1.124167,0.000000562,0.000280142,-3.140068293,1
140.830184,140.829430,-1699.647583,-5.985779,1.123928,0.000000558,0.000280142,-3.140080214,1
140.880223,140.879430,-1700.074341,-5.986398,1.123808,0.000000541,0.000280142,-3.140141249,1
140.929787,140.929430,-1700.928345,-5.987155,1.123569,0.000000321,0.000280142,-3.140929222,1
140.979795,140.979430,-1701.355225,-5.987201,1.123450,0.000000165,0.000280142,-3.141485214,1
141.030847,141.029430,-1702.206665,-5.986525,1.123211,0.000000000,0.000280142,3.140427828,1
141.078928,141.079430,-1702.631958,-5.985759,1.123092,-0.000000000,0.000280142,3.139793873,1
141.130043,141.129430,-1703.483887,-5.983659,1.122853,0.000000000,0.000280142,3.138927937,1
141.180050,141.179430,-1703.910400,-5.982458,1.122734,0.000000000,0.000280142,3.138777494,1
141.230167,141.229430,-1704.761963,-5.979993,1.122471,-0.000162453,-0.000468254,3.138828278,1
141.280199,141.279430,-1705.187012,-5.978825,1.122377,-0.000010653,-0.001055241,3.138844013,1
141.329788,141.329430,-1706.036987,-5.976709,1.122149,-0.000001065,-0.001080155,3.139178991,1
141.380789,141.379430,-1706.462402,-5.975892,1.122029,-0.000001598,-0.001080155,3.139672756,1
141.429893,141.429430,-1707.314453,-5.974831,1.122906,-0.000557666,-0.000790715,3.140624046,1
141.480941,141.479430,-1707.741333,-5.974498,1.125111,0.000017061,0.000232220,3.140828848,1
141.530057,141.529430,-1708.595093,-5.974558,1.124952,-0.000000533,0.000280142,-3.141229630,1
141.580189,141.579430,-1709.022095,-5.974939,1.124832,-0.000000533,0.000280142,-3.140701294,1
141.629790,141.629430,-1709.877441,-5.976166,1.124593,-0.000000533,0.000280142,-3.139950514,1
141.679791,141.679430,-1710.305542,-5.976977,1.124473,-0.000000533,0.000280142,-3.139695644,1
141.729847,141.729430,-1711.162964,-5.978745,1.124233,-0.000000533,0.000280142,-3.139542580,1
141.780830,141.779430,-1711.592041,-5.979601,1.124112,-0.000000533,0.000280142,-3.139597654,1
141.830906,141.829430,-1712.449829,-5.980803,1.123873,-0.000000533,0.000280142,-3.140395880,1
141.880005,141.879430,-1712.878540,-5.981040,1.123753,-0.000000533,0.000280142,-3.141043186,1
141.930111,141.929430,-1713.735840,-5.980824,1.123513,-0.000000533,0.000280142,3.141110420,1
141.979838,141.979430,-1714.163452,-5.980430,1.123393,-0.000000533,0.000280142,3.140669346,1
142.029940,142.029430,-1715.016968,-5.978896,1.123155,-0.000000533,0.000280142,3.139626503,1
142.078989,142.079430,-1715.443726,-5.978004,1.123036,-0.000000533,0.000280142,3.139503717,1
142.130072,142.129430,-1716.298218,-5.975981,1.122796,-0.000000533,0.000280142,3.139203310,1
142.180123,142.179430,-1716.726074,-5.974977,1.122676,-0.000000533,0.000280142,3.139245033,1
142.230244,142.229430,-1717.580078,-5.973346,1.122407,0.000015365,-0.000973940,3.139884710,1
142.279783,142.279430,-1718.006714,-5.972862,1.122325,0.000003695,-0.001077413,3.140452862,1
142.330873,142.329430,-1718.859863,-5.972517,1.122091,-0.000001065,-0.001081824,3.141424894,1
142.378991,142.379430,-1719.286987,-5.972692,1.121971,0.000000071,-0.001082063,-3.141185522,1
142.430080,142.429430,-1720.141968,-5.973884,1.124995,-0.000076699,0.000151873,-3.139873266,1
142.480112,142.479430,-1720.569458,-5.974915,1.125125,-0.000012251,0.000273228,-3.139182806,1
142.530228,142.529430,-1721.422607,-5.977316,1.124895,0.000002248,0.000279546,-3.138774395,1
142.579791,142.579430,-1721.849121,-5.978510,1.124776,0.000002243,0.000279546,-3.138793468,1
142.629933,142.629430,-1722.703247,-5.980626,1.124537,0.000002112,0.000279546,-3.139260054,1
142.679973,142.679430,-1723.130737,-5.981454,1.124417,0.000002001,0.000279546,-3.139656782,1
142.730092,142.729430,-1723.986206,-5.982344,1.124178,0.000001628,0.000279546,-3.140990257,1
142.780166,142.779430,-1724.413696,-5.982241,1.124059,0.000001392,0.000279546,3.141351700,1
142.829794,142.829430,-1725.269653,-5.981219,1.123819,0.000001066,0.000279546,3.140182734,1
142.880256,142.879430,-1725.697876,-5.980392,1.123700,0.000000920,0.000279546,3.139660597,1
142.929893,142.929430,-1726.554443,-5.978570,1.123461,0.000000884,0.000279546,3.139531612,1
142.978976,142.979430,-1726.982666,-5.977625,1.123341,0.000000843,0.000279546,3.139387608,1
143.030042,143.029430,-1727.839233,-5.975770,1.123102,0.000000884,0.000279546,3.139533281,1
143.080107,143.079430,-1728.267578,-5.975014,1.122983,0.000000967,0.000279546,3.139828205,1
143.130197,143.129430,-1729.124756,-5.974141,1.122743,0.000001234,0.000279546,3.140783310,1
143.180225,143.179430,-1729.553833,-5.973925,1.122618,-0.000025034,0.001574874,3.141060352,1
143.230755,143.229430,-1730.410156,-5.973912,1.122381,-0.000027697,-0.001041531,-3.141520262,1
143.278815,143.279430,-1730.837280,-5.974061,1.122275,0.000000768,-0.001080274,-3.141242981,1
143.329833,143.329430,-1731.691895,-5.974863,1.122038,-0.000000000,-0.001080274,-3.140406370,1
143.379862,143.379430,-1732.119507,-5.975517,1.120235,0.000063457,-0.001732230,-3.140050650,1
143.429969,143.429430,-1732.976074,-5.976947,1.125102,-0.000026632,0.000236511,-3.139867783,1
143.480020,143.479430,-1733.404785,-5.977716,1.125075,-0.000000533,0.000277400,-3.139799356,1
143.530103,143.529430,-1734.262451,-5.979475,1.124839,0.000001372,0.000278473,-3.139562845,1
143.580162,143.579430,-1734.691406,-5.980318,1.124720,0.000001354,0.000278473,-3.139628887,1
143.630243,143.629430,-1735.549072,-5.981511,1.124481,0.000001150,0.000278473,-3.140361547,1
143.679774,143.679430,-1735.977417,-5.981813,1.124361,0.000001003,0.000278473,-3.140887737,1
143.729819,143.729430,-1736.832520,-5.981652,1.124123,0.000000672,0.000278473,3.141108990,1
143.779847,143.779430,-1737.259766,-5.981204,1.124004,0.000000515,0.000278473,3.140543699,1
143.829940,143.829430,-1738.115234,-5.979609,1.123765,0.000000239,0.000278473,3.139552355,1
143.880008,143.879430,-1738.543457,-5.978564,1.123645,0.000000128,0.000278473,3.139153242,1
143.930135,143.929430,-1739.400269,-5.976290,1.123407,0.000000059,0.000278473,3.138905048,1
143.980187,143.979430,-1739.828735,-5.975273,1.123287,0.000000146,0.000278473,3.139219284,1
144.029776,144.029430,-1740.685913,-5.973612,1.123048,0.000000329,0.000278473,3.139874697,1
144.080762,144.079430,-1741.114624,-5.973063,1.122929,0.000000451,0.000278473,3.140312910,1
144.129857,144.129430,-1741.972412,-5.972722,1.122689,0.000000791,0.000278473,3.141533852,1
144.180862,144.179430,-1742.400635,-5.972956,1.122900,-0.000467651,0.001999378,-3.141067505,1
144.229995,144.229430,-1743.255005,-5.974366,1.122342,0.000006267,-0.001074552,-3.139648199,1
144.280055,144.279430,-1743.681641,-5.975430,1.122223,0.000001105,-0.001082063,-3.139097214,1
144.330156,144.329430,-1744.535889,-5.977851,1.121984,0.000000610,-0.001082063,-3.138639927,1
144.380227,144.379430,-1744.963501,-5.979179,1.117424,-0.000241815,-0.002806782,-3.138545513,1
144.429831,144.429430,-1745.818237,-5.981684,1.125138,0.000028489,0.000277042,-3.138659239,1
144.478843,144.479430,-1746.245483,-5.982819,1.125028,0.000000689,0.000278473,-3.138936996,1
144.529956,144.529430,-1747.100220,-5.984750,1.124789,0.000000521,0.000278473,-3.139540434,1
144.580065,144.579430,-1747.527954,-5.985504,1.124670,0.000000441,0.000278473,-3.139828920,1
144.630192,144.629430,-1748.383911,-5.986360,1.124432,0.000000134,0.000278473,-3.140929699,1
144.680264,144.679430,-1748.812012,-5.986357,1.124313,0.000000000,0.000278473,3.141585588,1
144.730802,144.729430,-1749.668823,-5.985897,1.124074,0.000000000,0.000278473,3.140879393,1
144.780850,144.779430,-1750.097656,-5.985433,1.123955,0.000000000,0.000278473,3.140510559,1
144.829956,144.829430,-1750.955933,-5.983954,1.123716,0.000000000,0.000278473,3.139654875,1
144.880015,144.879430,-1751.385376,-5.982983,1.123596,0.000000000,0.000278473,3.139333010,1
144.930128,144.929430,-1752.242920,-5.981014,1.123358,0.000000021,0.000278473,3.139333963,1
144.980186,144.979430,-1752.670898,-5.979987,1.123239,-0.000000000,0.000278473,3.139190912,1
145.029748,145.029430,-1753.526733,-5.978125,1.123001,0.000000092,0.000278473,3.139519930,1
145.080740,145.079430,-1753.955078,-5.977326,1.122881,0.000000150,0.000278473,3.139727592,1
145.129823,145.129430,-1754.812256,-5.976277,1.122642,0.000000391,0.000278473,3.140593767,1
145.180834,145.179430,-1755.240845,-5.976114,1.122641,-0.000190682,0.000411749,3.141211271,1
145.230970,145.229430,-1756.098511,-5.976169,1.122293,0.000002758,-0.001080155,-3.141422272,1
145.280040,145.279430,-1756.527466,-5.976428,1.122176,0.000000143,-0.001082659,-3.140989780,1
145.330146,145.329430,-1757.385742,-5.977419,1.121937,-0.000001065,-0.001082659,-3.140313864,1
145.380187,145.379430,-1757.814941,-5.978118,1.120986,-0.000429301,-0.001428604,-3.139939070,1
145.429783,145.429430,-1758.673584,-5.979657,1.125093,-0.000000533,0.000275373,-3.139745474,1
145.480766,145.479430,-1759.103027,-5.980549,1.124979,0.000001707,0.000277996,-3.139515162,1
145.530122,145.529430,-1759.961670,-5.982712,1.124740,0.000001834,0.000277996,-3.139061213,1
145.580004,145.579430,-1760.390625,-5.983742,1.124621,0.000001798,0.000277996,-3.139190674,1
145.630072,145.629430,-1761.248901,-5.985614,1.124382,0.000001710,0.000277996,-3.139507055,1
145.679126,145.679430,-1761.677979,-5.986297,1.124263,0.000001572,0.000277996,-3.140002012,1
145.730196,145.729430,-1762.534790,-5.986445,1.124024,0.000001065,0.000277996,3.141359568,1
145.780247,145.779430,-1762.963257,-5.986028,1.123905,0.000000859,0.000277996,3.140619755,1
145.830818,145.829430,-1763.821045,-5.984532,1.123667,0.000000590,0.000277996,3.139649391,1
145.879869,145.879430,-1764.250244,-5.983576,1.123548,0.000000511,0.000277996,3.139367104,1
145.930968,145.929430,-1765.109497,-5.981497,1.123309,0.000000454,0.000277996,3.139159918,1
145.980049,145.979430,-1765.539185,-5.980522,1.123189,0.000000499,0.000277996,3.139322758,1
146.030158,146.029430,-1766.398926,-5.978699,1.122950,0.000000535,0.000277996,3.139452457,1
146.079222,146.079430,-1766.828613,-5.977883,1.122831,0.000000602,0.000277996,3.139695168,1
146.129781,146.129430,-1767.686890,-5.976604,1.122673,-0.000035686,0.002475142,3.140258551,1
146.178841,146.179430,-1768.114624,-5.976123,1.122320,-0.000131560,-0.000925660,3.140458345,1
146.229887,146.229430,-1768.968750,-5.975681,1.122247,0.000000439,-0.001082539,3.141247988,1
146.279948,146.279430,-1769.395630,-5.975765,1.122128,0.000000000,-0.001082539,-3.141395569,1
146.330051,146.329430,-1770.250732,-5.976367,1.115647,0.000044996,-0.003485441,-3.140637159,1
146.380098,146.379430,-1770.678345,-5.976752,1.124411,-0.000487358,-0.000204086,-3.140664339,1
146.430175,146.429430,-1771.534668,-5.977808,1.125051,0.000009189,0.000275969,-3.140218973,1
146.478269,146.479430,-1771.963257,-5.978506,1.124933,0.000009259,0.000275969,-3.139966249,1
146.530781,146.529430,-1772.821167,-5.980035,1.124696,0.000009293,0.000275969,-3.139843941,1
146.578924,146.579430,-1773.250244,-5.980695,1.124576,0.000001098,0.000277400,-3.140053272,1
146.630023,146.629430,-1774.108521,-5.981468,1.124338,0.000000867,0.000277400,-3.140883684,1
146.680086,146.679430,-1774.537964,-5.981590,1.124219,0.000000750,0.000277400,-3.141306162,1
146.730186,146.729430,-1775.396484,-5.981290,1.123981,0.000000549,0.000277400,3.141154766,1
146.779259,146.779430,-1775.825684,-5.980986,1.123862,0.000000474,0.000277400,3.140883684,1
146.830785,146.829430,-1776.684692,-5.980064,1.123623,0.000000354,0.000277400,3.140453100,1
146.878871,146.879430,-1777.114502,-5.979542,1.123504,0.000000333,0.000277400,3.140376568,1
146.929977,146.929430,-1777.972412,-5.978432,1.123266,0.000000298,0.000277400,3.140250444,1
146.979042,146.979430,-1778.400391,-5.977853,1.123147,0.000000295,0.000277400,3.140238762,1
147.030117,147.029430,-1779.256104,-5.976830,1.122910,0.000000378,0.000277400,3.140537739,1
147.080161,147.079430,-1779.684204,-5.976511,1.122790,0.000000463,0.000277400,3.140843153,1
147.129756,147.129430,-1780.540527,-5.976462,1.122552,0.000000698,0.000277400,-3.141492844,1
147.178792,147.179430,-1780.968384,-5.976664,1.122432,-0.000000533,0.000154495,-3.141119003,1
147.229835,147.229430,-1781.821777,-5.977452,1.122197,-0.000000533,-0.000029325,-3.140530109,1
147.278881,147.279430,-1782.248291,-5.977988,1.122080,-0.000000533,-0.000120401,-3.140334368,1
147.329797,147.329430,-1783.102295,-5.979046,1.121918,-0.000000533,-0.000274897,-3.140362978,1
147.380862,147.379430,-1783.529297,-5.979619,1.122031,-0.000000533,-0.000277400,-3.140253305,1
147.429981,147.429430,-1784.381470,-5.981043,1.122268,-0.000000533,-0.000277400,-3.139840603,1
147.480050,147.479430,-1784.807617,-5.981879,1.122386,-0.000000533,-0.000277400,-3.139633417,1
147.530156,147.529430,-1785.660889,-5.983414,1.122622,-0.000000533,-0.000277400,-3.139913082,1
147.580236,147.579430,-1786.087891,-5.983935,1.122741,-0.000000533,-0.000277400,-3.140372276,1
147.629822,147.629430,-1786.942505,-5.984478,1.122978,-0.000000533,-0.000277400,-3.141231060,1
147.678870,147.679430,-1787.369019,-5.984240,1.123096,-0.000000533,-0.000277400,3.141033173,1
147.729937,147.729430,-1788.222046,-5.982965,1.123333,-0.000000533,-0.000277400,3.139816523,1
147.780007,147.779430,-1788.649048,-5.981969,1.123451,-0.000000533,-0.000277400,3.139257908,1
147.830157,147.829430,-1789.504517,-5.979483,1.123689,-0.000000533,-0.000277400,3.138513565,1
147.880174,147.879430,-1789.932495,-5.978175,1.123807,-0.000000533,-0.000277400,3.138536453,1
147.929757,147.929430,-1790.789062,-5.975718,1.124045,-0.000000533,-0.000277400,3.138820887,1
147.978801,147.979430,-1791.217407,-5.974687,1.124164,-0.000000533,-0.000277400,3.139187098,1
148.029880,148.029430,-1792.074951,-5.973049,1.124402,-0.000000533,-0.000277400,3.139919996,1
148.079949,148.079430,-1792.503540,-5.972630,1.124521,-0.000000533,-0.000277400,3.140614510,1
148.130074,148.129430,-1793.360718,-5.972531,1.124781,-0.000222108,0.001626134,-3.141434431,1
148.180132,148.179430,-1793.788086,-5.972918,1.124849,-0.000013848,-0.000057936,-3.140696287,1
148.230017,148.229430,-1794.641724,-5.974381,1.125113,0.000000607,0.000048518,-3.139632225,1
148.280071,148.279430,-1795.068604,-5.975355,1.125231,0.000000670,0.000139594,-3.139310837,1
148.330179,148.329430,-1795.923828,-5.977428,1.119935,-0.000506000,-0.001939654,-3.138961792,1
148.378262,148.379430,-1796.351318,-5.978616,1.125057,-0.000038882,0.000169396,-3.138812065,1
148.430438,148.429430,-1797.204834,-5.980998,1.124994,0.000001051,0.000276446,-3.138918400,1
148.479995,148.479430,-1797.631470,-5.982022,1.124876,0.000000975,0.000276446,-3.139193058,1
148.530104,148.529430,-1798.486572,-5.983788,1.124639,0.000000855,0.000276446,-3.139628172,1
148.579218,148.579430,-1798.914673,-5.984541,1.124520,0.000000799,0.000276446,-3.139830112,1
148.628820,148.629430,-1799.771362,-5.985466,1.124284,0.000000540,0.000276446,-3.140767813,1
148.679860,148.679430,-1800.199951,-5.985566,1.124165,0.000000376,0.000276446,-3.141359568,1
148.729997,148.729430,-1801.057495,-5.985254,1.123928,0.000000141,0.000276446,3.140974760,1
148.780066,148.779430,-1801.486328,-5.984814,1.123809,0.000000028,0.000276446,3.140567064,1
148.830160,148.829430,-1802.344604,-5.983360,1.123572,0.000000000,0.000276446,3.139722109,1
148.879236,148.879430,-1802.774170,-5.982440,1.123453,0.000000000,0.000276446,3.139449120,1
148.929803,148.929430,-1803.633301,-5.980596,1.123216,0.000000000,0.000276446,3.139410257,1
148.980830,148.979430,-1804.062622,-5.979709,1.123096,0.000000033,0.000276446,3.139529943,1
149.029946,149.029430,-1804.921875,-5.978069,1.122859,0.000000093,0.000276446,3.139744997,1
149.080004,149.079430,-1805.351807,-5.977320,1.122740,0.000000122,0.000276446,3.139851809,1
149.130099,149.129430,-1806.210449,-5.976349,1.122538,-0.000188019,-0.000043273,3.140707731,1
149.180166,149.179430,-1806.638062,-5.976111,1.122379,-0.000010120,-0.001041055,3.141036034,1
149.230244,149.229430,-1807.491089,-5.976351,1.122158,0.000000130,-0.001084208,-3.141033173,1
149.278824,149.279430,-1807.917358,-5.976736,1.122041,0.000000000,-0.001084208,-3.140689611,1
149.330878,149.329430,-1808.770630,-5.977955,1.122290,-0.000199204,-0.000878453,-3.140054941,1
149.379977,149.379430,-1809.198120,-5.978691,1.125096,-0.000027164,0.000228524,-3.139874697,1
149.430223,149.429430,-1810.053833,-5.980597,1.124968,0.000001707,0.000275969,-3.139157772,1
149.480750,149.479430,-1810.482300,-5.981773,1.124850,0.000001794,0.000275969,-3.138844967,1
149.529826,149.529430,-1811.338867,-5.983898,1.124614,0.000001684,0.000275969,-3.139243364,1
149.578949,149.579430,-1811.767334,-5.984872,1.124495,0.000001662,0.000275969,-3.139320612,1
149.629491,149.629430,-1812.624756,-5.986542,1.124259,0.000001526,0.000275969,-3.139815569,1
149.680029,149.679430,-1813.053223,-5.986941,1.124141,0.000001292,0.000275969,-3.140662193,1
149.730083,149.729430,-1813.909180,-5.986704,1.123903,0.000000864,0.000275969,3.140969753,1
149.779151,149.779430,-1814.337402,-5.986232,1.123785,0.000000732,0.000275969,3.140490294,1
149.829832,149.829430,-1815.194214,-5.984432,1.123549,0.000000365,0.000275969,3.139159918,1
149.880841,149.879430,-1815.622803,-5.983097,1.123431,0.000000177,0.000275969,3.138479233,1
149.930112,149.929430,-1816.480591,-5.979924,1.123194,0.000000000,0.000275969,3.137728453,1
149.979210,149.979430,-1816.909912,-5.978185,1.123075,-0.000000000,0.000275969,3.137541056,1
150.029820,150.029430,-1817.768188,-5.974947,1.122839,0.000000132,0.000275969,3.138018608,1
150.080846,150.079430,-1818.197510,-5.973631,1.122720,0.000000272,0.000275969,3.138526201,1
150.129914,150.129430,-1819.052246,-5.971980,1.122542,-0.000409062,-0.000528574,3.140147686,1
150.179982,150.179430,-1819.476685,-5.971796,1.122367,-0.000023968,-0.001061559,3.141158581,1
150.231027,150.229430,-1820.321167,-5.972885,1.122143,0.000000271,-0.001083136,-3.139793396,1
150.279115,150.279430,-1820.742432,-5.973949,1.122027,-0.000000533,-0.001083136,-3.139066696,1
150.330179,150.329430,-1821.584595,-5.977049,1.122771,-0.000597081,-0.000856876,-3.137392759,1
150.378279,150.379430,-1822.005615,-5.979042,1.125111,0.000015110,0.000225902,-3.136840582,1
150.431031,150.429430,-1822.845947,-5.983412,1.124964,0.000001021,0.000275969,-3.136357307,1
150.480103,150.479430,-1823.266113,-5.985548,1.124848,0.000000979,0.000275969,-3.136508465,1
150.530182,150.529430,-1824.107788,-5.989062,1.124616,0.000000645,0.000275969,-3.137717009,1
150.578760,150.579430,-1824.529785,-5.990383,1.124500,0.000000440,0.000275969,-3.138461828,1
150.629817,150.629430,-1825.373901,-5.992075,1.124267,0.000000048,0.000275969,-3.139880657,1
150.678896,150.679430,-1825.796021,-5.992445,1.124150,0.000000000,0.000275969,-3.140715361,1
150.729947,150.729430,-1826.640747,-5.992185,1.123917,0.000000000,0.000275969,3.140881300,1
150.780006,150.779430,-1827.064331,-5.991606,1.123800,-0.000000000,0.000275969,3.140225172,1
150.830060,150.829430,-1827.913818,-5.989658,1.123566,-0.000000000,0.000275969,3.139053106,1
150.880108,150.879430,-1828.339600,-5.988390,1.123448,0.000000000,0.000275969,3.138614416,1
150.930182,150.929430,-1829.192871,-5.985459,1.123213,0.000000000,0.000275969,3.137983322,1
150.978267,150.979430,-1829.620117,-5.983891,1.123095,0.000000000,0.000275969,3.137924194,1
151.029367,151.029430,-1830.475708,-5.980772,1.122859,0.000000021,0.000275969,3.137984276,1
151.079912,151.079430,-1830.903687,-5.979407,1.122741,0.000000136,0.000275969,3.138401747,1
151.129490,151.129430,-1831.756714,-5.977247,1.122495,0.000006533,0.000229001,3.139299631,1
151.180028,151.179430,-1832.181885,-5.976588,1.122387,0.000002100,0.000121474,3.140042305,1
151.229631,151.229430,-1833.031738,-5.976219,1.122156,0.000000802,-0.000059843,3.141518354,1
151.280178,151.279430,-1833.456787,-5.976433,1.122039,0.000000750,-0.000150204,-3.141090155,1
151.329764,151.329430,-1834.309204,-5.977405,1.121954,-0.000000533,-0.000274301,-3.140225172,1
151.379793,151.379430,-1834.736084,-5.978178,1.122069,-0.000000533,-0.000274301,-3.139781237,1
151.430888,151.429430,-1835.590332,-5.980496,1.122304,-0.000000533,-0.000274301,-3.138664722,1
151.479963,151.479430,-1836.017822,-5.981814,1.122422,-0.000000533,-0.000274301,-3.138510466,1
151.530064,151.529430,-1836.873413,-5.984414,1.122658,-0.000000533,-0.000274301,-3.138514280,1
151.580148,151.579430,-1837.301514,-5.985675,1.122776,-0.000000533,-0.000274301,-3.138645649,1
151.630281,151.629430,-1838.158691,-5.988101,1.123012,-0.000000533,-0.000274301,-3.138798475,1
151.678879,151.679430,-1838.587280,-5.989114,1.123130,-0.000000533,-0.000274301,-3.139228344,1
151.729504,151.729430,-1839.444336,-5.990499,1.123366,-0.000000533,-0.000274301,-3.140272617,1
151.780044,151.779430,-1839.872803,-5.990695,1.123484,-0.000000533,-0.000274301,-3.141134739,1
151.829683,151.829430,-1840.729614,-5.990115,1.123721,-0.000000533,-0.000274301,3.140497208,1
151.878274,151.879430,-1841.158447,-5.989316,1.123838,-0.000000533,-0.000274301,3.139729023,1
151.930842,151.929430,-1842.014038,-5.986920,1.124074,-0.000000533,-0.000274301,3.138473272,1
151.980036,151.979430,-1842.440918,-5.985404,1.124193,-0.000000533,-0.000274301,3.138040304,1
152.030135,152.029430,-1843.294434,-5.982166,1.124427,-0.000000533,-0.000274301,3.137819290,1
152.078239,152.079430,-1843.721802,-5.980601,1.124546,-0.000000533,-0.000274301,3.137931585,1
152.130285,152.129430,-1844.575317,-5.977846,1.124839,-0.000335558,0.001114726,3.138639927,1
152.180823,152.179430,-1845.001221,-5.976899,1.124873,-0.000036219,-0.000064611,3.139372587,1
152.229478,152.229430,-1845.853882,-5.975903,1.125132,-0.000000533,0.000061870,3.140725851,1
152.280030,152.279430,-1846.280640,-5.975825,1.125249,-0.000001065,0.000152349,3.141411066,1
152.329708,152.329430,-1847.135376,-5.976300,1.121253,-0.000636495,-0.001461148,-3.140583754,1
152.380191,152.379430,-1847.563232,-5.976948,1.125082,0.000002425,0.000198126,-3.140059948,1
152.429815,152.429430,-1848.419312,-5.978903,1.124977,0.000000337,0.000274897,-3.139148712,1
152.478877,152.479430,-1848.847900,-5.980048,1.124859,0.000000399,0.000274897,-3.138921261,1
152.529945,152.529430,-1849.705444,-5.982632,1.124623,0.000000498,0.000274897,-3.138559341,1
152.580070,152.579430,-1850.134277,-5.983924,1.124505,0.000000493,0.000274897,-3.138580561,1
152.630170,152.629430,-1850.992188,-5.986075,1.124270,0.000000285,0.000274897,-3.139336586,1
152.679246,152.679430,-1851.421021,-5.986935,1.124152,0.000000216,0.000274897,-3.139586687,1
152.729372,152.729430,-1852.278198,-5.987936,1.123916,0.000000000,0.000274897,-3.140707731,1
152.779934,152.779430,-1852.706787,-5.988183,1.123798,-0.000000000,0.000274897,-3.141013622,1
152.829569,152.829430,-1853.564697,-5.988188,1.123563,0.000000000,0.000274897,3.141395569,1
152.880100,152.879430,-1853.993896,-5.987913,1.123445,0.000000000,0.000274897,3.140951157,1
152.929738,152.929430,-1854.852661,-5.986825,1.123209,0.000000000,0.000274897,3.140191078,1
152.978758,152.979430,-1855.282349,-5.986109,1.123091,-0.000000000,0.000274897,3.139924765,1
153.030799,153.029430,-1856.142090,-5.984354,1.122854,0.000000000,0.000274897,3.139433146,1
153.080861,153.079430,-1856.572266,-5.983379,1.122736,0.000000000,0.000274897,3.139328480,1
153.130010,153.129430,-1857.432129,-5.981743,1.122547,-0.000183758,0.000029325,3.139823437,1
153.180060,153.179430,-1857.862183,-5.981082,1.122376,-0.000009587,-0.001039863,3.140054464,1
153.230153,153.229430,-1858.722290,-5.980284,1.122156,-0.000000533,-0.001085400,3.140859365,1
153.278238,153.279430,-1859.152466,-5.980060,1.122038,-0.000000533,-0.001085400,3.141074181,1
153.330287,153.329430,-1860.012939,-5.979863,1.122430,-0.000336624,-0.000815153,3.141476631,1
153.380816,153.379430,-1860.442749,-5.979963,1.125098,-0.000028229,0.000230074,-3.141362190,1
153.429490,153.429430,-1861.299927,-5.980683,1.124966,0.000000955,0.000274301,-3.140606642,1
153.480006,153.479430,-1861.728271,-5.981143,1.124848,0.000000979,0.000274301,-3.140518904,1
153.529624,153.529430,-1862.585327,-5.982206,1.124613,0.000001026,0.000274301,-3.140346050,1
153.580172,153.579430,-1863.014282,-5.982743,1.124495,0.000001028,0.000274301,-3.140341043,1
153.629765,153.629430,-1863.872192,-5.983860,1.124260,0.000001020,0.000274301,-3.140366793,1
153.678852,153.679430,-1864.299805,-5.984315,1.124143,0.000000976,0.000274301,-3.140527964,1
153.729931,153.729430,-1865.154053,-5.984768,1.123908,0.000000780,0.000274301,-3.141242504,1
153.779994,153.779430,-1865.581421,-5.984731,1.123791,0.000000660,0.000274301,3.141503572,1
153.830077,153.829430,-1866.436890,-5.984183,1.123557,0.000000487,0.000274301,3.140874386,1
153.880125,153.879430,-1866.864014,-5.983725,1.123439,0.000000390,0.000274301,3.140521526,1
153.930209,153.929430,-1867.712280,-5.982638,1.123207,0.000000347,0.000274301,3.140364408,1
153.979763,153.979430,-1868.133667,-5.982241,1.123091,0.000000426,0.000274301,3.140649796,1
154.030354,154.029430,-1868.973755,-5.981692,1.122860,0.000000538,0.000274301,3.141059637,1
154.079946,154.079430,-1869.393188,-5.981587,1.122745,0.000000615,0.000274301,3.141340971,1
154.129571,154.129430,-1870.232910,-5.981560,1.122511,-0.000011185,0.000342965,3.141500711,1
154.179113,154.179430,-1870.653809,-5.981568,1.122392,-0.000011718,0.000283360,-3.141572237,1
154.229713,154.229430,-1871.498047,-5.981695,1.122161,-0.000011185,0.000193357,-3.141436100,1
154.278282,154.279430,-1871.921875,-5.981773,1.122044,-0.000010653,0.000146985,-3.141405106,1
154.330800,154.329430,-1872.771729,-5.981827,1.121624,-0.000039947,-0.000015736,3.141529322,1
154.379902,154.379430,-1873.197266,-5.981793,1.121665,-0.000041545,-0.000000834,3.141514063,1
154.430001,154.429430,-1874.048706,-5.982165,1.121667,-0.000041545,-0.000000715,-3.141071796,1
154.480048,154.479430,-1874.474854,-5.982455,1.121668,-0.000041545,-0.000000715,-3.140910149,1
154.530151,154.529430,-1875.328125,-5.983220,1.121668,-0.000041545,-0.000000715,-3.140736580,1
154.578312,154.579430,-1875.755249,-5.983574,1.121667,-0.000041545,-0.000000715,-3.140763044,1
154.630313,154.629430,-1876.610229,-5.984409,1.121668,-0.000041545,-0.000000715,-3.140519857,1
154.679902,154.679430,-1877.037109,-5.984881,1.121668,-0.000041545,-0.000000715,-3.140485048,1
154.730507,154.729430,-1877.890259,-5.985420,1.121668,-0.000041545,-0.000000715,-3.141052008,1
154.780048,154.779430,-1878.317017,-5.985520,1.121668,-0.000041545,-0.000000715,-3.141355991,1
154.830656,154.829430,-1879.171509,-5.985153,1.121669,-0.000041545,-0.000000715,3.140964746,1
154.880206,154.879430,-1879.599487,-5.984780,1.121668,-0.000041545,-0.000000715,3.140719175,1
154.928805,154.929430,-1880.453979,-5.983596,1.121668,-0.000041545,-0.000000715,3.140027046,1
154.979845,154.979430,-1880.880615,-5.982740,1.121669,-0.000041545,-0.000000715,3.139585495,1
155.029914,155.029430,-1881.734009,-5.981021,1.121668,-0.000041545,-0.000000715,3.139722109,1
155.080007,155.079430,-1882.160889,-5.980356,1.121668,-0.000041545,-0.000000715,3.140033960,1
155.130068,155.129430,-1883.014771,-5.979208,1.121669,-0.000041545,-0.000000715,3.140378237,1
155.180151,155.179430,-1883.440552,-5.978783,1.121669,-0.000041545,-0.000000715,3.140592575,1
155.229262,155.229430,-1884.291016,-5.978244,1.121670,-0.000041545,-0.000000715,3.141160488,1
155.279771,155.279430,-1884.716309,-5.978192,1.121669,-0.000041545,-0.000000715,3.141467810,1
155.331328,155.329430,-1885.568604,-5.978501,1.121616,-0.000040480,-0.000019789,-3.141033173,1
155.379920,155.379430,-1885.995483,-5.978924,1.121665,-0.000040480,-0.000001073,-3.140603304,1
155.429994,155.429430,-1886.847778,-5.980434,1.121668,-0.000040480,-0.000001073,-3.139552832,1
155.480074,155.479430,-1887.273193,-5.981428,1.121667,-0.000040480,-0.000001073,-3.139255762,1
155.529963,155.529430,-1888.124634,-5.983359,1.121668,-0.000040480,-0.000001073,-3.139471769,1
155.580080,155.579430,-1888.550781,-5.984144,1.121667,-0.000040480,-0.000001073,-3.139750481,1
155.630150,155.629430,-1889.403687,-5.985488,1.121668,-0.000040480,-0.000001073,-3.140157461,1
155.678279,155.679430,-1889.828369,-5.985811,1.121668,-0.000040480,-0.000001073,-3.140830517,1
155.730778,155.729430,-1890.672974,-5.985586,1.121668,-0.000040480,-0.000001073,3.140960217,1
155.779883,155.779430,-1891.093750,-5.985088,1.121668,-0.000040480,-0.000001073,3.140408278,1
155.829944,155.829430,-1891.934326,-5.983519,1.121669,-0.000040480,-0.000001073,3.139540195,1
155.880034,155.879430,-1892.354980,-5.982623,1.121668,-0.000040480,-0.000001073,3.139460564,1
155.930098,155.929430,-1893.195068,-5.980649,1.121669,-0.000040480,-0.000001073,3.139258385,1
155.980211,155.979430,-1893.614380,-5.979708,1.121669,-0.000040480,-0.000001073,3.139347792,1
156.029773,156.029430,-1894.453369,-5.977982,1.121669,-0.000040480,-0.000001073,3.139587879,1
156.079895,156.079430,-1894.873657,-5.977237,1.121669,-0.000040480,-0.000001073,3.139820099,1
156.130039,156.129430,-1895.717041,-5.975823,1.121701,-0.000098004,0.002169966,3.140150785,1
156.180068,156.179430,-1896.140015,-5.975401,1.121619,-0.000000533,-0.000035405,3.140592337,1
156.230135,156.229430,-1896.988037,-5.974822,1.121663,-0.000028762,-0.000221491,3.141017199,1
156.278285,156.279430,-1897.413086,-5.974738,1.121664,-0.000029295,-0.000268817,3.141393900,1
156.329819,156.329430,-1898.264526,-5.975205,1.118366,-0.000003728,-0.001629710,-3.140856981,1
156.379901,156.379430,-1898.691040,-5.975585,1.121953,0.000022411,-0.000296831,-3.140698910,1
156.429990,156.429430,-1899.544312,-5.976920,1.122223,0.000002115,-0.000288963,-3.139818192,1
156.480056,156.479430,-1899.971191,-5.977919,1.122346,0.000001951,-0.000288963,-3.139251947,1
156.530127,156.529430,-1900.826050,-5.980463,1.122594,-0.000001065,-0.000288844,-3.138525963,1
156.578276,156.579430,-1901.253906,-5.981800,1.122718,-0.000001065,-0.000288844,-3.138468027,1
156.629782,156.629430,-1902.110596,-5.984619,1.122966,-0.000001065,-0.000288844,-3.138245821,1
156.679897,156.679430,-1902.539062,-5.985929,1.123089,-0.000001065,-0.000288844,-3.138533115,1
156.729960,156.729430,-1903.395630,-5.987988,1.123337,-0.000001065,-0.000288844,-3.139533758,1
156.780005,156.779430,-1903.823730,-5.988509,1.123460,-0.000001065,-0.000288844,-3.140376091,1
156.830073,156.829430,-1904.680420,-5.988468,1.123708,-0.000001065,-0.000288844,3.141164303,1
156.880115,156.879430,-1905.109131,-5.987970,1.123832,-0.000001065,-0.000288844,3.140432358,1
156.930168,156.929430,-1905.966553,-5.985790,1.124079,-0.000000533,-0.000288844,3.138627291,1
156.979243,156.979430,-1906.395264,-5.984140,1.124203,-0.000000533,-0.000288844,3.137746811,1
157.030380,157.029430,-1907.252319,-5.980405,1.124451,-0.000000533,-0.000288844,3.137145758,1
157.079961,157.079430,-1907.680908,-5.978414,1.124525,0.000127898,0.001145244,3.137042999,1
157.130994,157.129430,-1908.537720,-5.974954,1.124807,0.000003894,0.001078606,3.137774944,1
157.180128,157.179430,-1908.966309,-5.973536,1.124934,0.000002165,0.001075983,3.138286591,1
157.230200,157.229430,-1909.823730,-5.971653,1.125182,0.000003784,0.001075983,3.139791012,1
157.279818,157.279430,-1910.252319,-5.971271,1.122067,0.000368050,-0.000189304,3.140730381,1
157.329872,157.329430,-1911.109985,-5.971749,1.121976,0.000000550,-0.000311255,-3.140445948,1
157.380105,157.379430,-1911.538452,-5.972692,1.122146,0.000003405,-0.000290394,-3.139394760,1
157.430163,157.429430,-1912.395752,-5.975369,1.122395,0.000003078,-0.000290394,-3.138266563,1
157.478789,157.479430,-1912.824463,-5.977022,1.122519,0.000002924,-0.000290394,-3.137737513,1
157.530835,157.529430,-1913.682007,-5.980554,1.122768,0.000002855,-0.000290394,-3.137497187,1
157.579966,157.579430,-1914.111084,-5.982272,1.122891,-0.000001598,-0.000288844,-3.137590408,1
157.630017,157.629430,-1914.969604,-5.985457,1.123139,-0.000001598,-0.000288844,-3.137970924,1
157.680142,157.679430,-1915.399170,-5.986906,1.123263,-0.000001598,-0.000288844,-3.138220787,1
157.730199,157.729430,-1916.259033,-5.989443,1.123512,-0.000001598,-0.000288844,-3.138785601,1
157.780799,157.779430,-1916.688843,-5.990447,1.123636,-0.000001598,-0.000288844,-3.139256954,1
157.829860,157.829430,-1917.547974,-5.991570,1.123884,-0.000001598,-0.000288844,-3.140558004,1
157.879938,157.879430,-1917.977295,-5.991714,1.124008,-0.000001598,-0.000288844,-3.141255379,1
157.929998,157.929430,-1918.835449,-5.990737,1.124256,-0.000001065,-0.000288844,3.139993668,1
157.980043,157.979430,-1919.264648,-5.989687,1.124380,-0.000001065,-0.000288844,3.139146805,1
158.030119,158.029430,-1920.123413,-5.986870,1.124655,-0.000010653,0.002451181,3.138070345,1
158.080775,158.079430,-1920.552124,-5.985110,1.124714,0.000005907,0.001128674,3.137477875,1
158.129873,158.129430,-1921.407104,-5.981457,1.124989,0.000001450,0.001076460,3.137274265,1
158.179904,158.179430,-1921.834229,-5.979654,1.125111,0.000001552,0.001076460,3.137368441,1
158.230148,158.229430,-1922.689209,-5.976318,1.118448,0.000360819,-0.001599669,3.138053894,1
158.280176,158.279430,-1923.116821,-5.975061,1.121834,0.000015994,-0.000342607,3.138657808,1
158.330239,158.329430,-1923.972778,-5.973440,1.122199,0.000000574,-0.000288486,3.140020370,1
158.379826,158.379430,-1924.400879,-5.973143,1.122323,0.000000320,-0.000288486,3.140899420,1
158.429437,158.429430,-1925.257324,-5.973457,1.122570,-0.000000000,-0.000288486,-3.140879631,1
158.479979,158.479430,-1925.685791,-5.974091,1.122693,0.000000000,-0.000288486,-3.140112162,1
158.530051,158.529430,-1926.543579,-5.976014,1.122941,0.000000000,-0.000288486,-3.139158010,1
158.578223,158.579430,-1926.972778,-5.977230,1.123065,0.000000000,-0.000288486,-3.138759375,1
158.629761,158.629430,-1927.831543,-5.979795,1.123312,0.000000005,-0.000288486,-3.138613939,1
158.679806,158.679430,-1928.260864,-5.980962,1.123436,0.000000080,-0.000288486,-3.138875246,1
158.729872,158.729430,-1929.119751,-5.982869,1.123684,0.000000254,-0.000288486,-3.139476299,1
158.779979,158.779430,-1929.549194,-5.983547,1.123808,0.000000409,-0.000288486,-3.140012264,1
158.830057,158.829430,-1930.407959,-5.984368,1.124056,0.000000653,-0.000288486,-3.140859365,1
158.880138,158.879430,-1930.837036,-5.984356,1.124179,0.000000872,-0.000288486,3.141565800,1
158.930210,158.929430,-1931.695435,-5.983602,1.124427,0.000001188,-0.000288486,3.140468836,1
158.978801,158.979430,-1932.125000,-5.982922,1.124948,0.000623784,0.000632167,3.139936924,1
159.029843,159.029430,-1932.983765,-5.980620,1.124750,-0.000064448,-0.000007391,3.138648272,1
159.079930,159.079430,-1933.412964,-5.979298,1.124918,0.000000520,-0.000084639,3.138510466,1
159.129997,159.129430,-1934.271729,-5.976633,1.125168,-0.000000533,0.000097990,3.138574839,1
159.179116,159.179430,-1934.701416,-5.975414,1.124098,0.000031783,-0.000267386,3.138757229,1
159.230162,159.229430,-1935.560425,-5.973571,1.124744,-0.000395213,0.000029325,3.139773369,1
159.280765,159.279430,-1935.989746,-5.973037,1.125145,-0.000041545,0.000275373,3.140347958,1
159.330024,159.329430,-1936.848511,-5.972873,1.124916,0.000004805,0.000288129,-3.141353846,1
159.379910,159.379430,-1937.277710,-5.973376,1.124792,0.000005074,0.000288129,-3.140421629,1
159.430017,159.429430,-1938.136719,-5.975123,1.124545,0.000005377,0.000288129,-3.139367104,1
159.480044,159.479430,-1938.566040,-5.976299,1.124421,0.000005525,0.000288129,-3.138855457,1
159.530106,159.529430,-1939.424927,-5.978939,1.124175,0.000001581,0.000287652,-3.138553143,1
159.578321,159.579430,-1939.854126,-5.980126,1.124051,0.000001502,0.000287652,-3.138825655,1
159.628846,159.629430,-1940.712769,-5.981966,1.123804,0.000001270,0.000287652,-3.139633417,1
159.679894,159.679430,-1941.142334,-5.982651,1.123681,0.000001165,0.000287652,-3.139998198,1
159.729982,159.729430,-1942.000854,-5.983043,1.123434,0.000000710,0.000287652,-3.141579390,1
159.779083,159.779430,-1942.430054,-5.982665,1.123311,0.000000453,0.000287652,3.140710592,1
159.830179,159.829430,-1943.288696,-5.981242,1.123064,0.000000160,0.000287652,3.139693260,1
159.878289,159.879430,-1943.718262,-5.980307,1.122940,0.000000080,0.000287652,3.139414787,1
159.929800,159.929430,-1944.577148,-5.978394,1.122693,0.000000051,0.000287652,3.139314651,1
159.979859,159.979430,-1945.006348,-5.977526,1.122570,0.000000125,0.000287652,3.139570713,1
160.029935,160.029430,-1945.864624,-5.976170,1.122320,-0.000003196,0.000064492,3.140238762,1
160.080010,160.079430,-1946.293823,-5.975761,1.122200,-0.000001598,-0.000035882,3.140640736,1
160.130068,160.129430,-1947.153076,-5.975268,1.121955,-0.000000533,-0.000226498,3.141147852,1
160.180143,160.179430,-1947.582886,-5.975181,1.121928,-0.000000000,-0.000285029,3.141390800,1
160.230272,160.229430,-1948.440552,-5.975386,1.122170,0.000000044,-0.000287414,-3.141274929,1
160.279780,160.279430,-1948.868286,-5.975682,1.122293,0.000000000,-0.000287414,-3.140899658,1
160.330815,160.329430,-1949.723511,-5.976596,1.122538,0.000000000,-0.000287414,-3.140460491,1
160.379916,160.379430,-1950.151855,-5.977112,1.122662,0.000000000,-0.000287414,-3.140389919,1
160.431062,160.429430,-1951.008911,-5.977978,1.122908,0.000000109,-0.000287414,-3.140769958,1
160.480208,160.479430,-1951.437134,-5.978296,1.123031,0.000000132,-0.000287414,-3.140847921,1
160.529775,160.529430,-1952.293701,-5.978826,1.123277,0.000000201,-0.000287414,-3.141088009,1
160.580899,160.579430,-1952.722168,-5.979023,1.123400,0.000000213,-0.000287414,-3.141132355,1
160.630956,160.629430,-1953.579468,-5.979175,1.123647,0.000000310,-0.000287414,-3.141469002,1
160.680095,160.679430,-1954.008423,-5.979265,1.123770,0.000000285,-0.000287414,-3.141382694,1
160.730145,160.729430,-1954.866699,-5.979567,1.124017,0.000000252,-0.000287414,-3.141266346,1
160.778780,160.779430,-1955.295898,-5.979746,1.124140,0.000000226,-0.000287414,-3.141174793,1
160.829787,160.829430,-1956.154663,-5.980407,1.124387,0.000000099,-0.000287414,-3.140735388,1
160.880897,160.879430,-1956.584351,-5.980793,1.124510,0.000000087,-0.000287414,-3.140693188,1
160.930914,160.929430,-1957.443359,-5.981898,1.124718,0.000023473,0.001135588,-3.140141726,1
160.980001,160.979430,-1957.873535,-5.982610,1.124866,0.000010687,0.001080155,-3.139939308,1
161.030070,161.029430,-1958.733032,-5.984381,1.125117,0.000006272,0.001077533,-3.139524460,1
161.080180,161.079430,-1959.162476,-5.985212,1.125239,0.000006132,0.001077533,-3.139653921,1
161.130248,161.129430,-1960.020996,-5.986550,1.121837,0.000000111,-0.000342727,-3.140377760,1
161.179859,161.179430,-1960.450439,-5.986961,1.122077,-0.000010653,-0.000290513,-3.140638351,1
161.230894,161.229430,-1961.309326,-5.987206,1.122328,0.000000192,-0.000287056,3.141555548,1
161.279998,161.279430,-1961.738647,-5.986877,1.122452,0.000000401,-0.000287056,3.140826464,1
161.330042,161.329430,-1962.597778,-5.985507,1.122698,0.000000722,-0.000287056,3.139708519,1
161.378176,161.379430,-1963.027466,-5.984550,1.122821,0.000000821,-0.000287056,3.139365673,1
161.430178,161.429430,-1963.887329,-5.982378,1.123068,0.000000933,-0.000287056,3.138974190,1
161.480735,161.479430,-1964.317627,-5.981197,1.123192,0.000000969,-0.000287056,3.138848066,1
161.529799,161.529430,-1965.177490,-5.979173,1.123439,0.000000799,-0.000287056,3.139440536,1
161.579945,161.579430,-1965.607422,-5.978359,1.123562,0.000000725,-0.000287056,3.139699221,1
161.630989,161.629430,-1966.467163,-5.977080,1.123809,0.000000576,-0.000287056,3.140215397,1
161.680132,161.679430,-1966.895752,-5.976748,1.123932,0.000000403,-0.000287056,3.140819311,1
161.730231,161.729430,-1967.751831,-5.976585,1.124178,0.000000195,-0.000287056,3.141542912,1
161.779783,161.779430,-1968.180054,-5.976706,1.124301,0.000000100,-0.000287056,-3.141310930,1
161.829840,161.829430,-1969.037354,-5.977169,1.124653,0.000151472,0.000202894,-3.140963316,1
161.879920,161.879430,-1969.465454,-5.977491,1.124837,0.000084698,0.003299594,-3.140888214,1
161.929981,161.929430,-1970.319702,-5.978462,1.124925,-0.000018109,-0.000080943,-3.140315533,1
161.980746,161.979430,-1970.746338,-5.978986,1.125037,0.000001105,-0.000004053,-3.140367270,1
162.029794,162.029430,-1971.600220,-5.980140,1.125102,0.000011325,0.000116706,-3.140225172,1
162.079881,162.079430,-1972.027710,-5.980759,1.116343,-0.000047937,-0.003211617,-3.140596628,1
162.130053,162.129430,-1972.882568,-5.981486,1.125126,0.000015913,0.000259995,-3.140789747,1
162.180055,162.179430,-1973.310547,-5.981732,1.125052,0.000014337,0.000286579,-3.141012669,1
162.230111,162.229430,-1974.167603,-5.981925,1.124809,0.000000000,0.000286102,-3.141469002,1
162.280197,162.279430,-1974.596558,-5.981868,1.124686,0.000000000,0.000286102,3.141458750,1
162.329762,162.329430,-1975.454590,-5.981359,1.124441,0.000000000,0.000286102,3.140928507,1
162.379834,162.379430,-1975.883911,-5.981013,1.124318,0.000000000,0.000286102,3.140785456,1
162.429908,162.429430,-1976.741821,-5.979810,1.124073,0.000000000,0.000286102,3.140058279,1
162.480003,162.479430,-1977.170898,-5.979062,1.123950,0.000000000,0.000286102,3.139848232,1
162.530066,162.529430,-1978.029175,-5.977644,1.123705,0.000000040,0.000286102,3.139986753,1
162.580316,162.579430,-1978.458496,-5.977068,1.123582,0.000000115,0.000286102,3.140250683,1
162.629808,162.629430,-1979.315308,-5.976071,1.123337,0.000000187,0.000286102,3.140500784,1
162.679933,162.679430,-1979.742432,-5.975672,1.123215,0.000000232,0.000286102,3.140658379,1
162.729996,162.729430,-1980.596313,-5.975220,1.122970,0.000000396,0.000286102,3.141233444,1
162.779114,162.779430,-1981.023804,-5.975143,1.122848,0.000000448,0.000286102,3.141413689,1
162.830172,162.829430,-1981.879517,-5.975233,1.122627,-0.000017577,0.001477003,-3.141261339,1
162.880723,162.879430,-1982.307129,-5.975554,1.122455,0.000017349,0.000230670,-3.140838385,1
162.929800,162.929430,-1983.163086,-5.976841,1.122236,0.000001270,-0.000006914,-3.139907598,1
162.979910,162.979430,-1983.591064,-5.977551,1.122114,0.000001069,-0.000101328,-3.139933825,1
163.029967,163.029430,-1984.447510,-5.979182,1.117408,-0.000070307,-0.002008199,-3.139829874,1
163.080065,163.079430,-1984.875732,-5.979956,1.121851,0.000019519,-0.000353456,-3.139792919,1
163.131214,163.129430,-1985.733032,-5.981566,1.122251,-0.000001065,-0.000286221,-3.139750719,1
163.180229,163.179430,-1986.162109,-5.982262,1.122374,-0.000001065,-0.000286221,-3.139970779,1
163.228836,163.229430,-1987.020874,-5.983444,1.122620,-0.000001065,-0.000286221,-3.140285492,1
163.279859,163.279430,-1987.450562,-5.983899,1.122743,-0.000001065,-0.000286221,-3.140534639,1
163.329920,163.329430,-1988.308838,-5.984293,1.122988,-0.000001065,-0.000286221,-3.141263008,1
163.380009,163.379430,-1988.736328,-5.984202,1.123111,-0.000001065,-0.000286221,3.141381025,1
163.430078,163.429430,-1989.589844,-5.983294,1.123355,-0.000001065,-0.000286221,3.140320063,1
163.480123,163.479430,-1990.016357,-5.982632,1.123477,-0.000001065,-0.000286221,3.140040874,1
163.530187,163.529430,-1990.870850,-5.980946,1.123721,-0.000001065,-0.000286221,3.139501333,1
163.579231,163.579430,-1991.298706,-5.980059,1.123844,-0.000001065,-0.000286221,3.139518023,1
163.628800,163.629430,-1992.154541,-5.977918,1.124088,-0.000001065,-0.000286221,3.138916731,1
163.679823,163.679430,-1992.582764,-5.976676,1.124210,-0.000001065,-0.000286221,3.138691187,1
163.729901,163.729430,-1993.439453,-5.974416,1.124455,-0.000001065,-0.000286221,3.139116764,1
163.779955,163.779430,-1993.867432,-5.973370,1.124591,0.000168448,0.001066923,3.139220238,1
163.830017,163.829430,-1994.721191,-5.971562,1.124805,0.000002956,0.001090884,3.139607191,1
163.880088,163.879430,-1995.147583,-5.971007,1.124933,0.000001260,0.001078606,3.140291929,1
163.930152,163.929430,-1996.001221,-5.970684,1.125177,0.000002606,0.001078606,3.141540766,1
163.980219,163.979430,-1996.428589,-5.970885,1.122554,0.000395885,0.000000596,-3.141090870,1
164.029792,164.029430,-1997.284546,-5.971592,1.121919,0.000015559,-0.000332594,-3.140196323,1
164.079880,164.079430,-1997.712891,-5.972315,1.122135,0.000010435,-0.000288725,-3.139902592,1
164.129939,164.129430,-1998.569824,-5.974418,1.122383,-0.000001065,-0.000285506,-3.138927221,1
164.180034,164.179430,-1998.998535,-5.975700,1.122506,-0.000001065,-0.000285506,-3.138600349,1
164.230087,164.229430,-1999.856689,-5.978391,1.122751,-0.000001065,-0.000285506,-3.138487101,1
164.279233,164.279430,-2000.285889,-5.979668,1.122873,-0.000001065,-0.000285506,-3.138617992,1
164.328799,164.329430,-2001.144287,-5.981753,1.123119,-0.000001065,-0.000285506,-3.139301538,1
164.379840,164.379430,-2001.573853,-5.982599,1.123241,-0.000001065,-0.000285506,-3.139622211,1
164.429911,164.429430,-2002.432495,-5.983533,1.123486,-0.000001065,-0.000285506,-3.140857935,1
164.480007,164.479430,-2002.861816,-5.983616,1.123609,-0.000001065,-0.000285506,-3.141398668,1
164.531048,164.529430,-2003.720581,-5.983157,1.123854,-0.000001065,-0.000285506,3.140834808,1
164.579255,164.579430,-2004.148682,-5.982743,1.123976,-0.000001065,-0.000285506,3.140624762,1
164.629797,164.629430,-2005.004028,-5.981615,1.124220,-0.000001065,-0.000285506,3.140208244,1
164.679918,164.679430,-2005.432007,-5.980934,1.124343,-0.000001065,-0.000285506,3.140000105,1
164.729993,164.729430,-2006.288086,-5.979662,1.124964,0.000496711,0.001451850,3.140288591,1
164.780108,164.779430,-2006.715454,-5.979208,1.124700,0.000029658,0.001089215,3.140523195,1
164.830161,164.829430,-2007.567017,-5.978398,1.124962,0.000000811,0.001079202,3.140682936,1
164.878835,164.879430,-2007.992188,-5.978096,1.125064,0.000001027,0.001079202,3.140882969,1
164.929847,164.929430,-2008.842896,-5.977784,1.122110,0.000375646,-0.000169992,3.141338587,1
164.979926,164.979430,-2009.269287,-5.977778,1.120217,0.000002396,-0.000929594,3.141561270,1
165.029990,165.029430,-2010.120728,-5.977928,1.122140,-0.000003728,-0.000285745,-3.141445160,1
165.080075,165.079430,-2010.545532,-5.978025,1.122263,0.000000121,-0.000285029,-3.141365767,1
165.130166,165.129430,-2011.395874,-5.978645,1.122505,0.000000000,-0.000285029,-3.140657663,1
165.179780,165.179430,-2011.821777,-5.979202,1.122627,0.000000000,-0.000285029,-3.140284300,1
165.229817,165.229430,-2012.674805,-5.980313,1.122870,0.000000076,-0.000285029,-3.140423059,1
165.280909,165.279430,-2013.101562,-5.980765,1.122991,0.000000107,-0.000285029,-3.140532494,1
165.329988,165.329430,-2013.956055,-5.981430,1.123235,0.000000209,-0.000285029,-3.140889883,1
165.380065,165.379430,-2014.384033,-5.981650,1.123357,0.000000263,-0.000285029,-3.141079664,1
165.430145,165.429430,-2015.240723,-5.981695,1.123601,0.000000433,-0.000285029,3.141507864,1
165.478255,165.479430,-2015.669678,-5.981566,1.123723,0.000000495,-0.000285029,3.141292810,1
165.529798,165.529430,-2016.527954,-5.981048,1.123968,0.000000591,-0.000285029,3.140953302,1
165.579964,165.579430,-2016.957153,-5.980859,1.124090,0.000000534,-0.000285029,3.141153812,1
165.630047,165.629430,-2017.816162,-5.980731,1.124335,0.000000421,-0.000285029,3.141549826,1
165.680118,165.679430,-2018.245850,-5.980744,1.124458,0.000000401,-0.000285029,-3.141564608,1
165.730186,165.729430,-2019.105591,-5.980822,1.124711,0.000014487,0.001381159,-3.141559601,1
165.779793,165.779430,-2019.535767,-5.980883,1.124809,-0.000001598,0.001090288,-3.141448498,1
165.830853,165.829430,-2020.395874,-5.981141,1.125060,-0.000001065,0.001079678,-3.141334057,1
165.879014,165.879430,-2020.825928,-5.981238,1.125202,-0.000001065,0.001079678,-3.141365528,1
165.930067,165.929430,-2021.686035,-5.981201,1.120307,0.000014957,-0.000896215,3.141402960,1
165.980137,165.979430,-2022.115845,-5.981130,1.121966,0.000009449,-0.000308990,3.141428232,1
166.030226,166.029430,-2022.975708,-5.981150,1.122267,0.000000000,-0.000284553,-3.141483545,1
166.079819,166.079430,-2023.405884,-5.981296,1.122389,0.000000000,-0.000284553,-3.141253948,1
166.129895,166.129430,-2024.266479,-5.981860,1.122634,0.000000000,-0.000284553,-3.140808344,1
166.179986,166.179430,-2024.697021,-5.982267,1.122756,0.000000000,-0.000284553,-3.140646696,1
166.230053,166.229430,-2025.557983,-5.982985,1.123001,0.000000054,-0.000284553,-3.140836477,1
166.280136,166.279430,-2025.988403,-5.983284,1.123124,0.000000072,-0.000284553,-3.140897989,1
166.330203,166.329430,-2026.849121,-5.983574,1.123369,0.000000237,-0.000284553,-3.141477346,1
166.379825,166.379430,-2027.279297,-5.983500,1.123491,0.000000319,-0.000284553,3.141418695,1
166.430888,166.429430,-2028.139038,-5.982806,1.123736,0.000000537,-0.000284553,3.140652418,1
166.479998,166.479430,-2028.568115,-5.982357,1.123858,0.000000568,-0.000284553,3.140543699,1
166.530059,166.529430,-2029.422974,-5.981311,1.124101,0.000000613,-0.000284553,3.140384436,1
166.580092,166.579430,-2029.849609,-5.980795,1.124223,0.000000613,-0.000284553,3.140384436,1
166.630140,166.629430,-2030.703735,-5.979478,1.124466,0.000000724,-0.000284553,3.139992952,1
166.679255,166.679430,-2031.131104,-5.978772,1.124613,0.000177721,0.001227260,3.140020370,1
166.728833,166.729430,-2031.985596,-5.977866,1.124817,0.000008763,0.001081228,3.140663147,1
166.779883,166.779430,-2032.411255,-5.977628,1.124940,0.000009165,0.001081228,3.141034365,1
166.829949,166.829430,-2033.260620,-5.977542,1.125181,0.000007765,0.001080751,3.141577959,1
166.880034,166.879430,-2033.685303,-5.977634,1.122324,0.000380768,-0.000041842,-3.141351700,1
166.930135,166.929430,-2034.536255,-5.977983,1.121928,0.000003438,-0.000323892,-3.141206026,1
166.979216,166.979430,-2034.961792,-5.978025,1.122135,0.000009521,-0.000284314,-3.141489267,1
167.028801,167.029430,-2035.811646,-5.977677,1.122379,0.000000050,-0.000284076,3.141095877,1
167.079994,167.079430,-2036.236694,-5.977493,1.122500,0.000000032,-0.000284076,3.141158581,1
167.130056,167.129430,-2037.088135,-5.977261,1.122742,0.000000000,-0.000284076,3.141422987,1
167.180132,167.179430,-2037.513916,-5.977291,1.122863,0.000000000,-0.000284076,-3.141521454,1
167.230210,167.229430,-2038.363525,-5.977460,1.123104,0.000000000,-0.000284076,-3.141324759,1
167.280772,167.279430,-2038.788208,-5.977620,1.123225,0.000000000,-0.000284076,-3.141216755,1
167.329828,167.329430,-2039.639160,-5.977936,1.123466,0.000000018,-0.000284076,-3.141252279,1
167.380062,167.379430,-2040.065796,-5.978156,1.123587,0.000000000,-0.000284076,-3.141077757,1
167.430127,167.429430,-2040.919189,-5.978758,1.123830,0.000000000,-0.000284076,-3.140746355,1
167.480210,167.479430,-2041.346313,-5.979266,1.123951,0.000000000,-0.000284076,-3.140403271,1
167.529796,167.529430,-2042.202026,-5.980496,1.124194,-0.000000000,-0.000284076,-3.140145540,1
167.579933,167.579430,-2042.630249,-5.981082,1.124316,0.000000022,-0.000284076,-3.140223503,1
167.630977,167.629430,-2043.487427,-5.982230,1.124761,0.000275919,0.000397921,-3.140341759,1
167.680080,167.679430,-2043.916382,-5.982611,1.124792,-0.000012251,0.002946496,-3.140783310,1
167.730134,167.729430,-2044.774048,-5.982646,1.124912,-0.000000533,0.001083255,3.141406536,1
167.779245,167.779430,-2045.203247,-5.982395,1.125035,0.000001339,0.001079678,3.141006947,1
167.829787,167.829430,-2046.062012,-5.981727,1.124029,0.000439000,0.000571608,3.140856743,1
167.879841,167.879430,-2046.491577,-5.980968,1.116143,0.000049519,-0.002482295,3.140544891,1
167.929899,167.929430,-2047.349976,-5.979935,1.122111,-0.000016512,-0.000285029,3.140345812,1
167.979986,167.979430,-2047.779297,-5.979331,1.122239,0.000000646,-0.000283718,3.140186548,1
168.031023,168.029430,-2048.638184,-5.978132,1.122483,0.000000665,-0.000283718,3.140120506,1
168.080130,168.079430,-2049.067383,-5.977511,1.122605,0.000000657,-0.000283718,3.140146017,1
168.130214,168.129430,-2049.925537,-5.976735,1.122848,0.000000463,-0.000283718,3.140832186,1
168.179825,168.179430,-2050.353760,-5.976442,1.122970,0.000000440,-0.000283718,3.140910387,1
168.230057,168.229430,-2051.208496,-5.976436,1.123212,0.000000175,-0.000283718,-3.141338587,1
168.280126,168.279430,-2051.635498,-5.976631,1.123334,0.000000117,-0.000283718,-3.141136169,1
168.330203,168.329430,-2052.490234,-5.977201,1.123576,0.000000053,-0.000283718,-3.140908957,1
168.379775,168.379430,-2052.918213,-5.977545,1.123696,0.000000019,-0.000283718,-3.140788317,1
168.430916,168.429430,-2053.774658,-5.978529,1.123939,0.000000000,-0.000283718,-3.140389919,1
168.480008,168.479430,-2054.203125,-5.978998,1.124061,0.000000030,-0.000283718,-3.140496492,1
168.530049,168.529430,-2055.059814,-5.980204,1.124304,0.000000000,-0.000283718,-3.140131950,1
168.580163,168.579430,-2055.488281,-5.980820,1.124426,0.000000007,-0.000283718,-3.140157223,1
168.630237,168.629430,-2056.345947,-5.981901,1.124698,0.000000375,0.003295302,-3.140384912,1
168.679869,168.679430,-2056.775391,-5.982429,1.124733,-0.000037284,0.001170754,-3.140368700,1
168.729940,168.729430,-2057.634521,-5.983278,1.125021,-0.000008522,0.001080751,-3.140703201,1
168.780056,168.779430,-2058.064209,-5.983584,1.125143,-0.000008522,0.001080751,-3.140882015,1
168.830125,168.829430,-2058.923584,-5.983542,1.116430,0.000008341,-0.002391100,-3.141585588,1
168.881008,168.879430,-2059.353516,-5.983403,1.121795,-0.000015979,-0.000366569,3.141278267,1
168.930109,168.929430,-2060.212646,-5.982369,1.122227,0.000000539,-0.000283241,3.140120506,1
168.980224,168.979430,-2060.642334,-5.981618,1.122348,0.000000617,-0.000283241,3.139845133,1
169.028962,169.029430,-2061.501953,-5.980062,1.122592,0.000000629,-0.000283241,3.139804125,1
169.079905,169.079430,-2061.931641,-5.979404,1.122713,0.000000555,-0.000283241,3.140063286,1
169.129975,169.129430,-2062.790527,-5.978148,1.122957,0.000000533,-0.000283241,3.140141487,1
169.180104,169.179430,-2063.218506,-5.977668,1.123078,0.000000440,-0.000283241,3.140471697,1
169.230164,169.229430,-2064.072998,-5.977021,1.123320,0.000000311,-0.000283241,3.140926600,1
169.279772,169.279430,-2064.500488,-5.976771,1.123441,0.000000287,-0.000283241,3.141009092,1
169.330787,169.329430,-2065.356445,-5.976379,1.123683,0.000000234,-0.000283241,3.141195774,1
169.379920,169.379430,-2065.784424,-5.976207,1.123805,0.000000236,-0.000283241,3.141190290,1
169.429997,169.429430,-2066.638184,-5.976172,1.124046,0.000000122,-0.000283241,-3.141592026,1
169.480079,169.479430,-2067.064697,-5.976285,1.124167,0.000000047,-0.000283241,-3.141328096,1
169.530185,169.529430,-2067.919434,-5.976983,1.124408,0.000000000,-0.000283241,-3.140608072,1
169.579756,169.579430,-2068.347412,-5.977541,1.124534,0.000007284,-0.000273466,-3.140287638,1
169.630871,169.629430,-2069.201660,-5.978880,1.124915,-0.000502805,0.001042366,-3.140104771,1
169.679895,169.679430,-2069.628174,-5.979532,1.124872,-0.000043143,-0.000066519,-3.140064478,1
169.729944,169.729430,-2070.481689,-5.980628,1.125132,-0.000001065,0.000066638,-3.140418768,1
169.779989,169.779430,-2070.909180,-5.981001,1.125252,-0.000001065,0.000159860,-3.140716791,1
169.830047,169.829430,-2071.765137,-5.981176,1.121767,-0.000420779,-0.001063704,-3.141438961,1
169.880091,169.879430,-2072.193604,-5.981165,1.125081,-0.000038882,0.000229001,3.141560316,1
169.930173,169.929430,-2073.051270,-5.980800,1.124964,0.000000726,0.000282288,3.141010284,1
169.979902,169.979430,-2073.480225,-5.980546,1.124843,0.000000723,0.000282288,3.141001225,1
170.029984,170.029430,-2074.338135,-5.979910,1.124600,0.000000650,0.000282288,3.140742540,1
170.080082,170.079430,-2074.767334,-5.979517,1.124479,0.000000631,0.000282288,3.140676737,1
170.130167,170.129430,-2075.624023,-5.978822,1.124237,0.000000673,0.000282288,3.140823841,1
170.179796,170.179430,-2076.051270,-5.978634,1.124117,0.000000766,0.000282288,3.141152143,1
170.229889,170.229430,-2076.906006,-5.978387,1.123875,0.000000815,0.000282288,3.141326904,1
170.279973,170.279430,-2077.333740,-5.978335,1.123755,0.000000856,0.000282288,3.141472340,1
170.330034,170.329430,-2078.189941,-5.978277,1.123513,0.000000891,0.000282288,-3.141587496,1
170.380142,170.379430,-2078.618164,-5.978453,1.123392,0.000001006,0.000282288,-3.141182184,1
170.429952,170.429430,-2079.474854,-5.979009,1.123150,0.000001108,0.000282288,-3.140817881,1
170.480049,170.479430,-2079.903320,-5.979510,1.123029,0.000001220,0.000282288,-3.140423059,1
170.530106,170.529430,-2080.760986,-5.980845,1.122788,0.000001337,0.000282288,-3.140006781,1
170.579777,170.579430,-2081.189941,-5.981598,1.122667,0.000001385,0.000282288,-3.139836788,1
170.629851,170.629430,-2082.045654,-5.983100,1.122424,-0.000001598,0.000144958,-3.139892817,1
170.679980,170.679430,-2082.472656,-5.983687,1.122305,-0.000001065,0.000050664,-3.140216589,1
170.730112,170.729430,-2083.326172,-5.984480,1.122066,-0.000000533,-0.000135303,-3.140866995,1
170.780157,170.779430,-2083.753662,-5.984599,1.121946,-0.000000533,-0.000228167,-3.141315699,1
170.830223,170.829430,-2084.608643,-5.984263,1.122051,-0.000000533,-0.000281572,3.140901089,1
170.879818,170.879430,-2085.035156,-5.983781,1.122171,-0.000000533,-0.000281572,3.140461922,1
170.929913,170.929430,-2085.887207,-5.982366,1.122411,-0.000000533,-0.000281572,3.139861345,1
170.979991,170.979430,-2086.313477,-5.981607,1.122531,-0.000000533,-0.000281572,3.139813423,1
171.030056,171.029430,-2087.167480,-5.980214,1.122771,-0.000000533,-0.000281572,3.140044451,1
171.080149,171.079430,-2087.594727,-5.979749,1.122891,-0.000000533,-0.000281572,3.140505075,1
171.129240,171.129430,-2088.450195,-5.979414,1.123132,-0.000000533,-0.000281572,3.141515970,1
171.179804,171.179430,-2088.877930,-5.979626,1.123254,-0.000000533,-0.000281572,-3.141098976,1
171.229888,171.229430,-2089.734863,-5.980451,1.123495,-0.000000533,-0.000281572,-3.140510798,1
171.279981,171.279430,-2090.163818,-5.980978,1.123616,-0.000000533,-0.000281572,-3.140362501,1
171.330049,171.329430,-2091.022461,-5.982203,1.123859,-0.000000533,-0.000281572,-3.140109062,1
171.378212,171.379430,-2091.452148,-5.982841,1.123980,-0.000000533,-0.000281572,-3.140105486,1
171.430243,171.429430,-2092.312012,-5.983970,1.124222,-0.000000533,-0.000281572,-3.140369415,1
171.479828,171.479430,-2092.742188,-5.984460,1.124343,-0.000000533,-0.000281572,-3.140455008,1
171.529956,171.529430,-2093.601807,-5.985180,1.124867,0.000329284,0.001164317,-3.140903473,1
171.579057,171.579430,-2094.031006,-5.985361,1.124727,0.000003719,0.001540303,-3.141178846,1
171.630095,171.629430,-2094.886230,-5.984804,1.124935,-0.000009055,0.001082778,3.140603065,1
171.679210,171.679430,-2095.312988,-5.984076,1.125056,-0.000007457,0.001082182,3.139889240,1
171.729762,171.729430,-2096.166748,-5.981651,1.122500,0.000329915,-0.000012398,3.138357878,1
171.779841,171.779430,-2096.593994,-5.979799,1.118873,0.000157066,-0.001450062,3.137860775,1
171.829949,171.829430,-2097.448486,-5.976564,1.122130,0.000006024,-0.000284076,3.137778521,1
171.880024,171.879430,-2097.875732,-5.974979,1.122254,0.000000706,-0.000281572,3.137883186,1
171.930100,171.929430,-2098.730957,-5.972290,1.122495,0.000000479,-0.000281572,3.138691187,1
171.979983,171.979430,-2099.159180,-5.971218,1.122615,0.000000367,-0.000281572,3.139089346,1
172.030047,172.029430,-2100.015137,-5.969938,1.122856,-0.000000000,-0.000281572,3.140392542,1
172.080163,172.079430,-2100.443115,-5.969732,1.122977,0.000000000,-0.000281572,3.141110420,1
172.130229,172.129430,-2101.299316,-5.970551,1.123218,-0.000000533,-0.000281572,-3.140162706,1
172.179827,172.179430,-2101.727783,-5.971495,1.123339,-0.000000533,-0.000281572,-3.139389992,1
172.229901,172.229430,-2102.585205,-5.973836,1.123580,-0.000000533,-0.000281572,-3.138787746,1
172.279995,172.279430,-2103.013916,-5.975120,1.123701,-0.000000533,-0.000281572,-3.138600111,1
172.330054,172.329430,-2103.872070,-5.977524,1.123942,-0.000000533,-0.000281572,-3.139001608,1
172.378184,172.379430,-2104.300537,-5.978514,1.124063,-0.000000533,-0.000281572,-3.139282942,1
172.430200,172.429430,-2105.157959,-5.979975,1.124305,-0.000000533,-0.000281572,-3.140141010,1
172.479780,172.479430,-2105.586914,-5.980443,1.124425,-0.000000533,-0.000281572,-3.140502691,1
172.530836,172.529430,-2106.445068,-5.981042,1.124645,-0.000033023,0.003055095,-3.141220093,1
172.580014,172.579430,-2106.874023,-5.981123,1.124735,0.000029530,0.001162648,-3.141397715,1
172.630089,172.629430,-2107.732666,-5.980840,1.125018,0.000007125,0.001082778,3.141074896,1
172.679202,172.679430,-2108.162109,-5.980570,1.125138,0.000007006,0.001082778,3.140965462,1
172.730300,172.729430,-2109.020752,-5.979772,1.116982,-0.000031425,-0.002153992,3.140451431,1
172.779908,172.779430,-2109.450195,-5.979317,1.121808,0.000006832,-0.000362754,3.140531778,1
172.830976,172.829430,-2110.309326,-5.978323,1.122217,0.000000521,-0.000281095,3.140377760,1
172.880068,172.879430,-2110.739014,-5.977831,1.122337,0.000000501,-0.000281095,3.140448809,1
172.930155,172.929430,-2111.598633,-5.977069,1.122579,0.000000389,-0.000281095,3.140848875,1
172.979251,172.979430,-2112.028809,-5.976830,1.122700,0.000000336,-0.000281095,3.141035795,1
173.029786,173.029430,-2112.888428,-5.976535,1.122942,0.000000264,-0.000281095,3.141293526,1
173.079912,173.079430,-2113.317383,-5.976476,1.123062,0.000000218,-0.000281095,3.141454935,1
173.131112,173.129430,-2114.173584,-5.976399,1.123303,0.000000186,-0.000281095,3.141570330,1
173.180156,173.179430,-2114.602051,-5.976490,1.123423,0.000000120,-0.000281095,-3.141381264,1
173.230218,173.229430,-2115.459717,-5.976882,1.123665,0.000000044,-0.000281095,-3.141108990,1
173.279818,173.279430,-2115.888428,-5.977140,1.123785,0.000000010,-0.000281095,-3.140989780,1
173.330876,173.329430,-2116.743164,-5.977998,1.124025,0.000000000,-0.000281095,-3.140492201,1
173.379975,173.379430,-2117.170410,-5.978476,1.124146,0.000000000,-0.000281095,-3.140473843,1
173.430084,173.429430,-2118.025635,-5.979480,1.124386,0.000000025,-0.000281095,-3.140462637,1
173.480125,173.479430,-2118.453613,-5.979985,1.124506,0.000000010,-0.000281095,-3.140411854,1
173.530210,173.529430,-2119.309814,-5.981103,1.124721,-0.000011718,0.001121163,-3.140166044,1
173.579875,173.579430,-2119.738281,-5.981795,1.124853,-0.000010653,0.001084924,-3.139976978,1
173.630925,173.629430,-2120.595459,-5.983176,1.125096,-0.000008522,0.001083255,-3.139945745,1
173.680054,173.679430,-2121.023926,-5.983785,1.125216,-0.000008522,0.001083255,-3.140172958,1
173.730138,173.729430,-2121.881592,-5.984618,1.121854,0.000041468,-0.000323415,-3.140550613,1
173.779227,173.779430,-2122.310791,-5.985025,1.122050,-0.000000533,-0.000281811,-3.140643835,1
173.829766,173.829430,-2123.169434,-5.985326,1.122294,-0.000000533,-0.000281811,-3.141496658,1
173.879863,173.879430,-2123.598633,-5.985148,1.122415,-0.000000533,-0.000281811,3.141177654,1
173.929938,173.929430,-2124.458008,-5.984113,1.122655,-0.000000533,-0.000281811,3.140136242,1
173.980013,173.979430,-2124.887939,-5.983307,1.122775,-0.000000533,-0.000281811,3.139719725,1
174.030061,174.029430,-2125.747803,-5.981139,1.123016,-0.000000533,-0.000281811,3.138921976,1
174.078208,174.079430,-2126.177979,-5.979942,1.123138,-0.000000533,-0.000281811,3.138807774,1
174.130120,174.129430,-2127.038086,-5.977213,1.123378,-0.000000533,-0.000281811,3.138275862,1
174.179266,174.179430,-2127.468018,-5.975827,1.123499,-0.000000533,-0.000281811,3.138366222,1
174.228815,174.229430,-2128.327881,-5.973402,1.123740,-0.000000533,-0.000281811,3.138912201,1
174.279912,174.279430,-2128.757568,-5.972476,1.123862,-0.000000533,-0.000281811,3.139438868,1
174.329992,174.329430,-2129.616699,-5.971545,1.124102,-0.000000533,-0.000281811,3.140961409,1
174.380084,174.379430,-2130.046143,-5.971621,1.124223,-0.000000533,-0.000281811,-3.141414881,1
174.430167,174.429430,-2130.905029,-5.972564,1.124464,-0.000000533,-0.000281811,-3.140120983,1
174.480055,174.479430,-2131.334473,-5.973418,1.124928,0.000499410,0.000945926,-3.139596939,1
174.530150,174.529430,-2132.193604,-5.975722,1.124775,-0.000012783,-0.000037074,-3.138736725,1
174.579824,174.579430,-2132.623779,-5.977059,1.124942,-0.000003196,-0.000074506,-3.138482332,1
174.629906,174.629430,-2133.483154,-5.979532,1.125184,0.000000746,0.000104904,-3.138851881,1
174.679998,174.679430,-2133.912842,-5.980540,1.122899,0.000415393,-0.000750661,-3.139217615,1
174.731012,174.729430,-2134.771240,-5.982265,1.124978,-0.000059122,0.000153422,-3.139640331,1
174.780144,174.779430,-2135.198975,-5.982862,1.125153,-0.000002131,0.000278473,-3.140197754,1
174.830200,174.829430,-2136.052002,-5.983083,1.124917,0.000001310,0.000279546,3.141536236,1
174.880765,174.879430,-2136.478271,-5.982840,1.124798,0.000001166,0.000279546,3.141021967,1
174.930844,174.929430,-2137.332520,-5.981773,1.124559,0.000000917,0.000279546,3.140129805,1
174.980021,174.979430,-2137.760254,-5.981069,1.124439,0.000000866,0.000279546,3.139946222,1
175.030047,175.029430,-2138.615723,-5.979940,1.124200,0.000001007,0.000279546,3.140450478,1
175.079208,175.079430,-2139.043945,-5.979545,1.124080,0.000001068,0.000279546,3.140669107,1
175.129995,175.129430,-2139.901367,-5.978927,1.123841,0.000001147,0.000279546,3.140950203,1
175.180173,175.179430,-2140.330566,-5.978727,1.123721,0.000001196,0.000279546,3.141126156,1
175.229324,175.229430,-2141.188965,-5.978805,1.123481,0.000001422,0.000279546,-3.141249418,1
175.279819,175.279430,-2141.618408,-5.979144,1.123360,0.000001547,0.000279546,-3.140802145,1
175.329903,175.329430,-2142.477539,-5.980410,1.123121,0.000001800,0.000279546,-3.139896393,1
175.380000,175.379430,-2142.907227,-5.981223,1.123001,0.000001855,0.000279546,-3.139701843,1
175.430073,175.429430,-2143.767334,-5.983006,1.122761,0.000001913,0.000279546,-3.139492750,1
175.479217,175.479430,-2144.197754,-5.983919,1.122631,0.000008510,0.000444651,-3.139474630,1
175.529038,175.529430,-2145.058838,-5.985765,1.122399,-0.000010120,-0.001023173,-3.139445305,1
175.580071,175.579430,-2145.489258,-5.986586,1.122291,0.000004274,-0.001077652,-3.139686108,1
175.630144,175.629430,-2146.350098,-5.987927,1.122050,0.000000971,-0.001081347,-3.140217543,1
175.679363,175.679430,-2146.780518,-5.988302,1.121859,0.000012267,-0.001100302,-3.140717268,1
175.729901,175.729430,-2147.639893,-5.988166,1.125081,-0.000058057,0.000215173,3.141049147,1
175.780009,175.779430,-2148.067871,-5.987652,1.125085,0.000000627,0.000277042,3.140393496,1
175.830066,175.829430,-2148.921875,-5.986030,1.124850,0.000000339,0.000279069,3.139595985,1
175.880145,175.879430,-2149.348633,-5.985112,1.124731,0.000000296,0.000279069,3.139442682,1
175.930199,175.929430,-2150.203369,-5.983166,1.124493,0.000000263,0.000279069,3.139326096,1
175.979704,175.979430,-2150.631104,-5.982116,1.124373,0.000000210,0.000279069,3.139136314,1
176.030749,176.029430,-2151.487061,-5.980080,1.124134,0.000000280,0.000279069,3.139387608,1
176.079820,176.079430,-2151.914795,-5.979290,1.124015,0.000000380,0.000279069,3.139744997,1
176.129891,176.129430,-2152.771240,-5.978273,1.123776,0.000000624,0.000279069,3.140618801,1
176.179952,176.179430,-2153.200195,-5.978047,1.123656,0.000000749,0.000279069,3.141066313,1
176.230023,176.229430,-2154.057861,-5.978341,1.123417,0.000001072,0.000279069,-3.140962601,1
176.280047,176.279430,-2154.487061,-5.978802,1.123297,0.000001196,0.000279069,-3.140517950,1
176.330124,176.329430,-2155.346191,-5.980066,1.123057,0.000001330,0.000279069,-3.140036345,1
176.380171,176.379430,-2155.775879,-5.980898,1.122937,0.000001436,0.000279069,-3.139657497,1
176.429752,176.429430,-2156.635010,-5.982699,1.122697,0.000001471,0.000279069,-3.139533281,1
176.479802,176.479430,-2157.063965,-5.983396,1.122728,-0.000250337,0.002088904,-3.139977932,1
176.529880,176.529430,-2157.919434,-5.984221,1.122345,-0.000003728,-0.001076937,-3.140765429,1
176.580021,176.579430,-2158.346436,-5.984437,1.122231,0.000000466,-0.001081943,-3.141087055,1
176.630097,176.629430,-2159.201416,-5.984251,1.121993,0.000001454,-0.001081943,3.141185522,1
176.679246,176.679430,-2159.629639,-5.983915,1.117064,-0.000026632,-0.002927422,3.140791893,1
176.728925,176.729430,-2160.486084,-5.983149,1.125152,0.000008930,0.000276446,3.140740871,1
176.779914,176.779430,-2160.915039,-5.982781,1.125034,-0.000000533,0.000278473,3.140735865,1
176.829996,176.829430,-2161.772949,-5.982314,1.124795,-0.000000533,0.000278473,3.141147852,1
176.880070,176.879430,-2162.201904,-5.982290,1.124676,-0.000000533,0.000278473,3.141539812,1
176.930163,176.929430,-2163.060303,-5.982575,1.124436,-0.000000533,0.000278473,-3.141243696,1
176.979760,176.979430,-2163.489258,-5.982842,1.124317,-0.000000533,0.000278473,-3.140970230,1
177.030815,177.029430,-2164.346924,-5.983602,1.124078,-0.000000533,0.000278473,-3.140683174,1
177.080082,177.079430,-2164.776123,-5.983996,1.123958,-0.000000533,0.000278473,-3.140673399,1
177.130154,177.129430,-2165.634521,-5.984417,1.123719,-0.000000533,0.000278473,-3.141257286,1
177.180881,177.179430,-2166.063965,-5.984521,1.123600,-0.000000533,0.000278473,-3.141352415,1
177.229904,177.229430,-2166.923096,-5.984529,1.123361,-0.000000533,0.000278473,3.141549826,1
177.280004,177.279430,-2167.353027,-5.984509,1.123241,-0.000000533,0.000278473,3.141544104,1
177.330081,177.329430,-2168.212646,-5.984186,1.123001,-0.000000533,0.000278473,3.141078711,1
177.379876,177.379430,-2168.642822,-5.983875,1.122882,-0.000000533,0.000278473,3.140869379,1
177.429991,177.429430,-2169.503174,-5.983081,1.122642,-0.000000533,0.000278473,3.140551329,1
177.480122,177.479430,-2169.933105,-5.982593,1.122676,-0.000246076,0.000441074,3.140475273,1
177.530207,177.529430,-2170.793701,-5.981550,1.122291,0.000002501,-0.001079798,3.140398979,1
177.579881,177.579430,-2171.223877,-5.981181,1.122174,-0.000000533,-0.001082420,3.140734911,1
177.629975,177.629430,-2172.084229,-5.980650,1.121935,-0.000000533,-0.001082420,3.141028643,1
177.679101,177.679430,-2172.514648,-5.980492,1.121220,-0.000437291,-0.001339197,3.141226530,1
177.730175,177.729430,-2173.375488,-5.980491,1.125089,-0.000000533,0.000275373,-3.141436338,1
177.779366,177.779430,-2173.806152,-5.980686,1.124974,0.000001034,0.000277996,-3.141138315,1
177.829951,177.829430,-2174.666748,-5.981156,1.124735,0.000001077,0.000277996,-3.140984058,1
177.880032,177.879430,-2175.097412,-5.981450,1.124615,0.000001097,0.000277996,-3.140910864,1
177.930111,177.929430,-2175.958008,-5.981778,1.124376,0.000000995,0.000277996,-3.141275644,1
177.980211,177.979430,-2176.387207,-5.981821,1.124256,0.000000935,0.000277996,-3.141492844,1
178.029806,178.029430,-2177.243164,-5.981610,1.124018,0.000000839,0.000277996,3.141345024,1
178.079906,178.079430,-2177.670410,-5.981433,1.123900,0.000000792,0.000277996,3.141178846,1
178.129970,178.129430,-2178.525635,-5.980897,1.123662,0.000000706,0.000277996,3.140869617,1
178.180071,178.179430,-2178.953613,-5.980582,1.123543,0.000000702,0.000277996,3.140855312,1
178.229918,178.229430,-2179.810547,-5.980022,1.123304,0.000000734,0.000277996,3.140968084,1
178.280013,178.279430,-2180.239746,-5.979809,1.123185,0.000000770,0.000277996,3.141096830,1
178.330081,178.329430,-2181.098389,-5.979616,1.122947,0.000000875,0.000277996,3.141476870,1
178.380200,178.379430,-2181.527832,-5.979722,1.122827,0.000000977,0.000277996,-3.141345024,1
178.428795,178.429430,-2182.387695,-5.980294,1.122759,-0.000092678,0.002400040,-3.140835762,1
178.479937,178.479430,-2182.817871,-5.980718,1.122440,-0.000043143,-0.000922680,-3.140605688,1
178.530001,178.529430,-2183.678467,-5.981700,1.122240,0.000000660,-0.001082659,-3.140435457,1
178.580124,178.579430,-2184.108643,-5.982329,1.122120,0.000000329,-0.001082659,-3.140129566,1
178.630196,178.629430,-2184.968506,-5.983678,1.116195,-0.000083091,-0.003274798,-3.140196800,1
178.679778,178.679430,-2185.398193,-5.984094,1.124791,-0.000153398,0.000050664,-3.140623808,1
178.729877,178.729430,-2186.257568,-5.984601,1.125042,0.000003338,0.000277400,-3.141134262,1
178.779941,178.779430,-2186.687256,-5.984596,1.124923,0.000003208,0.000277400,3.141580820,1
178.830021,178.829430,-2187.546143,-5.983670,1.124684,0.000002813,0.000277400,3.140159130,1
178.880123,178.879430,-2187.975830,-5.982832,1.124565,0.000002670,0.000277400,3.139642239,1
178.930194,178.929430,-2188.835693,-5.980763,1.124327,0.000002502,0.000277400,3.139037132,1
178.979800,178.979430,-2189.265137,-5.979653,1.124207,0.000002494,0.000277400,3.139008045,1
179.029880,179.029430,-2190.121094,-5.977548,1.123970,0.000002543,0.000277400,3.139182806,1
179.079954,179.079430,-2190.548584,-5.976685,1.123851,0.000002651,0.000277400,3.139572620,1
179.130017,179.129430,-2191.404053,-5.975447,1.123614,0.000002871,0.000277400,3.140366554,1
179.180148,179.179430,-2191.832031,-5.975183,1.123495,0.000003040,0.000277400,3.140976191,1
179.229247,179.229430,-2192.686279,-5.975224,1.123258,0.000003286,0.000277400,-3.141325474,1
179.279828,179.279430,-2193.112549,-5.975394,1.123140,0.000003322,0.000277400,-3.141195297,1
179.329890,179.329430,-2193.965332,-5.975735,1.122903,0.000003346,0.000277400,-3.141106129,1
179.379958,179.379430,-2194.392090,-5.975970,1.122785,0.000003364,0.000277400,-3.141042471,1
179.430025,179.429430,-2195.246582,-5.976578,1.122797,-0.000325438,0.001441836,-3.140851974,1
179.479170,179.479430,-2195.674561,-5.976844,1.122449,-0.000006924,-0.000963807,-3.141005516,1
179.530211,179.529430,-2196.531006,-5.977502,1.122202,0.000000147,-0.001083612,-3.140689373,1
179.580848,179.579430,-2196.959229,-5.977879,1.122084,0.000000172,-0.001083612,-3.140712261,1
179.629935,179.629430,-2197.816406,-5.978702,1.118460,-0.000394148,-0.002406716,-3.140574217,1
179.678104,179.679430,-2198.244629,-5.979196,1.125005,0.000014949,0.000169396,-3.140433311,1
179.730089,179.729430,-2199.099365,-5.980085,1.125010,0.000000049,0.000277042,-3.140572309,1
179.779203,179.779430,-2199.526611,-5.980531,1.124891,0.000000055,0.000277042,-3.140548229,1
179.830329,179.829430,-2200.382080,-5.981152,1.124654,0.000000000,0.000277042,-3.141017914,1
179.879928,179.879430,-2200.810059,-5.981276,1.124536,0.000000000,0.000277042,-3.141302824,1
179.930027,179.929430,-2201.666748,-5.981361,1.124298,0.000000000,0.000277042,-3.141546011,1
179.979174,179.979430,-2202.094238,-5.981219,1.124180,0.000000000,0.000277042,3.141258955,1
180.030220,180.029430,-2202.948730,-5.980650,1.123943,0.000000000,0.000277042,3.140894890,1
180.079825,180.079430,-2203.376221,-5.980326,1.123825,0.000000000,0.000277042,3.140835524,1
180.129926,180.129430,-2204.231934,-5.979928,1.123588,0.000000104,0.000277042,3.141210556,1
180.179998,180.179430,-2204.659912,-5.979695,1.123469,0.000000059,0.000277042,3.141047716,1
180.230045,180.229430,-2205.515869,-5.979370,1.123232,0.000000123,0.000277042,3.141281128,1
180.279163,180.279430,-2205.944336,-5.979343,1.123114,0.000000192,0.000277042,3.141530037,1
180.330221,180.329430,-2206.802246,-5.979662,1.122876,0.000000349,0.000277042,-3.141088486,1
180.379814,180.379430,-2207.231445,-5.980035,1.122757,0.000000450,0.000277042,-3.140723705,1
180.430087,180.429430,-2208.090332,-5.981143,1.122519,0.000000600,0.000277042,-3.140183926,1
180.480172,180.479430,-2208.520020,-5.981714,1.122399,0.000002057,0.000130534,-3.140265226,1
180.530286,180.529430,-2209.379639,-5.982669,1.122163,0.000000907,-0.000055432,-3.140662670,1
180.579948,180.579430,-2209.809082,-5.982947,1.122045,0.000000817,-0.000147223,-3.140946627,1
180.630037,180.629430,-2210.668701,-5.983202,1.121952,0.000000267,-0.000275373,-3.141335964,1
180.679165,180.679430,-2211.098633,-5.983275,1.122069,0.000000290,-0.000275373,-3.141419172,1
180.730201,180.729430,-2211.958496,-5.983091,1.122306,0.000000426,-0.000275373,3.141270876,1
180.779813,180.779430,-2212.388428,-5.982823,1.122426,0.000000509,-0.000275373,3.140969515,1
180.829879,180.829430,-2213.249023,-5.981988,1.122664,0.000000627,-0.000275373,3.140540361,1
180.879982,180.879430,-2213.679443,-5.981544,1.122782,0.000000621,-0.000275373,3.140563250,1
180.930070,180.929430,-2214.540039,-5.980916,1.123021,0.000000506,-0.000275373,3.140980721,1
180.979184,180.979430,-2214.970215,-5.980674,1.123139,0.000000493,-0.000275373,3.141029596,1
181.030198,181.029430,-2215.831055,-5.980107,1.123378,0.000000524,-0.000275373,3.140914440,1
181.080752,181.079430,-2216.261475,-5.979759,1.123498,0.000000561,-0.000275373,3.140781164,1
181.129866,181.129430,-2217.122559,-5.978859,1.123736,0.000000627,-0.000275373,3.140541315,1
181.179954,181.179430,-2217.552490,-5.978534,1.123855,0.000000545,-0.000275373,3.140838385,1
181.230008,181.229430,-2218.413086,-5.978019,1.124093,0.000000499,-0.000275373,3.141005754,1
181.280150,181.279430,-2218.843506,-5.977762,1.124213,0.000000502,-0.000275373,3.140995264,1
181.330216,181.329430,-2219.704834,-5.977265,1.124450,0.000000487,-0.000275373,3.141049147,1
181.379809,181.379430,-2220.135498,-5.977016,1.124747,0.000241775,0.000176907,3.141006231,1
181.430858,181.429430,-2220.994141,-5.976478,1.124751,-0.000150202,0.000206709,3.140958786,1
181.479978,181.479430,-2221.422363,-5.976232,1.124920,-0.000009587,-0.000079393,3.141018391,1
181.530048,181.529430,-2222.278809,-5.975747,1.125163,0.000001001,0.000085711,3.141026497,1
181.580135,181.579430,-2222.707275,-5.975605,1.124640,0.000462728,-0.000099301,3.141133308,1
181.630209,181.629430,-2223.564941,-5.975231,1.123767,-0.000683367,-0.000500560,-3.141458750,1
181.679647,181.679430,-2223.993164,-5.975453,1.125131,0.000014697,0.000241280,-3.141051531,1
181.729236,181.729430,-2224.846924,-5.976190,1.124943,0.000014302,0.000272751,-3.140710115,1
181.779818,181.779430,-2225.273193,-5.976673,1.124827,0.000014370,0.000272751,-3.140459776,1
181.829884,181.829430,-2226.126709,-5.978086,1.124591,0.000001074,0.000275969,-3.139765501,1
181.879992,181.879430,-2226.553955,-5.978900,1.124473,0.000001095,0.000275969,-3.139685869,1
181.930060,181.929430,-2227.407227,-5.980562,1.124238,0.000001120,0.000275969,-3.139596701,1
181.979889,181.979430,-2227.832764,-5.981460,1.124120,0.000001151,0.000275969,-3.139483213,1
182.029972,182.029430,-2228.684326,-5.983107,1.123885,0.000001073,0.000275969,-3.139765739,1
182.080079,182.079430,-2229.110840,-5.983715,1.123767,0.000000963,0.000275969,-3.140166998,1
182.130160,182.129430,-2229.964844,-5.984456,1.123532,0.000000769,0.000275969,-3.140869617,1
182.179790,182.179430,-2230.392090,-5.984591,1.123414,0.000000656,0.000275969,-3.141276836,1
182.230830,182.229430,-2231.244385,-5.984142,1.123179,0.000000317,0.000275969,3.140678406,1
182.279923,182.279430,-2231.670166,-5.983473,1.123061,0.000000136,0.000275969,3.140022516,1
182.329980,182.329430,-2232.523193,-5.981594,1.122826,0.000000000,0.000275969,3.139154196,1
182.380042,182.379430,-2232.950684,-5.980400,1.122708,0.000000000,0.000275969,3.138800383,1
182.430109,182.429430,-2233.806152,-5.977837,1.122537,-0.000118777,-0.000765800,3.138623238,1
182.480154,182.479430,-2234.234375,-5.976640,1.122359,0.000001538,-0.001071453,3.138794899,1
182.530222,182.529430,-2235.090820,-5.974879,1.122127,-0.000000533,-0.001084208,3.139881372,1
182.579815,182.579430,-2235.519043,-5.974364,1.122009,-0.000001065,-0.001084208,3.140391350,1
182.630872,182.629430,-2236.375244,-5.974316,1.124284,-0.000493750,-0.000168800,-3.141314268,1
182.679947,182.679430,-2236.802979,-5.974752,1.125140,-0.000047937,0.000255108,-3.140576363,1
182.729990,182.729430,-2237.655518,-5.976573,1.124939,0.000005009,0.000275373,-3.139109850,1
182.779071,182.779430,-2238.081055,-5.977865,1.124822,0.000005162,0.000275373,-3.138556719,1
182.830136,182.829430,-2238.933105,-5.980957,1.124587,0.000005357,0.000275373,-3.137845993,1
182.879220,182.879430,-2239.359863,-5.982554,1.124469,0.000005357,0.000275373,-3.137848139,1
182.930505,182.929430,-2240.214111,-5.985744,1.124234,0.000005323,0.000275373,-3.137969971,1
182.981053,182.979430,-2240.641357,-5.987189,1.124117,0.000005257,0.000275373,-3.138211012,1
183.030141,183.029430,-2241.497070,-5.989766,1.123881,0.000005109,0.000275373,-3.138748407,1
183.079244,183.079430,-2241.925537,-5.990806,1.123763,0.000004994,0.000275373,-3.139163494,1
183.128826,183.129430,-2242.781738,-5.991928,1.123527,0.000004593,0.000275373,-3.140622377,1
183.179402,183.179430,-2243.209229,-5.992018,1.123409,0.000004384,0.000275373,-3.141381264,1
183.229028,183.229430,-2244.062256,-5.991501,1.123175,0.000004112,0.000275373,3.140816927,1
183.280181,183.279430,-2244.488281,-5.990937,1.123057,0.000003961,0.000275373,3.140267134,1
183.330237,183.329430,-2245.341553,-5.989217,1.122822,0.000003720,0.000275373,3.139394522,1
183.380798,183.379430,-2245.769043,-5.988205,1.122705,0.000003673,0.000275373,3.139224052,1
183.429891,183.429430,-2246.625000,-5.985928,1.122460,0.000005071,0.000194430,3.138805151,1
183.479999,183.479430,-2247.053467,-5.984720,1.122350,0.000000556,0.000092149,3.138771772,1
183.530079,183.529430,-2247.911133,-5.982398,1.122115,0.000000361,-0.000090718,3.138989449,1
183.579245,183.579430,-2248.340332,-5.981402,1.121998,0.000000479,-0.000181794,3.139273882,1
183.629786,183.629430,-2249.198975,-5.979691,1.121791,0.000029605,-0.000363708,3.139650345,1
183.679406,183.679430,-2249.627197,-5.979015,1.122106,0.000016172,-0.000277042,3.140017986,1
183.728986,183.729430,-2250.480957,-5.978058,1.122347,0.000000045,-0.000275493,3.140565634,1
183.779590,183.779430,-2250.907227,-5.977723,1.122464,0.000000000,-0.000275493,3.140806675,1
183.830129,183.829430,-2251.760498,-5.977131,1.122699,-0.000000000,-0.000275493,3.140933037,1
183.880734,183.879430,-2252.187256,-5.977038,1.122817,0.000000000,-0.000275493,3.141375780,1
183.929848,183.929430,-2253.038330,-5.977236,1.123052,-0.000000000,-0.000275493,-3.141237974,1
183.979934,183.979430,-2253.462646,-5.977494,1.123169,0.000000000,-0.000275493,-3.140983105,1
184.029990,184.029430,-2254.310791,-5.978532,1.123402,0.000000000,-0.000275493,-3.140197992,1
184.079120,184.079430,-2254.735352,-5.979183,1.123519,0.000000000,-0.000275493,-3.140058994,1
184.130232,184.129430,-2255.586182,-5.980607,1.123753,0.000000028,-0.000275493,-3.139971256,1
184.179259,184.179430,-2256.012207,-5.981195,1.123871,0.000000094,-0.000275493,-3.140211821,1
184.229824,184.229430,-2256.865967,-5.981955,1.124106,0.000000275,-0.000275493,-3.140865564,1
184.279416,184.279430,-2257.293457,-5.982100,1.124223,0.000000381,-0.000275493,-3.141252279,1
184.330944,184.329430,-2258.149902,-5.982130,1.124458,0.000000493,-0.000275493,3.141525507,1
184.380567,184.379430,-2258.578369,-5.982001,1.124770,0.000261956,0.000249863,3.141279697,1
184.430133,184.429430,-2259.436035,-5.981307,1.124876,-0.000252468,0.000262618,3.140641928,1
184.479756,184.479430,-2259.864990,-5.980787,1.124924,-0.000001598,-0.000076175,3.140382290,1
184.529850,184.529430,-2260.722900,-5.979889,1.125166,0.000000837,0.000087380,3.140699625,1
184.579983,184.579430,-2261.152100,-5.979612,1.124717,0.000155480,-0.000020981,3.140942097,1
184.630042,184.629430,-2262.010986,-5.979149,1.123964,-0.000639159,-0.000383973,3.141173124,1
184.679238,184.679430,-2262.440186,-5.979020,1.125136,0.000019451,0.000254035,3.141310930,1
184.728893,184.729430,-2263.296387,-5.979145,1.124942,0.000001321,0.000274301,-3.141276598,1
184.779409,184.779430,-2263.724121,-5.979359,1.124825,0.000001372,0.000274301,-3.141092300,1
184.830922,184.829430,-2264.580566,-5.980084,1.124590,0.000001518,0.000274301,-3.140559912,1
184.879552,184.879430,-2265.009033,-5.980580,1.124472,0.000001552,0.000274301,-3.140434504,1
184.930091,184.929430,-2265.866699,-5.981718,1.124237,0.000001625,0.000274301,-3.140168428,1
184.980681,184.979430,-2266.295654,-5.982351,1.124119,0.000001639,0.000274301,-3.140117884,1
185.029769,185.029430,-2267.154541,-5.983482,1.123884,0.000001564,0.000274301,-3.140392065,1
185.079870,185.079430,-2267.583740,-5.983811,1.123766,0.000001444,0.000274301,-3.140827417,1
185.130936,185.129430,-2268.442871,-5.984078,1.123530,0.000001298,0.000274301,-3.141362190,1
185.179076,185.179430,-2268.871826,-5.984025,1.123413,0.000001201,0.000274301,3.141469240,1
185.230138,185.229430,-2269.727051,-5.983251,1.123178,0.000000938,0.000274301,3.140510559,1
185.280213,185.279430,-2270.154297,-5.982625,1.123061,0.000000833,0.000274301,3.140127420,1
185.328847,185.329430,-2271.009277,-5.981051,1.122826,0.000000711,0.000274301,3.139682293,1
185.379396,185.379430,-2271.437500,-5.980223,1.122709,0.000000704,0.000274301,3.139658451,1
185.430921,185.429430,-2272.292480,-5.978705,1.122449,-0.000000533,0.000433445,3.139887333,1
185.479557,185.479430,-2272.719482,-5.978115,1.122357,-0.000005859,0.000275373,3.140211344,1
185.530112,185.529430,-2273.573975,-5.977491,1.122128,-0.000010653,0.000180006,3.141129017,1
185.579419,185.579430,-2274.001465,-5.977459,1.122011,-0.000010653,0.000134826,3.141518593,1
185.629964,185.629430,-2274.857910,-5.977720,1.121430,-0.000019707,-0.000100136,-3.141276598,1
185.679597,185.679430,-2275.286133,-5.978073,1.121660,-0.000026632,-0.000002623,-3.140764475,1
185.730128,185.729430,-2276.143066,-5.979552,1.121668,-0.000040480,-0.000000238,-3.139646769,1
185.779731,185.779430,-2276.572021,-5.980552,1.121668,-0.000040480,-0.000000238,-3.139264345,1
185.829802,185.829430,-2277.429688,-5.982977,1.121668,-0.000040480,-0.000000238,-3.138742208,1
185.879907,185.879430,-2277.858643,-5.984204,1.121669,-0.000040480,-0.000000238,-3.138730049,1
185.929997,185.929430,-2278.716309,-5.986413,1.121668,-0.000040480,-0.000000238,-3.139188528,1
185.979115,185.979430,-2279.145020,-5.987172,1.121668,-0.000040480,-0.000000238,-3.139823198,1
186.030152,186.029430,-2280.002197,-5.987552,1.121669,-0.000040480,-0.000000238,-3.141545296,1
186.080249,186.079430,-2280.430908,-5.987257,1.121669,-0.000040480,-0.000000238,3.140901804,1
186.129951,186.129430,-2281.289307,-5.986078,1.121669,-0.000040480,-0.000000238,3.140024662,1
186.179468,186.179430,-2281.718262,-5.985234,1.121669,-0.000040480,-0.000000238,3.139626265,1
186.230985,186.229430,-2282.574219,-5.983451,1.121670,-0.000040480,-0.000000238,3.139492035,1
186.279633,186.279430,-2283.001953,-5.982627,1.121670,-0.000040480,-0.000000238,3.139667273,1
186.329219,186.329430,-2283.858643,-5.981275,1.121670,-0.000040480,-0.000000238,3.140168190,1
186.379786,186.379430,-2284.287354,-5.980805,1.121670,-0.000040480,-0.000000238,3.140498161,1
186.430862,186.429430,-2285.144775,-5.979961,1.121579,-0.000019707,0.000084639,3.140546083,1
186.479971,186.479430,-2285.574219,-5.979495,1.121665,-0.000035154,0.000005364,3.140505791,1
186.531113,186.529430,-2286.432617,-5.978667,1.121671,-0.000040480,0.000001669,3.140585423,1
186.579179,186.579430,-2286.861816,-5.978217,1.121670,-0.000040480,0.000001669,3.140543699,1
186.629751,186.629430,-2287.720459,-5.977529,1.121484,-0.000019175,-0.000077248,3.140906572,1
186.680359,186.679430,-2288.149414,-5.977481,1.121661,-0.000028762,-0.000001907,3.141486168,1
186.729907,186.729430,-2289.004150,-5.977826,1.121667,-0.000041013,-0.000000238,-3.141084433,1
186.780491,186.779430,-2289.431152,-5.978142,1.121667,-0.000041013,-0.000000238,-3.140852690,1
186.830078,186.829430,-2290.285889,-5.979109,1.121667,-0.000041013,-0.000000238,-3.140279770,1
186.879179,186.879430,-2290.713623,-5.979775,1.121667,-0.000041013,-0.000000238,-3.140035629,1
186.929764,186.929430,-2291.569092,-5.981016,1.121668,-0.000041013,-0.000000238,-3.140188456,1
186.979863,186.979430,-2291.995361,-5.981507,1.121668,-0.000041013,-0.000000238,-3.140441418,1
187.030915,187.029430,-2292.846436,-5.982245,1.121668,-0.000041013,-0.000000238,-3.140883684,1
187.080175,187.079430,-2293.271973,-5.982392,1.121668,-0.000041013,-0.000000238,-3.141247034,1
187.129311,187.129430,-2294.125000,-5.982213,1.121668,-0.000041013,-0.000000238,3.141220808,1
187.179879,187.179430,-2294.551758,-5.981800,1.121668,-0.000041013,-0.000000238,3.140626431,1
187.229971,187.229430,-2295.406738,-5.980467,1.121668,-0.000041013,-0.000000238,3.139930487,1
187.279070,187.279430,-2295.834717,-5.979692,1.121668,-0.000041013,-0.000000238,3.139779329,1
187.330127,187.329430,-2296.690918,-5.978314,1.121668,-0.000041013,-0.000000238,3.140048027,1
187.381400,187.379430,-2297.119141,-5.977814,1.121669,-0.000041013,-0.000000238,3.140425920,1
187.429983,187.429430,-2297.972412,-5.976952,1.121650,-0.000035154,0.000043750,3.140559912,1
187.479085,187.479430,-2298.395996,-5.976462,1.121667,-0.000039415,0.000002146,3.140435457,1
187.530207,187.529430,-2299.238525,-5.975598,1.121669,-0.000041013,-0.000000000,3.140676260,1
187.579996,187.579430,-2299.658447,-5.975412,1.121669,-0.000041013,-0.000000000,3.141149282,1
187.630099,187.629430,-2300.498291,-5.975613,1.121586,-0.000040480,-0.000031471,-3.141167402,1
187.681670,187.679430,-2300.917969,-5.975930,1.121665,-0.000039947,-0.000001311,-3.140834093,1
187.729827,187.729430,-2301.755127,-5.976822,1.121669,-0.000039947,-0.000001311,-3.140466928,1
187.779884,187.779430,-2302.173340,-5.977347,1.121669,-0.000039947,-0.000001311,-3.140337229,1
187.829990,187.829430,-2303.010742,-5.978515,1.121669,-0.000039947,-0.000001311,-3.140209198,1
187.880044,187.879430,-2303.430664,-5.979015,1.121670,-0.000039947,-0.000001311,-3.140400410,1
187.929200,187.929430,-2304.272949,-5.979915,1.121669,-0.000039947,-0.000001311,-3.140614510,1
187.979805,187.979430,-2304.694336,-5.980167,1.121669,-0.000039947,-0.000001311,-3.140992880,1
188.029915,188.029430,-2305.538330,-5.980552,1.121669,-0.000039947,-0.000001311,-3.141195536,1
188.080968,188.079430,-2305.961182,-5.980565,1.121670,-0.000039947,-0.000001311,-3.141561747,1
188.130172,188.129430,-2306.809570,-5.980304,1.121670,-0.000039947,-0.000001311,3.141178608,1
188.180234,188.179430,-2307.234863,-5.980066,1.121670,-0.000039947,-0.000001311,3.141033649,1
188.229213,188.229430,-2308.085449,-5.979636,1.121671,-0.000039947,-0.000001311,3.141006947,1
188.279276,188.279430,-2308.510254,-5.979315,1.121671,-0.000039947,-0.000001311,3.140837431,1
188.329872,188.329430,-2309.360840,-5.978763,1.121671,-0.000039947,-0.000001311,3.141070127,1
188.379928,188.379430,-2309.786865,-5.978636,1.121672,-0.000039947,-0.000001311,3.141292810,1
188.430162,188.429430,-2310.641113,-5.978667,1.121706,-0.000085221,0.001284242,-3.141443253,1
188.479769,188.479430,-2311.068604,-5.978902,1.121647,-0.000043676,0.000052214,-3.141049147,1
188.530840,188.529430,-2311.924561,-5.979933,1.121671,-0.000041013,0.000001669,-3.140220642,1
188.579947,188.579430,-2312.352539,-5.980521,1.121670,-0.000041013,0.000001669,-3.140220642,1
188.630030,188.629430,-2313.209717,-5.981468,1.117173,-0.000048470,-0.001725554,-3.140427113,1
188.679120,188.679430,-2313.638428,-5.982035,1.121497,-0.000088417,-0.000071287,-3.140259266,1
188.730260,188.729430,-2314.495850,-5.982972,1.121667,-0.000039947,-0.000000358,-3.140628338,1
188.780229,188.779430,-2314.925049,-5.983288,1.121667,-0.000039947,-0.000000358,-3.140855312,1
188.829824,188.829430,-2315.783691,-5.983818,1.121667,-0.000039947,-0.000000358,-3.140989065,1
188.879896,188.879430,-2316.213135,-5.984016,1.121668,-0.000039947,-0.000000358,-3.141129494,1
188.929989,188.929430,-2317.072754,-5.984056,1.121668,-0.000039947,-0.000000358,3.141483545,1
188.980044,188.979430,-2317.502686,-5.983981,1.121668,-0.000039947,-0.000000358,3.141417503,1
189.030145,189.029430,-2318.362305,-5.983647,1.121668,-0.000039947,-0.000000358,3.141174316,1
189.080205,189.079430,-2318.792236,-5.983471,1.121668,-0.000039947,-0.000000358,3.141183853,1
189.129829,189.129430,-2319.652832,-5.983199,1.121668,-0.000039947,-0.000000358,3.141357183,1
189.179875,189.179430,-2320.083496,-5.983175,1.121668,-0.000039947,-0.000000358,3.141537189,1
189.229967,189.229430,-2320.942139,-5.983185,1.121668,-0.000039947,-0.000000358,-3.141591311,1
189.280030,189.279430,-2321.370361,-5.983320,1.121668,-0.000039947,-0.000000358,-3.141275644,1
189.330193,189.329430,-2322.227051,-5.984138,1.121669,-0.000039947,-0.000000358,-3.140444756,1
189.381180,189.379430,-2322.655518,-5.984651,1.121669,-0.000039947,-0.000000358,-3.140396118,1
189.429834,189.429430,-2323.512207,-5.985644,1.121701,0.000025899,0.002025008,-3.140501022,1
189.479907,189.479430,-2323.938965,-5.986047,1.121637,-0.000026099,-0.000037074,-3.140640736,1
189.529957,189.529430,-2324.786865,-5.986409,1.121675,-0.000029295,-0.000210762,-3.141457796,1
189.579087,189.579430,-2325.208740,-5.986232,1.121675,-0.000029295,-0.000255585,3.141170979,1
189.630176,189.629430,-2326.051514,-5.985372,1.119340,-0.000017577,-0.001241088,3.140369415,1
189.679286,189.679430,-2326.473389,-5.984729,1.121882,0.000012949,-0.000312686,3.140064716,1
189.729869,189.729430,-2327.315674,-5.983250,1.122200,0.000000380,-0.000275135,3.139780045,1
189.779931,189.779430,-2327.736084,-5.982599,1.122316,0.000000308,-0.000275135,3.140043020,1
189.830039,189.829430,-2328.577637,-5.981643,1.122548,0.000000167,-0.000275135,3.140554190,1
189.879132,189.879430,-2328.999268,-5.981197,1.122664,0.000000172,-0.000275135,3.140535116,1
189.929265,189.929430,-2329.845215,-5.980587,1.122896,0.000000036,-0.000275135,3.141030788,1
189.979841,189.979430,-2330.269043,-5.980570,1.123013,0.000000000,-0.000275135,3.141554356,1
190.029969,190.029430,-2331.118896,-5.981097,1.123247,0.000000000,-0.000275135,-3.140862465,1
190.080028,190.079430,-2331.544434,-5.981561,1.123364,0.000000000,-0.000275135,-3.140502930,1
190.130155,190.129430,-2332.396729,-5.983082,1.123599,0.000000000,-0.000275135,-3.139633894,1
190.179238,190.179430,-2332.823730,-5.983960,1.123716,0.000000000,-0.000275135,-3.139536619,1
190.229853,190.229430,-2333.676270,-5.985419,1.123951,0.000000125,-0.000275135,-3.139989376,1
190.279922,190.279430,-2334.102051,-5.986087,1.124068,0.000000133,-0.000275135,-3.140020370,1
190.329085,190.329430,-2334.953613,-5.987139,1.124302,0.000000267,-0.000275135,-3.140508175,1
190.381111,190.379430,-2335.379883,-5.987358,1.124419,0.000000424,-0.000275135,-3.141077280,1
190.429795,190.429430,-2336.233154,-5.987134,1.124680,0.000000408,0.002312660,3.141256094,1
190.479133,190.479430,-2336.659912,-5.986749,1.124736,0.000022646,0.001136064,3.140691757,1
190.529268,190.529430,-2337.510986,-5.985495,1.124993,0.000008222,0.001081228,3.140030622,1
190.579944,190.579430,-2337.936279,-5.984851,1.125111,0.000008149,0.001078606,3.140078306,1
190.630052,190.629430,-2338.787598,-5.983436,1.119195,0.000151852,-0.001267195,3.139767647,1
190.679117,190.679430,-2339.213867,-5.982696,1.121850,0.000011120,-0.000331759,3.139855385,1
190.730215,190.729430,-2340.068115,-5.981184,1.122191,0.000000764,-0.000290751,3.139802456,1
190.779810,190.779430,-2340.495850,-5.980492,1.122316,0.000000713,-0.000290751,3.139975071,1
190.828963,190.829430,-2341.352539,-5.979296,1.122565,0.000000630,-0.000290751,3.140261412,1
190.879030,190.879430,-2341.781250,-5.978817,1.122689,0.000000567,-0.000290751,3.140478373,1
190.930132,190.929430,-2342.638428,-5.978346,1.122939,0.000000338,-0.000290751,3.141265631,1
190.979225,190.979430,-2343.066162,-5.978290,1.123063,0.000000282,-0.000290751,3.141459703,1
191.030817,191.029430,-2343.920166,-5.978322,1.123311,0.000000194,-0.000290751,-3.141424894,1
191.079882,191.079430,-2344.347412,-5.978518,1.123436,0.000000109,-0.000290751,-3.141133308,1
191.130982,191.129430,-2345.202637,-5.978900,1.123684,0.000000140,-0.000290751,-3.141237974,1
191.179081,191.179430,-2345.629883,-5.979039,1.123808,0.000000149,-0.000290751,-3.141267538,1
191.230178,191.229430,-2346.481934,-5.979392,1.124056,0.000000104,-0.000290751,-3.141115665,1
191.280232,191.279430,-2346.907471,-5.979649,1.124180,0.000000067,-0.000290751,-3.140987635,1
191.329856,191.329430,-2347.759521,-5.980430,1.124428,0.000000000,-0.000290751,-3.140582561,1
191.379919,191.379430,-2348.186768,-5.980942,1.124648,0.000123112,0.000668406,-3.140433311,1
191.430093,191.429430,-2349.041016,-5.981642,1.124763,-0.000025034,0.001127005,-3.140968084,1
191.479186,191.479430,-2349.469238,-5.981790,1.124932,-0.000004261,0.001074791,-3.141244888,1
191.529798,191.529430,-2350.325684,-5.981702,1.125161,-0.000007457,0.001074791,3.141399622,1
191.579893,191.579430,-2350.753906,-5.981446,1.123627,0.000183544,0.000421166,3.141001463,1
191.629988,191.629430,-2351.611084,-5.980356,1.121851,-0.000016512,-0.000357866,3.140477896,1
191.681035,191.679430,-2352.040039,-5.979737,1.122126,-0.000013316,-0.000291467,3.140145302,1
191.730173,191.729430,-2352.898193,-5.978191,1.122380,0.000000663,-0.000290394,3.139789581,1
191.780232,191.779430,-2353.327393,-5.977503,1.122505,0.000000605,-0.000290394,3.139989614,1
191.828875,191.829430,-2354.186035,-5.976381,1.122754,0.000000478,-0.000290394,3.140425444,1
191.879916,191.879430,-2354.615479,-5.975941,1.122879,0.000000437,-0.000290394,3.140568018,1
191.930053,191.929430,-2355.474609,-5.975351,1.123128,0.000000325,-0.000290394,3.140954256,1
191.980839,191.979430,-2355.904053,-5.975190,1.123253,0.000000248,-0.000290394,3.141217470,1
192.030985,192.029430,-2356.763184,-5.975510,1.123502,-0.000000000,-0.000290394,-3.140970469,1
192.079105,192.079430,-2357.192627,-5.975866,1.123627,0.000000000,-0.000290394,-3.140762329,1
192.130209,192.129430,-2358.051270,-5.977186,1.123876,0.000000000,-0.000290394,-3.139832735,1
192.179803,192.179430,-2358.480469,-5.978083,1.124001,0.000000000,-0.000290394,-3.139503717,1
192.229910,192.229430,-2359.339600,-5.980184,1.124251,0.000000000,-0.000290394,-3.138948441,1
192.279000,192.279430,-2359.768799,-5.981361,1.124375,0.000000000,-0.000290394,-3.138849258,1
192.330093,192.329430,-2360.626709,-5.983866,1.124653,0.000012807,0.002385139,-3.138653278,1
192.379179,192.379430,-2361.055664,-5.985073,1.124711,-0.000005859,0.001124859,-3.138773918,1
192.429786,192.429430,-2361.912842,-5.986702,1.124986,-0.000001598,0.001074791,-3.139986277,1
192.479849,192.479430,-2362.341553,-5.987111,1.125130,-0.000002131,0.001074791,-3.140637398,1
192.529989,192.529430,-2363.198975,-5.987438,1.118742,-0.000022903,-0.001466870,3.141565800,1
192.579112,192.579430,-2363.628174,-5.987124,1.121846,-0.000000533,-0.000339389,3.140858412,1
192.629219,192.629430,-2364.485596,-5.986162,1.122202,0.000000591,-0.000289559,3.140499830,1
192.679781,192.679430,-2364.914062,-5.985697,1.122326,0.000000589,-0.000289559,3.140508175,1
192.729892,192.729430,-2365.772217,-5.984838,1.122575,0.000000561,-0.000289559,3.140604258,1
192.779002,192.779430,-2366.201660,-5.984440,1.122699,0.000000543,-0.000289559,3.140665770,1
192.830059,192.829430,-2367.060303,-5.983397,1.122948,0.000000636,-0.000289559,3.140342474,1
192.879148,192.879430,-2367.489746,-5.982867,1.123072,0.000000632,-0.000289559,3.140359402,1
192.929284,192.929430,-2368.349365,-5.981757,1.123321,0.000000653,-0.000289559,3.140286684,1
192.979822,192.979430,-2368.779297,-5.981276,1.123445,0.000000598,-0.000289559,3.140475512,1
193.029974,193.029430,-2369.639404,-5.980598,1.123694,0.000000455,-0.000289559,3.140970469,1
193.080039,193.079430,-2370.068604,-5.980486,1.123819,0.000000350,-0.000289559,3.141331911,1
193.130205,193.129430,-2370.924072,-5.980878,1.124067,0.000000067,-0.000289559,-3.140874863,1
193.179782,193.179430,-2371.351318,-5.981308,1.124191,0.000000000,-0.000289559,-3.140585184,1
193.229890,193.229430,-2372.206543,-5.982540,1.124439,0.000000000,-0.000289559,-3.140004396,1
193.280938,193.279430,-2372.634766,-5.983328,1.124866,0.000424771,0.001001954,-3.139822721,1
193.331048,193.329430,-2373.491943,-5.984742,1.124785,-0.000020773,0.001105785,-3.140029430,1
193.379148,193.379430,-2373.920654,-5.985413,1.124922,-0.000010653,0.001077533,-3.140025854,1
193.430250,193.429430,-2374.778809,-5.986625,1.125172,-0.000009055,0.001076460,-3.140296221,1
193.479824,193.479430,-2375.207764,-5.987004,1.122867,0.000215539,0.000126243,-3.140695572,1
193.530955,193.529430,-2376.066162,-5.987116,1.121910,0.000014763,-0.000339270,3.141531467,1
193.579091,193.579430,-2376.495361,-5.986915,1.122139,0.000001427,-0.000289798,3.141123056,1
193.629216,193.629430,-2377.353271,-5.985788,1.122388,0.000001728,-0.000289798,3.140082598,1
193.679796,193.679430,-2377.782227,-5.984929,1.122512,0.000001871,-0.000289798,3.139589071,1
193.729928,193.729430,-2378.640625,-5.982666,1.122761,0.000002098,-0.000289798,3.138804913,1
193.779995,193.779430,-2379.070068,-5.981398,1.122885,0.000002146,-0.000289798,3.138640165,1
193.830136,193.829430,-2379.928467,-5.979084,1.123133,0.000002061,-0.000289798,3.138934612,1
193.879215,193.879430,-2380.357666,-5.977992,1.123257,0.000002028,-0.000289798,3.139047384,1
193.929818,193.929430,-2381.216309,-5.976362,1.123506,0.000001744,-0.000289798,3.140025139,1
193.979888,193.979430,-2381.645264,-5.976021,1.123630,0.000001521,-0.000289798,3.140796661,1
194.030997,194.029430,-2382.503906,-5.976111,1.123878,0.000001171,-0.000289798,-3.141180992,1
194.079115,194.079430,-2382.933105,-5.976610,1.124002,0.000000954,-0.000289798,-3.140430927,1
194.130242,194.129430,-2383.791748,-5.978150,1.124251,0.000000724,-0.000289798,-3.139636993,1
194.179817,194.179430,-2384.221436,-5.979162,1.124375,0.000000608,-0.000289798,-3.139236689,1
194.229905,194.229430,-2385.080566,-5.981382,1.124649,-0.000004261,0.002297640,-3.138914108,1
194.280939,194.279430,-2385.510498,-5.982500,1.124752,-0.000007989,0.001086473,-3.138996124,1
194.330054,194.329430,-2386.370361,-5.984323,1.124985,0.000000000,0.001075983,-3.139678955,1
194.379153,194.379430,-2386.800049,-5.984925,1.125109,-0.000000533,0.001075983,-3.140193939,1
194.430205,194.429430,-2387.659912,-5.985405,1.118545,0.000387022,-0.001563668,-3.141083241,1
194.480194,194.479430,-2388.090088,-5.985431,1.121838,0.000015070,-0.000341058,-3.141529083,1
194.529821,194.529430,-2388.950195,-5.985034,1.122200,0.000000225,-0.000288725,3.141080618,1
194.579904,194.579430,-2389.379883,-5.984762,1.122324,0.000000260,-0.000288725,3.140959501,1
194.630022,194.629430,-2390.239746,-5.983974,1.122572,0.000000375,-0.000288725,3.140560865,1
194.679149,194.679430,-2390.669678,-5.983490,1.122697,0.000000402,-0.000288725,3.140467167,1
194.730244,194.729430,-2391.529541,-5.982363,1.122945,0.000000471,-0.000288725,3.140230417,1
194.779819,194.779430,-2391.958252,-5.981897,1.123069,0.000000391,-0.000288725,3.140507460,1
194.829927,194.829430,-2392.813965,-5.981335,1.123316,0.000000218,-0.000288725,3.141103745,1
194.880964,194.879430,-2393.241943,-5.981269,1.123439,0.000000122,-0.000288725,3.141436815,1
194.930176,194.929430,-2394.098633,-5.981493,1.123687,0.000000000,-0.000288725,-3.141143322,1
194.979201,194.979430,-2394.527100,-5.981703,1.123810,0.000000000,-0.000288725,-3.141100645,1
195.029823,195.029430,-2395.384521,-5.982076,1.124058,0.000000019,-0.000288725,-3.141165733,1
195.079884,195.079430,-2395.813965,-5.982242,1.124182,0.000000030,-0.000288725,-3.141203880,1
195.131013,195.129430,-2396.673096,-5.982543,1.124430,0.000000053,-0.000288725,-3.141282558,1
195.179115,195.179430,-2397.103027,-5.982682,1.124825,0.000327255,0.000677466,-3.141401529,1
195.230248,195.229430,-2397.962646,-5.982653,1.124773,0.000027796,0.001077533,3.141408682,1
195.279834,195.279430,-2398.392578,-5.982450,1.124914,-0.000000533,0.001075983,3.141119719,1
195.329935,195.329430,-2399.252686,-5.981696,1.125163,-0.000001065,0.001075983,3.140616894,1
195.379014,195.379430,-2399.682861,-5.981222,1.123763,0.000027113,0.000490069,3.140491724,1
195.430082,195.429430,-2400.543457,-5.980192,1.121852,0.000020071,-0.000355124,3.140289545,1
195.479186,195.479430,-2400.973633,-5.979451,1.122125,0.000012531,-0.000289440,3.139873266,1
195.529795,195.529430,-2401.833984,-5.977747,1.122378,0.000000381,-0.000288248,3.139612913,1
195.579184,195.579430,-2402.264160,-5.976946,1.122502,0.000000347,-0.000288248,3.139729023,1
195.630282,195.629430,-2403.124023,-5.975841,1.122750,0.000000089,-0.000288248,3.140624046,1
195.679806,195.679430,-2403.553467,-5.975634,1.122874,0.000000000,-0.000288248,3.141111612,1
195.729912,195.729430,-2404.413086,-5.975630,1.123122,0.000000000,-0.000288248,-3.141435862,1
195.779005,195.779430,-2404.843018,-5.975726,1.123245,0.000000000,-0.000288248,-3.141367674,1
195.830107,195.829430,-2405.701904,-5.976338,1.123493,0.000000000,-0.000288248,-3.140722752,1
195.880184,195.879430,-2406.131104,-5.976686,1.123617,0.000000017,-0.000288248,-3.140780687,1
195.929805,195.929430,-2406.985596,-5.977650,1.123863,0.000000000,-0.000288248,-3.140334368,1
195.979886,195.979430,-2407.409424,-5.978298,1.123985,-0.000000000,-0.000288248,-3.140062809,1
196.030013,196.029430,-2408.252197,-5.980098,1.124228,-0.000000000,-0.000288248,-3.139367104,1
196.080051,196.079430,-2408.672363,-5.981041,1.124349,0.000000000,-0.000288248,-3.139347792,1
196.130157,196.129430,-2409.512207,-5.982701,1.124847,0.000329105,0.001621365,-3.139642715,1
196.179310,196.179430,-2409.932373,-5.983398,1.124698,0.000027565,0.001099348,-3.139939070,1
196.228895,196.229430,-2410.774902,-5.983896,1.124963,0.000003376,0.001077056,-3.141335964,1
196.278976,196.279430,-2411.197266,-5.983794,1.125065,0.000006827,0.001077533,3.141350746,1
196.330076,196.329430,-2412.044434,-5.983238,1.121866,0.000365315,-0.000224233,3.140767336,1
196.381128,196.379430,-2412.468994,-5.982830,1.120795,0.000053485,-0.000707984,3.140618801,1
196.429760,196.429430,-2413.319092,-5.982028,1.122145,-0.000002131,-0.000288486,3.140744209,1
196.479850,196.479430,-2413.743896,-5.981788,1.122268,-0.000002131,-0.000288486,3.141027451,1
196.529976,196.529430,-2414.593506,-5.981433,1.122513,-0.000002131,-0.000288486,3.141178846,1
196.579090,196.579430,-2415.019043,-5.981303,1.122636,-0.000002131,-0.000288486,3.141286850,1
196.630172,196.629430,-2415.871582,-5.980910,1.122881,0.000000123,-0.000287652,3.141093731,1
196.679749,196.679430,-2416.298584,-5.980764,1.123003,0.000000078,-0.000287652,3.141251564,1
196.729855,196.729430,-2417.153320,-5.980817,1.123249,0.000000000,-0.000287652,-3.141448259,1
196.780893,196.779430,-2417.581299,-5.980975,1.123372,0.000000000,-0.000287652,-3.141224384,1
196.830038,196.829430,-2418.438232,-5.981371,1.123619,0.000000000,-0.000287652,-3.141129732,1
196.879143,196.879430,-2418.866943,-5.981654,1.123742,0.000000000,-0.000287652,-3.140933514,1
196.930246,196.929430,-2419.724365,-5.982105,1.123989,0.000000059,-0.000287652,-3.141138315,1
196.979361,196.979430,-2420.153564,-5.982273,1.124112,0.000000077,-0.000287652,-3.141201496,1
197.029969,197.029430,-2421.011963,-5.982230,1.124359,0.000000265,-0.000287652,3.141329527,1
197.079151,197.079430,-2421.441162,-5.981895,1.124483,0.000000413,-0.000287652,3.140815258,1
197.130224,197.129430,-2422.300293,-5.980792,1.124720,0.000017060,0.001077533,3.140177250,1
197.179820,197.179430,-2422.729980,-5.980210,1.124841,-0.000006392,0.001077533,3.140237570,1
197.229945,197.229430,-2423.589355,-5.979133,1.125087,-0.000006392,0.001077533,3.140427828,1
197.280992,197.279430,-2424.019043,-5.978636,1.125232,-0.000003196,0.001077533,3.140434742,1
197.330148,197.329430,-2424.878418,-5.977820,1.121863,0.000016341,-0.000318766,3.140883684,1
197.379444,197.379430,-2425.307861,-5.977492,1.122051,-0.000010653,-0.000286818,3.140823126,1
197.430134,197.429430,-2426.164551,-5.976864,1.122300,0.000000223,-0.000287056,3.140815020,1
197.480214,197.479430,-2426.592529,-5.976539,1.122422,0.000000218,-0.000287056,3.140831709,1
197.528880,197.529430,-2427.449463,-5.975870,1.122668,0.000000222,-0.000287056,3.140816927,1
197.578988,197.579430,-2427.878418,-5.975577,1.122792,0.000000195,-0.000287056,3.140911579,1
197.629105,197.629430,-2428.736816,-5.974983,1.123038,0.000000194,-0.000287056,3.140915394,1
197.679153,197.679430,-2429.166016,-5.974841,1.123161,0.000000095,-0.000287056,3.141259193,1
197.730257,197.729430,-2430.025146,-5.974822,1.123408,0.000000000,-0.000287056,-3.141540766,1
197.779828,197.779430,-2430.454834,-5.974883,1.123531,0.000000000,-0.000287056,-3.141450882,1
197.829940,197.829430,-2431.314453,-5.974981,1.123778,0.000000000,-0.000287056,-3.141406298,1
197.880007,197.879430,-2431.744141,-5.975113,1.123901,0.000000000,-0.000287056,-3.141285658,1
197.930133,197.929430,-2432.604248,-5.975602,1.124148,0.000000000,-0.000287056,-3.140944481,1
197.979246,197.979430,-2433.034424,-5.975928,1.124272,0.000000000,-0.000287056,-3.140835047,1
198.029840,198.029430,-2433.895020,-5.976755,1.124522,0.000005635,-0.000278950,-3.140632629,1
198.080891,198.079430,-2434.325195,-5.977227,1.124661,0.000009148,0.002672791,-3.140628576,1
198.130027,198.129430,-2435.185791,-5.978232,1.124881,-0.000025034,-0.000066996,-3.140231848,1
198.179122,198.179430,-2435.615723,-5.978876,1.125012,0.000001723,-0.000021100,-3.140095949,1
198.229859,198.229430,-2436.475830,-5.980306,1.125257,-0.000001065,0.000165701,-3.139941216,1
198.278965,198.279430,-2436.905762,-5.981028,1.117992,-0.000057524,-0.002581119,-3.140147686,1
198.330119,198.329430,-2437.766113,-5.981786,1.125087,-0.000050067,0.000230074,-3.140938044,1
198.379129,198.379430,-2438.196289,-5.981865,1.125071,0.000000023,0.000283957,-3.141406298,1
198.430288,198.429430,-2439.056396,-5.981494,1.124828,0.000000875,0.000286102,3.141038418,1
198.479910,198.479430,-2439.486572,-5.981055,1.124705,0.000000742,0.000286102,3.140572309,1
198.530030,198.529430,-2440.346436,-5.979804,1.124459,0.000000610,0.000286102,3.140109777,1
198.580124,198.579430,-2440.775391,-5.979225,1.124337,0.000000648,0.000286102,3.140243530,1
198.630240,198.629430,-2441.630127,-5.978420,1.124092,0.000000814,0.000286102,3.140824318,1
198.680808,198.679430,-2442.056641,-5.978128,1.123970,0.000000838,0.000286102,3.140906572,1
198.730966,198.729430,-2442.910156,-5.977989,1.123726,0.000001040,0.000286102,-3.141570330,1
198.779065,198.779430,-2443.337646,-5.978132,1.123604,0.000001129,0.000286102,-3.141260386,1
198.830185,198.829430,-2444.191406,-5.978422,1.123360,0.000001159,0.000286102,-3.141154766,1
198.880750,198.879430,-2444.617676,-5.978705,1.123238,0.000001224,0.000286102,-3.140927553,1
198.930869,198.929430,-2445.470459,-5.979483,1.122994,0.000001316,0.000286102,-3.140605211,1
198.978971,198.979430,-2445.897705,-5.979874,1.122871,0.000001295,0.000286102,-3.140676737,1
199.030034,199.029430,-2446.752197,-5.980203,1.122647,-0.000011718,0.002554536,-3.141569138,1
199.081078,199.079430,-2447.178711,-5.980028,1.122600,-0.000455401,-0.000477076,3.141194820,1
199.130244,199.129430,-2448.028076,-5.979321,1.122272,0.000000974,-0.001075864,3.140548468,1
199.179818,199.179430,-2448.451904,-5.978759,1.122151,0.000001275,-0.001075864,3.140268326,1
199.230973,199.229430,-2449.300049,-5.977447,1.118572,-0.000033023,-0.002356410,3.140091658,1
199.281022,199.279430,-2449.724365,-5.976899,1.123019,-0.000511327,-0.000574946,3.140259266,1
199.330215,199.329430,-2450.575928,-5.975996,1.125065,0.000003196,0.000283957,3.140630245,1
199.379331,199.379430,-2451.002197,-5.975750,1.124945,0.000000614,0.000285506,3.141013384,1
199.429932,199.429430,-2451.856445,-5.975802,1.124701,0.000000851,0.000285506,-3.141343355,1
199.480964,199.479430,-2452.284180,-5.976099,1.124579,0.000000977,0.000285506,-3.140901089,1
199.530125,199.529430,-2453.140137,-5.977468,1.124335,0.000001333,0.000285506,-3.139653921,1
199.579304,199.579430,-2453.568115,-5.978425,1.124213,0.000001418,0.000285506,-3.139355659,1
199.629857,199.629430,-2454.424072,-5.980615,1.123968,0.000001526,0.000285506,-3.138977051,1
199.679108,199.679430,-2454.852539,-5.981704,1.123846,0.000001505,0.000285506,-3.139050722,1
199.730058,199.729430,-2455.709961,-5.983737,1.123601,0.000001448,0.000285506,-3.139250278,1
199.779147,199.779430,-2456.138916,-5.984630,1.123479,0.000001374,0.000285506,-3.139509439,1
199.830247,199.829430,-2456.997314,-5.985881,1.123234,0.000001130,0.000285506,-3.140362501,1
199.879822,199.879430,-2457.426758,-5.986215,1.123111,0.000001001,0.000285506,-3.140814543,1
199.929902,199.929430,-2458.286377,-5.986446,1.122866,0.000000813,0.000285506,-3.141475439,1
199.979959,199.979430,-2458.716553,-5.986396,1.122743,0.000000746,0.000285506,3.141475677,1
200.030038,200.029430,-2459.574951,-5.985611,1.122455,0.000000742,0.000290751,3.140454292,1
200.079133,200.079430,-2460.002930,-5.985001,1.122373,0.000002576,0.000105977,3.140165329,1
200.130213,200.129430,-2460.859131,-5.983349,1.122128,0.000000116,-0.000090241,3.139455795,1
200.179800,200.179430,-2461.287598,-5.982329,1.122010,0.000000406,-0.000181317,3.139212370,1
200.230880,200.229430,-2462.145264,-5.980478,1.121801,0.000017298,-0.000367641,3.139349699,1
200.279970,200.279430,-2462.574219,-5.979552,1.122109,0.000003198,-0.000285745,3.139433146,1
200.331032,200.329430,-2463.432617,-5.978148,1.122354,0.000002972,-0.000285745,3.140222788,1
200.380121,200.379430,-2463.861572,-5.977705,1.122477,0.000002876,-0.000285745,3.140559673,1
200.430247,200.429430,-2464.720215,-5.977204,1.122722,0.000002727,-0.000285745,3.141079664,1
200.479996,200.479430,-2465.149414,-5.977118,1.122845,0.000002638,-0.000285745,3.141390562,1
200.530098,200.529430,-2466.005371,-5.977376,1.123090,0.000002450,-0.000285745,-3.141134024,1
200.579254,200.579430,-2466.432129,-5.977800,1.123212,0.000002297,-0.000285745,-3.140598536,1
200.629852,200.629430,-2467.285156,-5.979349,1.123455,0.000002006,-0.000285745,-3.139580965,1
200.678959,200.679430,-2467.711914,-5.980345,1.123577,0.000001914,-0.000285745,-3.139260054,1
200.730043,200.729430,-2468.566650,-5.982337,1.123820,-0.000001598,-0.000285387,-3.139388800,1
200.781069,200.779430,-2468.994385,-5.983171,1.123942,-0.000001598,-0.000285387,-3.139643192,1
200.830242,200.829430,-2469.850342,-5.984354,1.124187,-0.000001598,-0.000285387,-3.140508175,1
200.879828,200.879430,-2470.278320,-5.984572,1.124309,-0.000001598,-0.000285387,-3.141080856,1
200.930920,200.929430,-2471.135010,-5.984292,1.124756,0.000284526,0.000339270,3.140999079,1
200.980995,200.979430,-2471.563965,-5.983758,1.124796,0.000004066,0.003087640,3.140275717,1
201.031123,201.029430,-2472.421875,-5.982061,1.124907,-0.000000533,0.001082182,3.139497757,1
201.079260,201.079430,-2472.851074,-5.981068,1.125031,0.000001890,0.001078606,3.139277458,1
201.129902,201.129430,-2473.709229,-5.979202,1.124251,0.000475762,0.000654101,3.139486313,1
201.179018,201.179430,-2474.138672,-5.978083,1.115751,0.000112760,-0.002637625,3.139726400,1
201.230074,201.229430,-2474.995117,-5.976546,1.122114,0.000003108,-0.000285983,3.139843225,1
201.279161,201.279430,-2475.422363,-5.975864,1.122236,0.000003064,-0.000285983,3.139996290,1
201.329276,201.329430,-2476.276855,-5.974695,1.122481,0.000002955,-0.000285983,3.140378475,1
201.380839,201.379430,-2476.704590,-5.974244,1.122603,0.000002909,-0.000285983,3.140537739,1
201.430934,201.429430,-2477.560791,-5.973721,1.122846,0.000000123,-0.000284910,3.141112804,1
201.479040,201.479430,-2477.989258,-5.973555,1.122968,0.000000096,-0.000284910,3.141206264,1
201.530141,201.529430,-2478.846924,-5.973570,1.123213,0.000000000,-0.000284910,-3.141379595,1
201.579765,201.579430,-2479.275879,-5.973823,1.123335,0.000000000,-0.000284910,-3.141003609,1
201.629891,201.629430,-2480.134766,-5.974745,1.123580,0.000000000,-0.000284910,-3.140350342,1
201.678971,201.679430,-2480.564209,-5.975296,1.123702,0.000000000,-0.000284910,-3.140310049,1
201.730068,201.729430,-2481.420898,-5.976486,1.123946,0.000000006,-0.000284910,-3.140213490,1
201.779150,201.779430,-2481.848145,-5.976942,1.124068,0.000000095,-0.000284910,-3.140524387,1
201.830257,201.829430,-2482.701904,-5.977656,1.124311,0.000000175,-0.000284910,-3.140804052,1
201.879825,201.879430,-2483.129395,-5.977881,1.124433,0.000000250,-0.000284910,-3.141067505,1
201.930940,201.929430,-2483.984863,-5.978174,1.124815,-0.000021838,0.003103614,-3.141393900,1
201.980164,201.979430,-2484.413330,-5.978209,1.124754,0.000002402,0.001157999,-3.141524792,1
202.028806,202.029430,-2485.270996,-5.978405,1.125031,0.000000927,0.001079202,-3.141237974,1
202.080808,202.079430,-2485.699463,-5.978531,1.125153,0.000000858,0.001079202,-3.141302109,1
202.129943,202.129430,-2486.556885,-5.978569,1.115668,0.000112512,-0.002646923,-3.141061306,1
202.179029,202.179430,-2486.985352,-5.978795,1.121777,-0.000015979,-0.000377297,-3.141052485,1
202.231119,202.229430,-2487.843750,-5.979342,1.122237,0.000000138,-0.000284433,-3.140937567,1
202.279248,202.279430,-2488.273193,-5.979560,1.122359,0.000000181,-0.000284433,-3.141085386,1
202.328941,202.329430,-2489.132568,-5.979848,1.122603,0.000000262,-0.000284433,-3.141372919,1
202.379957,202.379430,-2489.562256,-5.979810,1.122725,0.000000350,-0.000284433,3.141502380,1
202.430083,202.429430,-2490.421143,-5.979566,1.122970,0.000000424,-0.000284433,3.141242504,1
202.479202,202.479430,-2490.849121,-5.979379,1.123092,0.000000449,-0.000284433,3.141155243,1
202.529785,202.529430,-2491.704346,-5.979095,1.123335,0.000000422,-0.000284433,3.141251564,1
202.579869,202.579430,-2492.132080,-5.978918,1.123456,0.000000442,-0.000284433,3.141179085,1
202.629968,202.629430,-2492.988037,-5.978621,1.123700,0.000000432,-0.000284433,3.141216040,1
202.681008,202.679430,-2493.416260,-5.978570,1.123822,0.000000359,-0.000284433,3.141472340,1
202.730165,202.729430,-2494.272949,-5.978556,1.124065,0.000000338,-0.000284433,3.141545296,1
202.781208,202.779430,-2494.701416,-5.978588,1.124187,0.000000304,-0.000284433,-3.141517878,1
202.829874,202.829430,-2495.559326,-5.978899,1.124431,0.000000185,-0.000284433,-3.141099691,1
202.880916,202.879430,-2495.988281,-5.979167,1.124780,0.000277269,0.000209331,-3.141051531,1
202.930050,202.929430,-2496.846680,-5.979825,1.124743,-0.000034621,0.001170277,-3.140656710,1
202.980133,202.979430,-2497.274902,-5.980299,1.124901,-0.000013848,0.001084328,-3.140484571,1
203.030236,203.029430,-2498.129639,-5.981524,1.125149,-0.000008522,0.001080751,-3.140085459,1
203.078846,203.079430,-2498.557373,-5.982203,1.124986,0.000117956,0.000959277,-3.140002489,1
203.129934,203.129430,-2499.412842,-5.983582,1.121796,-0.000014914,-0.000381589,-3.139903307,1
203.179006,203.179430,-2499.840576,-5.984202,1.122101,0.000016397,-0.000289798,-3.140141964,1
203.230109,203.229430,-2500.697021,-5.985311,1.122351,-0.000000533,-0.000283837,-3.140407562,1
203.279221,203.279430,-2501.125488,-5.985666,1.122473,-0.000000533,-0.000283837,-3.140763283,1
203.328953,203.329430,-2501.982666,-5.985925,1.122716,-0.000000533,-0.000283837,-3.141376734,1
203.380888,203.379430,-2502.411621,-5.985925,1.122838,-0.000000533,-0.000283837,-3.141590834,1
203.430006,203.429430,-2503.267822,-5.985364,1.123081,-0.000000533,-0.000283837,3.140716553,1
203.479104,203.479430,-2503.694824,-5.984854,1.123202,-0.000000533,-0.000283837,3.140398264,1
203.530196,203.529430,-2504.549561,-5.983712,1.123445,-0.000000533,-0.000283837,3.140252590,1
203.579819,203.579430,-2504.977539,-5.983202,1.123567,-0.000000533,-0.000283837,3.140399456,1
203.630900,203.629430,-2505.833496,-5.982129,1.123808,-0.000000533,-0.000283837,3.140275955,1
203.680964,203.679430,-2506.260498,-5.981637,1.123930,-0.000000533,-0.000283837,3.140441179,1
203.730108,203.729430,-2507.114014,-5.980983,1.124172,-0.000000533,-0.000283837,3.140942335,1
203.781168,203.779430,-2507.541260,-5.980783,1.124293,-0.000000533,-0.000283837,3.141125441,1
203.828884,203.829430,-2508.396973,-5.980715,1.124504,0.000054543,-0.000239015,-3.141556501,1
203.879903,203.879430,-2508.825195,-5.980746,1.124686,-0.000030893,0.002911925,-3.141397238,1
203.930025,203.929430,-2509.681641,-5.981568,1.124884,0.000011802,0.001083255,-3.140370846,1
203.979114,203.979430,-2510.109863,-5.982224,1.125010,0.000007579,0.001080751,-3.140062094,1
204.030221,204.029430,-2510.967285,-5.983801,1.125246,0.000036243,0.001072049,-3.139657497,1
204.079802,204.079430,-2511.396240,-5.984703,1.117535,-0.000056459,-0.001934886,-3.139734030,1
204.129916,204.129430,-2512.254395,-5.986372,1.122087,-0.000012783,-0.000287414,-3.139707327,1
204.180953,204.179430,-2512.683105,-5.986991,1.122214,0.000000000,-0.000283241,-3.140150785,1
204.230126,204.229430,-2513.541260,-5.987675,1.122457,0.000000245,-0.000283241,-3.141017199,1
204.279210,204.279430,-2513.970215,-5.987578,1.122579,0.000000472,-0.000283241,3.141367674,1
204.329865,204.329430,-2514.827393,-5.986625,1.122821,0.000000768,-0.000283241,3.140322924,1
204.379923,204.379430,-2515.256104,-5.986072,1.122943,0.000000773,-0.000283241,3.140302896,1
204.430022,204.429430,-2516.113770,-5.984696,1.123186,0.000000891,-0.000283241,3.139886618,1
204.479127,204.479430,-2516.542969,-5.983872,1.123307,0.000000952,-0.000283241,3.139673233,1
204.530226,204.529430,-2517.402100,-5.982090,1.123551,0.000000988,-0.000283241,3.139544725,1
204.579844,204.579430,-2517.831787,-5.981252,1.123672,0.000000960,-0.000283241,3.139643669,1
204.630011,204.629430,-2518.691406,-5.979738,1.123916,0.000000904,-0.000283241,3.139841080,1
204.679039,204.679430,-2519.121338,-5.979056,1.124038,0.000000857,-0.000283241,3.140006542,1
204.730187,204.729430,-2519.981934,-5.977871,1.124281,0.000000783,-0.000283241,3.140269279,1
204.779297,204.779430,-2520.412109,-5.977396,1.124403,0.000000721,-0.000283241,3.140487909,1
204.828932,204.829430,-2521.271973,-5.976818,1.124674,0.000017081,0.002574205,3.140990019,1
204.880955,204.879430,-2521.699707,-5.976583,1.124727,-0.000025034,0.001142025,3.141037703,1
204.930294,204.929430,-2522.549561,-5.976244,1.124996,-0.000007989,0.001081824,3.141257286,1
204.979206,204.979430,-2522.972656,-5.976127,1.125117,-0.000007989,0.001081824,3.141313076,1
205.029812,205.029430,-2523.817383,-5.976140,1.118744,0.000099788,-0.001466393,-3.141267538,1
205.078909,205.079430,-2524.239990,-5.976395,1.121840,0.000004442,-0.000332713,-3.140985250,1
205.129998,205.129430,-2525.086426,-5.976827,1.122188,-0.000000533,-0.000282645,-3.141072035,1
205.180299,205.179430,-2525.510986,-5.977075,1.122308,-0.000000533,-0.000282645,-3.141010761,1
205.229817,205.229430,-2526.362305,-5.977694,1.122548,-0.000000533,-0.000282645,-3.140839577,1
205.278902,205.279430,-2526.788574,-5.978097,1.122669,-0.000000533,-0.000282645,-3.140645266,1
205.330000,205.329430,-2527.642334,-5.978930,1.122910,-0.000000533,-0.000282645,-3.140548468,1
205.379099,205.379430,-2528.069824,-5.979472,1.123031,-0.000000533,-0.000282645,-3.140325785,1
205.430212,205.429430,-2528.925781,-5.980862,1.123273,-0.000000533,-0.000282645,-3.139916182,1
205.480773,205.479430,-2529.354248,-5.981579,1.123394,-0.000000533,-0.000282645,-3.139919281,1
205.529878,205.529430,-2530.211426,-5.982704,1.123636,-0.000000533,-0.000282645,-3.140411854,1
205.580757,205.579430,-2530.640137,-5.983219,1.123757,-0.000000533,-0.000282645,-3.140392542,1
205.629896,205.629430,-2531.495361,-5.983884,1.123999,-0.000000533,-0.000282645,-3.141055822,1
205.678987,205.679430,-2531.921631,-5.983910,1.124120,-0.000000533,-0.000282645,-3.141532183,1
205.730038,205.729430,-2532.774414,-5.983538,1.124361,-0.000000533,-0.000282645,3.140970707,1
205.781094,205.779430,-2533.201172,-5.983188,1.124481,-0.000000533,-0.000282645,3.140771151,1
205.830230,205.829430,-2534.055420,-5.982141,1.124711,0.000035297,0.001104712,3.140233040,1
205.878830,205.879430,-2534.481689,-5.981554,1.124831,0.000008428,0.001082182,3.140216112,1
205.929911,205.929430,-2535.333496,-5.980420,1.125092,0.000003868,0.001081228,3.140150785,1
205.980940,205.979430,-2535.759521,-5.979743,1.125193,0.000007386,0.001081228,3.140002251,1
206.030073,206.029430,-2536.612305,-5.978732,1.121785,0.000039907,-0.000326276,3.140595913,1
206.079162,206.079430,-2537.039062,-5.978542,1.122025,-0.000002131,-0.000284314,3.141147137,1
206.129789,206.129430,-2537.893555,-5.978562,1.122270,0.000000000,-0.000282168,-3.141396999,1
206.179929,206.179430,-2538.321533,-5.978772,1.122390,0.000000000,-0.000282168,-3.141102552,1
206.231003,206.229430,-2539.177979,-5.979307,1.122632,0.000000000,-0.000282168,-3.140908003,1
206.280093,206.279430,-2539.606934,-5.979591,1.122753,0.000000006,-0.000282168,-3.140929461,1
206.330271,206.329430,-2540.464111,-5.979665,1.122995,0.000000221,-0.000282168,3.141492844,1
206.380772,206.379430,-2540.893311,-5.979508,1.123116,0.000000296,-0.000282168,3.141228914,1
206.429932,206.429430,-2541.751465,-5.978817,1.123358,0.000000435,-0.000282168,3.140736580,1
206.479988,206.479430,-2542.180664,-5.978390,1.123479,0.000000474,-0.000282168,3.140598536,1
206.530104,206.529430,-2543.039551,-5.977507,1.123722,0.000000485,-0.000282168,3.140559912,1
206.579254,206.579430,-2543.469482,-5.977045,1.123843,0.000000497,-0.000282168,3.140516758,1
206.630847,206.629430,-2544.328613,-5.976460,1.124085,0.000000362,-0.000282168,3.140994787,1
206.678975,206.679430,-2544.758301,-5.976305,1.124207,0.000000295,-0.000282168,3.141231775,1
206.730059,206.729430,-2545.617188,-5.976551,1.124449,0.000000049,-0.000282168,-3.141081095,1
206.781120,206.779430,-2546.046387,-5.976823,1.124796,0.000305402,0.000591755,-3.140968561,1
206.829784,206.829430,-2546.904541,-5.977481,1.124683,0.000004721,-0.000051141,-3.140820503,1
206.880814,206.879430,-2547.333496,-5.977838,1.124927,-0.000002663,-0.000082612,-3.140760660,1
206.929964,206.929430,-2548.191895,-5.978915,1.125174,0.000000747,0.000097394,-3.140191078,1
206.979058,206.979430,-2548.621094,-5.979565,1.123706,0.000425434,-0.000445604,-3.140045166,1
207.030185,207.029430,-2549.480957,-5.980849,1.124776,-0.000336623,-0.000002861,-3.139601707,1
207.079907,207.079430,-2549.910400,-5.981648,1.125148,0.000029403,0.000266314,-3.139715433,1
207.130017,207.129430,-2550.766357,-5.983277,1.124923,0.000005124,0.000280142,-3.139715910,1
207.179132,207.179430,-2551.193848,-5.983959,1.124803,0.000005046,0.000280142,-3.139995813,1
207.230333,207.229430,-2552.048828,-5.984590,1.124563,0.000004741,0.000280142,-3.141085148,1
207.278886,207.279430,-2552.477051,-5.984621,1.124442,0.000000437,0.000281215,-3.141519308,1
207.329986,207.329430,-2553.331543,-5.984035,1.124202,0.000000186,0.000281215,3.140771389,1
207.379069,207.379430,-2553.758057,-5.983594,1.124082,0.000000126,0.000281215,3.140558481,1
207.430123,207.429430,-2554.611572,-5.982376,1.123842,-0.000000000,0.000281215,3.140064955,1
207.480205,207.479430,-2555.039062,-5.981655,1.123721,-0.000000000,0.000281215,3.139906883,1
207.529836,207.529430,-2555.895508,-5.979980,1.123481,0.000000000,0.000281215,3.139565706,1
207.578959,207.579430,-2556.324219,-5.979041,1.123360,0.000000000,0.000281215,3.139401913,1
207.630036,207.629430,-2557.182373,-5.977108,1.123120,0.000000043,0.000281215,3.139419556,1
207.680111,207.679430,-2557.611572,-5.976230,1.122999,0.000000079,0.000281215,3.139546156,1
207.728822,207.729430,-2558.470459,-5.974786,1.122757,0.000000199,0.000281215,3.139972687,1
207.780842,207.779430,-2558.899658,-5.974248,1.122599,0.000006472,0.000898480,3.140349150,1
207.830963,207.829430,-2559.755615,-5.973548,1.122396,-0.000000533,0.000121474,3.140915394,1
207.880045,207.879430,-2560.182373,-5.973544,1.122277,-0.000000533,0.000028849,3.141580820,1
207.930180,207.929430,-2561.035156,-5.974236,1.122038,-0.000000533,-0.000156045,-3.140603542,1
207.981230,207.979430,-2561.461670,-5.974924,1.121830,0.000029135,-0.000284791,-3.139979601,1
208.029869,208.029430,-2562.315186,-5.976850,1.122077,0.000000415,-0.000281095,-3.139219761,1
208.080895,208.079430,-2562.742432,-5.977968,1.122197,0.000000347,-0.000281095,-3.138977051,1
208.130025,208.129430,-2563.598145,-5.980335,1.122438,0.000000313,-0.000281095,-3.138858080,1
208.180114,208.179430,-2564.026367,-5.981381,1.122558,0.000000395,-0.000281095,-3.139148712,1
208.230239,208.229430,-2564.883057,-5.982830,1.122799,0.000000677,-0.000281095,-3.140150070,1
208.281067,208.279430,-2565.311279,-5.983107,1.122919,0.000000900,-0.000281095,-3.140944719,1
208.330239,208.329430,-2566.164795,-5.982740,1.123158,0.000001277,-0.000281095,3.140899420,1
208.380797,208.379430,-2566.591309,-5.982259,1.123278,0.000001399,-0.000281095,3.140466213,1
208.430503,208.429430,-2567.444824,-5.980674,1.123518,0.000001649,-0.000281095,3.139574766,1
208.481101,208.479430,-2567.872314,-5.979777,1.123638,0.000001673,-0.000281095,3.139492273,1
208.529747,208.529430,-2568.724365,-5.977884,1.123878,0.000001702,-0.000281095,3.139387846,1
208.579867,208.579430,-2569.147705,-5.976883,1.123997,0.000001748,-0.000281095,3.139225960,1
208.629009,208.629430,-2569.989990,-5.974880,1.124234,0.000001736,-0.000281095,3.139266968,1
208.679069,208.679430,-2570.410156,-5.973944,1.124352,0.000001708,-0.000281095,3.139364958,1
208.730163,208.729430,-2571.250488,-5.972467,1.124929,0.000460446,0.001148820,3.139951944,1
208.780251,208.779430,-2571.670410,-5.971939,1.124737,0.000029202,0.001806617,3.140312433,1
208.829892,208.829430,-2572.508057,-5.971287,1.124931,0.000000553,0.001082778,3.140938759,1
208.879952,208.879430,-2572.926758,-5.971196,1.125048,0.000001023,0.001082778,3.141373158,1
208.930061,208.929430,-2573.764893,-5.971902,1.123802,0.000461016,0.000483513,-3.140372992,1
208.979174,208.979430,-2574.185547,-5.972245,1.116202,-0.000014381,-0.002453804,-3.139922619,1
209.029764,209.029430,-2575.029053,-5.973982,1.122106,0.000016509,-0.000286460,-3.139543533,1
209.080795,209.079430,-2575.451660,-5.974811,1.122231,-0.000001065,-0.000280499,-3.139628887,1
209.129931,209.129430,-2576.298584,-5.976676,1.122469,-0.000001065,-0.000280499,-3.139396906,1
209.179994,209.179430,-2576.723145,-5.977509,1.122588,-0.000001065,-0.000280499,-3.139629364,1
209.230127,209.229430,-2577.573730,-5.979049,1.122826,-0.000001065,-0.000280499,-3.139746904,1
209.280217,209.279430,-2577.999268,-5.979724,1.122946,-0.000001065,-0.000280499,-3.140005589,1
209.329869,209.329430,-2578.848633,-5.980875,1.123184,-0.000001065,-0.000280499,-3.140257359,1
209.379935,209.379430,-2579.273438,-5.981322,1.123303,-0.000001065,-0.000280499,-3.140539408,1
209.430040,209.429430,-2580.124023,-5.981771,1.123542,-0.000001065,-0.000280499,-3.141252756,1
209.479149,209.479430,-2580.550293,-5.981806,1.123661,-0.000001065,-0.000280499,-3.141511202,1
209.530260,209.529430,-2581.403809,-5.981714,1.123901,-0.000001065,-0.000280499,3.141425371,1
209.579879,209.579430,-2581.829834,-5.981752,1.124020,-0.000001065,-0.000280499,-3.141504288,1
209.629981,209.629430,-2582.681885,-5.981933,1.124259,-0.000001065,-0.000280499,-3.141345263,1
209.680049,209.679430,-2583.108643,-5.982012,1.124379,-0.000001065,-0.000280499,-3.141407728,1
209.730165,209.729430,-2583.962646,-5.982152,1.124867,0.000326095,0.001821518,-3.141477346,1
209.780237,209.779430,-2584.390137,-5.982201,1.125066,-0.000506533,0.002272844,-3.141468525,1
209.829877,209.829430,-2585.246094,-5.982319,1.124973,0.000006577,-0.000051022,-3.141522884,1
209.879942,209.879430,-2585.674316,-5.982272,1.125097,0.000000675,0.000037313,3.141482115,1
209.930044,209.929430,-2586.531738,-5.982250,1.120510,0.000378612,-0.001608729,3.141506433,1
209.980136,209.979430,-2586.960449,-5.982322,1.118820,-0.000461792,-0.002274751,-3.141433716,1
210.030266,210.029430,-2587.817871,-5.982344,1.125116,-0.000005326,0.000274301,3.141555071,1
210.080836,210.079430,-2588.246826,-5.982320,1.125004,0.000001274,0.000279546,3.141538143,1
210.129943,210.129430,-2589.104980,-5.982183,1.124764,0.000001256,0.000279546,3.141474962,1
210.180995,210.179430,-2589.534180,-5.982126,1.124644,0.000001252,0.000279546,3.141459465,1
210.230146,210.229430,-2590.393311,-5.982063,1.124403,0.000001272,0.000279546,3.141531467,1
210.280249,210.279430,-2590.823242,-5.982050,1.124283,0.000001281,0.000279546,3.141564608,1
210.329912,210.329430,-2591.683105,-5.982109,1.124043,0.000001298,0.000279546,-3.141560078,1
210.379982,210.379430,-2592.113037,-5.982205,1.123923,0.000001351,0.000279546,-3.141369820,1
210.430122,210.429430,-2592.972900,-5.982614,1.123682,0.000001441,0.000279546,-3.141050100,1
210.478847,210.479430,-2593.403076,-5.982859,1.123563,0.000001449,0.000279546,-3.141021967,1
210.530033,210.529430,-2594.263184,-5.983549,1.123323,0.000001516,0.000279546,-3.140780449,1
210.580144,210.579430,-2594.693115,-5.984007,1.123203,0.000001587,0.000279546,-3.140527725,1
210.629765,210.629430,-2595.552490,-5.984975,1.122963,0.000001572,0.000279546,-3.140580416,1
210.679832,210.679430,-2595.982178,-5.985270,1.122843,0.000001480,0.000279546,-3.140908003,1
210.729934,210.729430,-2596.840820,-5.985382,1.122767,-0.000007989,0.002704739,3.141549826,1
210.780994,210.779430,-2597.268799,-5.985156,1.122849,-0.000681769,-0.000620484,3.141062021,1
210.830135,210.829430,-2598.123291,-5.983930,1.122257,0.000002774,-0.001079202,3.139936447,1
210.880207,210.879430,-2598.550537,-5.982988,1.122136,-0.000000533,-0.001081228,3.139387608,1
210.929836,210.929430,-2599.405273,-5.980842,1.116251,-0.000083623,-0.003247857,3.138779879,1
210.978933,210.979430,-2599.833008,-5.979664,1.124026,-0.000505468,-0.000265002,3.138839006,1
211.029994,211.029430,-2600.688721,-5.977378,1.125057,0.000002657,0.000278473,3.138969421,1
211.079115,211.079430,-2601.116699,-5.976430,1.124937,0.000002771,0.000278473,3.139379740,1
211.130182,211.129430,-2601.973633,-5.974970,1.124699,0.000002969,0.000278473,3.140090704,1
211.180751,211.179430,-2602.402100,-5.974534,1.124579,0.000003104,0.000278473,3.140576124,1
211.229846,211.229430,-2603.260010,-5.974265,1.124340,0.000003372,0.000278473,3.141536951,1
211.279907,211.279430,-2603.689209,-5.974389,1.124221,0.000003468,0.000278473,-3.141304016,1
211.330003,211.329430,-2604.548096,-5.974997,1.123981,0.000003599,0.000278473,-3.140835285,1
211.381026,211.379430,-2604.977783,-5.975379,1.123861,0.000000245,0.000279069,-3.140705347,1
211.430254,211.429430,-2605.837646,-5.976210,1.123621,0.000000277,0.000279069,-3.140590191,1
211.480749,211.479430,-2606.267822,-5.976642,1.123501,0.000000277,0.000279069,-3.140587568,1
211.530943,211.529430,-2607.128174,-5.977331,1.123261,0.000000216,0.000279069,-3.140805960,1
211.579951,211.579430,-2607.558105,-5.977570,1.123141,0.000000152,0.000279069,-3.141037703,1
211.630059,211.629430,-2608.418213,-5.978036,1.122901,0.000000150,0.000279069,-3.141042709,1
211.680129,211.679430,-2608.848145,-5.978176,1.122781,0.000000087,0.000279069,-3.141267776,1
211.729802,211.729430,-2609.708008,-5.978237,1.122541,0.000000012,0.000279069,-3.141538143,1
211.780831,211.779430,-2610.136719,-5.978240,1.122421,0.000000000,0.000279069,-3.141586304,1
211.829922,211.829430,-2610.993408,-5.978317,1.122184,0.000000755,-0.000040770,-3.141474724,1
211.879973,211.879430,-2611.421875,-5.978337,1.122065,0.000000823,-0.000133157,-3.141547441,1
211.930081,211.929430,-2612.280029,-5.978179,1.121934,0.000000612,-0.000276804,3.141284466,1
211.980886,211.979430,-2612.709229,-5.978019,1.122049,0.000000288,-0.000278711,3.141221285,1
212.029975,212.029430,-2613.568115,-5.977641,1.122289,0.000000299,-0.000278711,3.141181946,1
212.080064,212.079430,-2613.997803,-5.977491,1.122408,0.000000282,-0.000278711,3.141244888,1
212.130145,212.129430,-2614.857666,-5.977175,1.122648,0.000000285,-0.000278711,3.141234398,1
212.180231,212.179430,-2615.287842,-5.977010,1.122768,0.000000292,-0.000278711,3.141209364,1
212.230364,212.229430,-2616.148438,-5.976592,1.123008,0.000000349,-0.000278711,3.141002417,1
212.279929,212.279430,-2616.578613,-5.976280,1.123128,0.000000386,-0.000278711,3.140869379,1
212.329550,212.329430,-2617.439453,-5.975554,1.123368,0.000000405,-0.000278711,3.140800953,1
212.381115,212.379430,-2617.869873,-5.975223,1.123487,0.000000399,-0.000278711,3.140824556,1
212.429752,212.429430,-2618.730225,-5.974914,1.123727,0.000000245,-0.000278711,3.141375780,1
212.480813,212.479430,-2619.159912,-5.975030,1.123847,0.000000109,-0.000278711,-3.141322136,1
212.529944,212.529430,-2620.013184,-5.975789,1.124085,0.000000000,-0.000278711,-3.140595913,1
212.579079,212.579430,-2620.437256,-5.976313,1.124204,0.000000000,-0.000278711,-3.140354872,1
212.629184,212.629430,-2621.282959,-5.977785,1.124439,0.000000000,-0.000278711,-3.139664173,1
212.680232,212.679430,-2621.704834,-5.978678,1.124749,0.000272315,-0.000094533,-3.139461756,1
212.730353,212.729430,-2622.549072,-5.980495,1.124772,-0.000188552,0.000600219,-3.139414549,1
212.780922,212.779430,-2622.970215,-5.981263,1.124898,-0.000012251,-0.000074983,-3.139771223,1
212.829583,212.829430,-2623.812012,-5.982327,1.125143,0.000000718,0.000071883,-3.140558481,1
212.880163,212.879430,-2624.233398,-5.982635,1.125260,0.000000874,0.000161886,-3.140857935,1
212.929793,212.929430,-2625.078369,-5.982904,1.121842,-0.000632234,-0.001230121,-3.141240358,1
212.980830,212.979430,-2625.501709,-5.983072,1.125089,0.000020174,0.000212550,-3.141179800,1
213.029962,213.029430,-2626.350342,-5.983198,1.124969,-0.000000533,0.000277996,-3.141508818,1
213.080042,213.079430,-2626.775146,-5.983241,1.124851,-0.000000533,0.000277996,-3.141491652,1
213.130239,213.129430,-2627.626709,-5.982945,1.124615,-0.000000533,0.000277996,3.141088724,1
213.178796,213.179430,-2628.052979,-5.982668,1.124496,-0.000000533,0.000277996,3.140943766,1
213.230390,213.229430,-2628.905029,-5.982287,1.124259,-0.000000533,0.000277996,3.141183615,1
213.280947,213.279430,-2629.330566,-5.982060,1.124141,-0.000000533,0.000277996,3.141060591,1
213.329638,213.329430,-2630.182861,-5.981623,1.123904,-0.000000533,0.000277996,3.141124249,1
213.380213,213.379430,-2630.609619,-5.981426,1.123785,-0.000000533,0.000277996,3.141129971,1
213.428868,213.429430,-2631.464844,-5.981062,1.123548,-0.000000533,0.000277996,3.141150236,1
213.479913,213.479430,-2631.893066,-5.980899,1.123429,-0.000000533,0.000277996,3.141211271,1
213.530024,213.529430,-2632.750244,-5.980560,1.123190,-0.000000533,0.000277996,3.141160488,1
213.579155,213.579430,-2633.178955,-5.980430,1.123071,-0.000000533,0.000277996,3.141289234,1
213.629263,213.629430,-2634.037354,-5.980242,1.122833,-0.000000533,0.000277996,3.141395569,1
213.678849,213.679430,-2634.467041,-5.980123,1.122714,-0.000000533,0.000277996,3.141317606,1
213.729461,213.729430,-2635.326416,-5.980072,1.122437,-0.000000533,0.000268459,-3.141489506,1
213.780037,213.779430,-2635.756592,-5.980267,1.122354,-0.000002131,0.000097394,-3.141137838,1
213.829704,213.829430,-2636.616211,-5.980866,1.122115,-0.000000533,-0.000093579,-3.140903711,1
213.879779,213.879430,-2637.046143,-5.981095,1.122000,-0.000000533,-0.000182748,-3.141062737,1
213.930874,213.929430,-2637.905762,-5.981602,1.121786,0.000018487,-0.000376821,-3.140866995,1
213.978994,213.979430,-2638.335205,-5.981811,1.122106,0.000016932,-0.000283718,-3.141101599,1
214.031075,214.029430,-2639.194824,-5.981794,1.122352,-0.000000533,-0.000277758,3.141384602,1
214.080187,214.079430,-2639.625000,-5.981625,1.122472,-0.000000533,-0.000277758,3.141197443,1
214.130323,214.129430,-2640.484863,-5.980922,1.122711,-0.000000533,-0.000277758,3.140624762,1
214.179869,214.179430,-2640.915283,-5.980425,1.122830,-0.000000533,-0.000277758,3.140437126,1
214.229498,214.229430,-2641.773682,-5.979392,1.123069,-0.000000533,-0.000277758,3.140438318,1
214.281068,214.279430,-2642.201904,-5.978957,1.123188,-0.000000533,-0.000277758,3.140578508,1
214.329734,214.329430,-2643.058350,-5.978246,1.123425,-0.000000533,-0.000277758,3.140772343,1
214.379817,214.379430,-2643.486816,-5.977992,1.123545,-0.000000533,-0.000277758,3.140999794,1
214.429932,214.429430,-2644.344238,-5.977709,1.123783,-0.000000533,-0.000277758,3.141247988,1
214.479025,214.479430,-2644.772949,-5.977494,1.123902,-0.000000533,-0.000277758,3.141092539,1
214.531102,214.529430,-2645.630859,-5.977195,1.124140,-0.000000533,-0.000277758,3.141280890,1
214.579884,214.579430,-2646.059570,-5.977202,1.124259,-0.000000533,-0.000277758,-3.141574860,1
214.629005,214.629430,-2646.917969,-5.977524,1.124496,-0.000000533,-0.000277758,-3.141113043,1
214.680065,214.679430,-2647.347656,-5.977849,1.124971,0.000467097,0.001689434,-3.140818357,1
214.730188,214.729430,-2648.204590,-5.978828,1.124815,0.000016170,-0.000044227,-3.140387058,1
214.779797,214.779430,-2648.632080,-5.979331,1.124967,0.000006480,-0.000056624,-3.140418768,1
214.830378,214.829430,-2649.486816,-5.980166,1.125208,0.000000679,0.000121474,-3.140631199,1
214.879968,214.879430,-2649.914307,-5.980615,1.121091,0.000389657,-0.001390457,-3.140731335,1
214.929625,214.929430,-2650.770508,-5.981112,1.125201,0.000061677,0.000258923,-3.141003847,1
214.980207,214.979430,-2651.198975,-5.981282,1.125132,0.000012816,0.000277400,-3.141191244,1
215.029844,215.029430,-2652.055908,-5.981080,1.124897,-0.000000533,0.000276446,3.141190767,1
215.079886,215.079430,-2652.484619,-5.980835,1.124778,-0.000000533,0.000276446,3.141022444,1
215.130958,215.129430,-2653.343018,-5.980055,1.124541,-0.000000533,0.000276446,3.140531778,1
215.181050,215.179430,-2653.772461,-5.979539,1.124422,-0.000000533,0.000276446,3.140390396,1
215.230195,215.229430,-2654.629639,-5.978621,1.124185,-0.000000533,0.000276446,3.140599728,1
215.278805,215.279430,-2655.057373,-5.978198,1.124067,-0.000000533,0.000276446,3.140605211,1
215.330386,215.329430,-2655.912842,-5.977472,1.123831,-0.000000533,0.000276446,3.140724659,1
215.380941,215.379430,-2656.340820,-5.977065,1.123712,-0.000000533,0.000276446,3.140643835,1
215.430588,215.429430,-2657.197510,-5.976331,1.123474,-0.000000533,0.000276446,3.140794754,1
215.480204,215.479430,-2657.624023,-5.975966,1.123356,-0.000000533,0.000276446,3.140738010,1
215.529798,215.529430,-2658.471191,-5.975311,1.123122,-0.000000533,0.000276446,3.140828848,1
215.581021,215.579430,-2658.893066,-5.975080,1.123006,-0.000000533,0.000276446,3.141045809,1
215.628987,215.629430,-2659.735596,-5.974990,1.122773,-0.000000533,0.000276446,-3.141517878,1
215.679104,215.679430,-2660.156738,-5.975277,1.122656,-0.000000533,0.000276446,-3.140912533,1
215.730285,215.729430,-2661.000488,-5.976210,1.122502,-0.000037817,-0.000952840,-3.140312433,1
215.779795,215.779430,-2661.422119,-5.976828,1.122315,0.000005544,-0.001078129,-3.140125990,1
215.829858,215.829430,-2662.264893,-5.978390,1.122083,0.000000238,-0.001083732,-3.139651299,1
215.880018,215.879430,-2662.686768,-5.979273,1.121966,0.000000075,-0.001083732,-3.139501333,1
215.930112,215.929430,-2663.532959,-5.981035,1.124999,0.000017826,0.000164628,-3.139621973,1
215.980763,215.979430,-2663.956787,-5.981699,1.125125,0.000033901,0.000275373,-3.140013933,1
216.029837,216.029430,-2664.806885,-5.982659,1.124899,0.000000026,0.000275969,-3.140502930,1
216.079940,216.079430,-2665.232422,-5.983084,1.124781,0.000000001,0.000275969,-3.140594959,1
216.131010,216.129430,-2666.085205,-5.983598,1.124546,0.000000000,0.000275969,-3.141068220,1
216.179265,216.179430,-2666.512451,-5.983841,1.124428,0.000000013,0.000275969,-3.141021729,1
216.229841,216.229430,-2667.367188,-5.983970,1.124192,0.000000000,0.000275969,3.141561747,1
216.279957,216.279430,-2667.794922,-5.983886,1.124074,0.000000000,0.000275969,3.141396999,1
216.330044,216.329430,-2668.650879,-5.983305,1.123838,-0.000000000,0.000275969,3.140794039,1
216.380168,216.379430,-2669.079346,-5.982834,1.123720,0.000000000,0.000275969,3.140494108,1
216.428792,216.429430,-2669.936279,-5.981460,1.123484,0.000000000,0.000275969,3.139938354,1
216.479846,216.479430,-2670.364014,-5.980668,1.123366,0.000000000,0.000275969,3.139740229,1
216.529928,216.529430,-2671.215576,-5.978959,1.123129,0.000000010,0.000275969,3.139604092,1
216.579127,216.579430,-2671.640625,-5.978066,1.123012,0.000000000,0.000275969,3.139492273,1
216.630193,216.629430,-2672.490967,-5.976459,1.122778,0.000000086,0.000275969,3.139805555,1
216.681073,216.679430,-2672.916504,-5.975912,1.122660,0.000000225,0.000275969,3.140306234,1
216.730264,216.729430,-2673.766113,-5.975639,1.122404,-0.000013848,-0.000988126,-3.141586542,1
216.780820,216.779430,-2674.189941,-5.975748,1.122317,-0.000002663,-0.001079917,-3.141335964,1
216.829893,216.829430,-2675.037109,-5.976490,1.122084,0.000000000,-0.001084566,-3.140521526,1
216.880943,216.879430,-2675.461426,-5.977079,1.121967,-0.000000533,-0.001084566,-3.140205145,1
216.930069,216.929430,-2676.312500,-5.978607,1.125018,-0.000004794,0.000142813,-3.139678955,1
216.980162,216.979430,-2676.738281,-5.979572,1.125126,0.000031048,0.000266790,-3.139322996,1
217.029288,217.029430,-2677.592529,-5.981688,1.124899,0.000000358,0.000275373,-3.139156103,1
217.078950,217.079430,-2678.020020,-5.982693,1.124781,0.000000334,0.000275373,-3.139243364,1
217.130016,217.129430,-2678.875488,-5.984194,1.124545,0.000000093,0.000275373,-3.140118837,1
217.179228,217.179430,-2679.303711,-5.984628,1.124426,0.000000000,0.000275373,-3.140580177,1
217.229798,217.229430,-2680.158691,-5.984509,1.124191,0.000000000,0.000275373,3.140990257,1
217.279905,217.279430,-2680.585449,-5.983940,1.124073,0.000000000,0.000275373,3.140259266,1
217.330949,217.329430,-2681.439697,-5.982291,1.123838,-0.000000000,0.000275373,3.139414787,1
217.381039,217.379430,-2681.866699,-5.981225,1.123721,0.000000000,0.000275373,3.139098883,1
217.429852,217.429430,-2682.722168,-5.978876,1.123485,0.000000000,0.000275373,3.138784409,1
217.479112,217.479430,-2683.148438,-5.977582,1.123368,-0.000000000,0.000275373,3.138557911,1
217.530203,217.529430,-2683.995605,-5.975060,1.123133,0.000000019,0.000275373,3.138627529,1
217.579825,217.579430,-2684.417725,-5.973965,1.123017,0.000000121,0.000275373,3.138997078,1
217.629894,217.629430,-2685.261475,-5.972278,1.122785,0.000000351,0.000275373,3.139832020,1
217.681003,217.679430,-2685.683594,-5.971789,1.122669,0.000000517,0.000275373,3.140435934,1
217.730149,217.729430,-2686.527100,-5.971364,1.122405,0.000015064,-0.000970244,3.141407728,1
217.780772,217.779430,-2686.947998,-5.971567,1.122326,0.000004500,-0.001080394,-3.141112804,1
217.829870,217.829430,-2687.790283,-5.972372,1.122080,0.000000000,-0.001085281,-3.140469551,1
217.879016,217.879430,-2688.212158,-5.972964,1.121982,-0.000000533,-0.001085281,-3.140188456,1
217.930083,217.929430,-2689.058594,-5.974514,1.124979,-0.000069242,0.000134826,-3.139576435,1
217.979231,217.979430,-2689.482666,-5.975448,1.125142,-0.000015979,0.000267982,-3.139396667,1
218.029799,218.029430,-2690.333740,-5.977309,1.124918,0.000002054,0.000274897,-3.139395475,1
218.079903,218.079430,-2690.760010,-5.978301,1.124801,0.000002090,0.000274897,-3.139264584,1
218.129982,218.129430,-2691.613037,-5.979877,1.124566,0.000001901,0.000274897,-3.139950514,1
218.179196,218.179430,-2692.040039,-5.980456,1.124449,0.000001823,0.000274897,-3.140235424,1
218.229763,218.229430,-2692.892334,-5.981104,1.124215,0.000001587,0.000274897,-3.141096830,1
218.280072,218.279430,-2693.318115,-5.981162,1.124098,0.000001488,0.000274897,-3.141456366,1
218.329211,218.329430,-2694.169922,-5.980733,1.123863,0.000001239,0.000274897,3.140822172,1
218.379822,218.379430,-2694.596436,-5.980297,1.123745,0.000001169,0.000274897,3.140567541,1
218.429889,218.429430,-2695.450684,-5.979214,1.123510,0.000001098,0.000274897,3.140311718,1
218.481074,218.479430,-2695.877441,-5.978641,1.123393,0.000001081,0.000274897,3.140249014,1
218.530205,218.529430,-2696.729736,-5.977314,1.123159,0.000000993,0.000274897,3.139930248,1
218.579863,218.579430,-2697.155518,-5.976622,1.123042,0.000001003,0.000274897,3.139965773,1
218.629943,218.629430,-2698.008789,-5.975197,1.122807,0.000000977,0.000274897,3.139869213,1
218.680085,218.679430,-2698.435791,-5.974525,1.122690,0.000001018,0.000274897,3.140021086,1
218.730187,218.729430,-2699.288330,-5.973683,1.122405,-0.000050600,-0.000951409,3.140890598,1
218.780790,218.779430,-2699.713623,-5.973544,1.122344,-0.000004261,-0.001079798,3.141264200,1
218.830863,218.829430,-2700.564209,-5.973781,1.122115,-0.000000533,-0.001084804,-3.141031504,1
218.879034,218.879430,-2700.990234,-5.974211,1.121999,-0.000001065,-0.001084804,-3.140582800,1
218.930112,218.929430,-2701.843750,-5.975438,1.124815,-0.000157659,0.000054359,-3.139825106,1
218.980214,218.979430,-2702.270020,-5.976358,1.125148,0.000025719,0.000262618,-3.139423132,1
219.028836,219.029430,-2703.120605,-5.978237,1.124929,0.000003376,0.000273824,-3.139374495,1
219.080880,219.079430,-2703.545654,-5.979125,1.124813,0.000003341,0.000273824,-3.139502287,1
219.130997,219.129430,-2704.396484,-5.980354,1.124580,0.000003095,0.000273824,-3.140402794,1
219.181103,219.179430,-2704.822754,-5.980621,1.124463,0.000002940,0.000273824,-3.140967131,1
219.230252,219.229430,-2705.674072,-5.980746,1.124229,0.000000609,0.000274301,-3.141521454,1
219.280826,219.279430,-2706.099121,-5.980663,1.124112,0.000000536,0.000274301,3.141397715,1
219.329927,219.329430,-2706.949951,-5.980393,1.123879,0.000000494,0.000274301,3.141245604,1
219.381043,219.379430,-2707.376221,-5.980219,1.123762,0.000000478,0.000274301,3.141186237,1
219.430155,219.429430,-2708.229736,-5.979591,1.123528,0.000000378,0.000274301,3.140823126,1
219.480740,219.479430,-2708.656738,-5.979168,1.123411,0.000000318,0.000274301,3.140603065,1
219.529828,219.529430,-2709.512207,-5.978115,1.123176,0.000000245,0.000274301,3.140337229,1
219.579951,219.579430,-2709.940674,-5.977524,1.123058,0.000000211,0.000274301,3.140213728,1
219.630029,219.629430,-2710.797119,-5.976671,1.122823,0.000000352,0.000274301,3.140725851,1
219.681120,219.679430,-2711.225586,-5.976452,1.122706,0.000000450,0.000274301,3.141082287,1
219.730236,219.729430,-2712.080811,-5.976089,1.122397,-0.000010653,0.000384569,3.141110420,1
219.778866,219.779430,-2712.507324,-5.975865,1.122355,-0.000013316,0.000269055,3.141070604,1
219.829928,219.829430,-2713.360840,-5.975677,1.122125,-0.000011718,0.000175238,3.141409159,1
219.881003,219.879430,-2713.787842,-5.975674,1.122008,-0.000011718,0.000129938,3.141583920,1
219.930139,219.929430,-2714.643066,-5.975620,1.121426,-0.000062318,-0.000102997,-3.141499996,1
219.980250,219.979430,-2715.070557,-5.975685,1.121659,-0.000056459,-0.000002623,-3.141442537,1
220.029830,220.029430,-2715.924072,-5.976025,1.121668,-0.000040480,-0.000000477,-3.141051531,1
220.078953,220.079430,-2716.350586,-5.976347,1.121668,-0.000040480,-0.000000477,-3.140836477,1
220.130025,220.129430,-2717.204590,-5.977299,1.121669,-0.000040480,-0.000000477,-3.140390396,1
220.181120,220.179430,-2717.632324,-5.977832,1.121669,-0.000040480,-0.000000477,-3.140346289,1
220.229261,220.229430,-2718.487549,-5.979249,1.121669,-0.000040480,-0.000000477,-3.139800787,1
220.279862,220.279430,-2718.913574,-5.980056,1.121668,-0.000040480,-0.000000477,-3.139699936,1
220.329959,220.329430,-2719.764893,-5.981879,1.121669,-0.000040480,-0.000000477,-3.139466286,1
220.379093,220.379430,-2720.190674,-5.982632,1.121669,-0.000040480,-0.000000477,-3.139823437,1
220.430172,220.429430,-2721.043701,-5.983758,1.121669,-0.000040480,-0.000000477,-3.140437603,1
220.480009,220.479430,-2721.470215,-5.984033,1.121669,-0.000040480,-0.000000477,-3.140947580,1
220.530105,220.529430,-2722.321777,-5.984057,1.121669,-0.000040480,-0.000000477,3.141443968,1
220.579888,220.579430,-2722.747559,-5.983794,1.121669,-0.000040480,-0.000000477,3.140974522,1
220.629960,220.629430,-2723.600342,-5.982623,1.121670,-0.000040480,-0.000000477,3.139951944,1
220.680069,220.679430,-2724.027100,-5.981803,1.121670,-0.000040480,-0.000000477,3.139674664,1
220.730166,220.729430,-2724.880371,-5.980356,1.121613,-0.000051133,0.000060201,3.139951944,1
220.780254,220.779430,-2725.305664,-5.979734,1.121667,-0.000040480,0.000003815,3.140132427,1
220.829819,220.829430,-2726.154541,-5.979020,1.121669,-0.000041013,0.000001073,3.141010523,1
220.879916,220.879430,-2726.579346,-5.978981,1.121670,-0.000041013,0.000001073,3.141502619,1
220.930014,220.929430,-2727.429688,-5.979289,1.121590,-0.000042611,-0.000031829,-3.141025543,1
220.980149,220.979430,-2727.854980,-5.979638,1.121664,-0.000042078,-0.000001550,-3.140771389,1
221.030251,221.029430,-2728.700195,-5.980433,1.121668,-0.000042078,-0.000001550,-3.140624523,1
221.078889,221.079430,-2729.120605,-5.980776,1.121667,-0.000042078,-0.000001550,-3.140774727,1
221.130939,221.129430,-2729.958984,-5.981189,1.121667,-0.000042078,-0.000001550,-3.141178846,1
221.180089,221.179430,-2730.378174,-5.981321,1.121668,-0.000042078,-0.000001550,-3.141278267,1
221.230189,221.229430,-2731.217529,-5.981504,1.121668,-0.000042078,-0.000001550,-3.141479254,1
221.280806,221.279430,-2731.638184,-5.981517,1.121668,-0.000042078,-0.000001550,-3.141562223,1
221.329908,221.329430,-2732.482666,-5.981424,1.121668,-0.000042078,-0.000001550,3.141414165,1
221.380985,221.379430,-2732.906494,-5.981349,1.121669,-0.000042078,-0.000001550,3.141414165,1
221.430127,221.429430,-2733.756104,-5.981073,1.121669,-0.000042078,-0.000001550,3.141256571,1
221.480248,221.479430,-2734.182129,-5.980920,1.121668,-0.000042078,-0.000001550,3.141231060,1
221.529854,221.529430,-2735.033691,-5.980484,1.121668,-0.000042078,-0.000001550,3.141062737,1
221.579988,221.579430,-2735.459229,-5.980348,1.121669,-0.000042078,-0.000001550,3.141272783,1
221.629085,221.629430,-2736.311279,-5.980281,1.121669,-0.000042078,-0.000001550,-3.141539812,1
221.680143,221.679430,-2736.737793,-5.980363,1.121669,-0.000042078,-0.000001550,-3.141400337,1
221.730230,221.729430,-2737.591797,-5.980368,1.121670,-0.000042078,-0.000001550,-3.141578436,1
221.780783,221.779430,-2738.019043,-5.980313,1.121669,-0.000041013,0.000000596,3.141463518,1
221.829875,221.829430,-2738.874268,-5.980308,1.121668,-0.000041013,0.000000596,-3.141504526,1
221.879984,221.879430,-2739.302490,-5.980356,1.121668,-0.000041013,0.000000596,-3.141479492,1
221.931062,221.929430,-2740.159668,-5.980549,1.121616,-0.000040480,-0.000019670,-3.141283512,1
221.979867,221.979430,-2740.587646,-5.980740,1.121665,-0.000041013,-0.000000954,-3.141149282,1
222.029955,222.029430,-2741.441895,-5.981296,1.121667,-0.000041013,-0.000000954,-3.140816927,1
222.079080,222.079430,-2741.868408,-5.981721,1.121668,-0.000041013,-0.000000954,-3.140595913,1
222.130163,222.129430,-2742.722412,-5.982516,1.121667,-0.000041013,-0.000000954,-3.140755892,1
222.179788,222.179430,-2743.149658,-5.982686,1.121668,-0.000041013,-0.000000954,-3.141196251,1
222.230853,222.229430,-2744.004883,-5.982725,1.121668,-0.000041013,-0.000000954,3.141524076,1
222.279028,222.279430,-2744.433105,-5.982672,1.121668,-0.000041013,-0.000000954,3.141468525,1
222.330107,222.329430,-2745.290039,-5.982555,1.121668,-0.000041013,-0.000000954,3.141374588,1
222.380235,222.379430,-2745.718750,-5.982466,1.121669,-0.000041013,-0.000000954,3.141384840,1
222.429817,222.429430,-2746.576172,-5.982507,1.121668,-0.000041013,-0.000000954,-3.141510010,1
222.480915,222.479430,-2747.005371,-5.982602,1.121669,-0.000041013,-0.000000954,-3.141371250,1
222.531013,222.529430,-2747.863281,-5.982645,1.121668,-0.000041013,-0.000000954,-3.141542912,1
222.579248,222.579430,-2748.292480,-5.982621,1.121669,-0.000041013,-0.000000954,3.141538858,1
222.629812,222.629430,-2749.150879,-5.982146,1.121669,-0.000041013,-0.000000954,3.140784025,1
222.680922,222.679430,-2749.579834,-5.981683,1.121668,-0.000041013,-0.000000954,3.140512943,1
222.731010,222.729430,-2750.437988,-5.980594,1.121752,0.000008053,0.000801086,3.140283346,1
222.780160,222.779430,-2750.867676,-5.980142,1.121668,-0.000017044,0.000043154,3.140536308,1
222.830254,222.829430,-2751.723145,-5.979484,1.121680,-0.000017577,0.000011802,3.140889645,1
222.878864,222.879430,-2752.149414,-5.979213,1.121680,-0.000018109,0.000011802,3.140953541,1
222.929920,222.929430,-2753.001465,-5.978621,1.117878,0.000049581,-0.001443267,3.140752554,1
222.980027,222.979430,-2753.427490,-5.978387,1.121510,0.000020239,-0.000062823,3.141036034,1
223.030125,223.029430,-2754.280762,-5.978036,1.121641,0.000041662,-0.000000119,3.141140699,1
223.080264,223.079430,-2754.708008,-5.977904,1.121641,0.000041662,-0.000000119,3.141285896,1
223.129870,223.129430,-2755.563477,-5.977938,1.121641,0.000041662,-0.000000119,-3.141488075,1
223.179979,223.179430,-2755.991455,-5.977986,1.121641,0.000041662,-0.000000119,-3.141480684,1
223.230078,223.229430,-2756.849121,-5.978192,1.121641,0.000041662,-0.000000119,-3.141247511,1
223.279228,223.279430,-2757.278076,-5.978464,1.121641,0.000041662,-0.000000119,-3.140958071,1
223.329776,223.329430,-2758.135986,-5.978999,1.121641,0.000041662,-0.000000119,-3.140957117,1
223.380845,223.379430,-2758.564941,-5.979250,1.121641,0.000041662,-0.000000119,-3.141008139,1
223.429980,223.429430,-2759.423096,-5.979329,1.121642,0.000041662,-0.000000119,3.141558886,1
223.480086,223.479430,-2759.852051,-5.979349,1.121642,0.000041662,-0.000000119,-3.141543627,1
223.530186,223.529430,-2760.707764,-5.979672,1.121643,0.000041662,-0.000000119,-3.141088963,1
223.579833,223.579430,-2761.134521,-5.980011,1.121643,0.000041662,-0.000000119,-3.140799046,1
223.628935,223.629430,-2761.988037,-5.980696,1.121643,0.000041662,-0.000000119,-3.140831709,1
223.679048,223.679430,-2762.415283,-5.981025,1.121643,0.000041662,-0.000000119,-3.140824318,1
223.730115,223.729430,-2763.270996,-5.981541,1.121658,0.000037055,0.001621961,-3.141099215,1
223.780214,223.779430,-2763.698975,-5.981806,1.121562,0.000005274,0.000061870,-3.140953541,1
223.829790,223.829430,-2764.552979,-5.982451,1.121632,0.000019019,-0.000006318,-3.140733242,1
223.879922,223.879430,-2764.979980,-5.982821,1.121632,0.000017743,-0.000009537,-3.140722513,1
223.929991,223.929430,-2765.834717,-5.983266,1.118673,0.000000398,-0.001147747,-3.141142845,1
223.979136,223.979430,-2766.262451,-5.983408,1.121522,-0.000019707,-0.000060201,-3.141261339,1
224.029221,224.029430,-2767.118896,-5.983366,1.121666,-0.000039947,-0.000000596,3.141479254,1
224.080800,224.079430,-2767.547363,-5.983170,1.121666,-0.000039947,-0.000000596,3.141134024,1
224.129930,224.129430,-2768.404541,-5.982355,1.121667,-0.000039947,-0.000000596,3.140548468,1
224.180067,224.179430,-2768.833496,-5.981759,1.121667,-0.000039947,-0.000000596,3.140202522,1
224.230177,224.229430,-2769.691162,-5.980114,1.121668,-0.000039947,-0.000000596,3.139624834,1
224.279794,224.279430,-2770.118896,-5.979275,1.121668,-0.000039947,-0.000000596,3.139634132,1
224.329855,224.329430,-2770.971191,-5.977693,1.121668,-0.000039947,-0.000000596,3.139722109,1
224.380947,224.379430,-2771.396484,-5.976923,1.121669,-0.000039947,-0.000000596,3.139781237,1
224.431033,224.429430,-2772.247559,-5.975583,1.121669,-0.000039947,-0.000000596,3.140144587,1
224.479214,224.479430,-2772.673584,-5.975091,1.121669,-0.000039947,-0.000000596,3.140437841,1
224.529777,224.529430,-2773.527100,-5.974639,1.121669,-0.000039947,-0.000000596,3.141251802,1
224.579927,224.579430,-2773.954346,-5.974721,1.121669,-0.000039947,-0.000000596,-3.141400576,1
224.630018,224.629430,-2774.810303,-5.975491,1.121669,-0.000039947,-0.000000596,-3.140451193,1
224.680141,224.679430,-2775.238281,-5.976094,1.121669,-0.000039947,-0.000000596,-3.140182495,1
224.730224,224.729430,-2776.095459,-5.977720,1.121669,-0.000039947,-0.000000596,-3.139575481,1
224.779816,224.779430,-2776.524658,-5.978671,1.121669,-0.000039947,-0.000000596,-3.139375448,1
224.829895,224.829430,-2777.383789,-5.980721,1.121669,-0.000039947,-0.000000596,-3.139190674,1
224.879034,224.879430,-2777.813477,-5.981639,1.121670,-0.000039947,-0.000000596,-3.139453888,1
224.930106,224.929430,-2778.672363,-5.983006,1.121669,-0.000039947,-0.000000596,-3.140137434,1
224.980244,224.979430,-2779.102051,-5.983428,1.121616,-0.000041013,-0.000019670,-3.140610933,1
225.029881,225.029430,-2779.959961,-5.983271,1.121667,-0.000040480,-0.000001192,3.140987635,1
225.079154,225.079430,-2780.387451,-5.982765,1.121668,-0.000040480,-0.000001192,3.140407324,1
225.130077,225.129430,-2781.241211,-5.981220,1.121668,-0.000040480,-0.000001192,3.139578819,1
225.179275,225.179430,-2781.667969,-5.980220,1.121668,-0.000040480,-0.000001192,3.139250994,1
225.229834,225.229430,-2782.522949,-5.978053,1.121668,-0.000040480,-0.000001192,3.138981104,1
225.280934,225.279430,-2782.950684,-5.976855,1.121668,-0.000040480,-0.000001192,3.138788939,1
225.330059,225.329430,-2783.803955,-5.974660,1.121668,-0.000040480,-0.000001192,3.139169931,1
225.380219,225.379430,-2784.230469,-5.973725,1.121669,-0.000040480,-0.000001192,3.139401197,1
225.429827,225.429430,-2785.085205,-5.972099,1.121668,-0.000040480,-0.000001192,3.139787197,1
225.479903,225.479430,-2785.513184,-5.971506,1.121669,-0.000040480,-0.000001192,3.140207529,1
225.530981,225.529430,-2786.368652,-5.971186,1.121669,-0.000040480,-0.000001192,-3.141573429,1
225.579829,225.579430,-2786.796875,-5.971404,1.121669,-0.000040480,-0.000001192,-3.141085386,1
225.629895,225.629430,-2787.653076,-5.972661,1.121669,-0.000040480,-0.000001192,-3.139841080,1
225.680023,225.679430,-2788.081543,-5.973578,1.121669,-0.000040480,-0.000001192,-3.139450073,1
225.730116,225.729430,-2788.938965,-5.975924,1.121669,-0.000040480,-0.000001192,-3.138718367,1
225.779286,225.779430,-2789.367676,-5.977119,1.121722,-0.000110788,0.001287818,-3.138786793,1
225.829802,225.829430,-2790.222168,-5.979514,1.121666,-0.000037817,0.000003219,-3.138782024,1
225.879919,225.879430,-2790.647461,-5.980580,1.121668,-0.000041013,0.000001073,-3.139083624,1
225.930979,225.929430,-2791.496582,-5.982007,1.121669,-0.000041013,0.000001073,-3.140176058,1
225.980163,225.979430,-2791.921387,-5.982532,1.116483,-0.000066046,-0.001992345,-3.140593767,1
226.030246,226.029430,-2792.771729,-5.982730,1.121660,-0.000056459,-0.000005603,3.141561270,1
226.079982,226.079430,-2793.196289,-5.982609,1.121667,-0.000040480,-0.000000119,3.141307354,1
226.130020,226.129430,-2794.044678,-5.981845,1.121668,-0.000040480,-0.000000119,3.140475512,1
226.179207,226.179430,-2794.469238,-5.981328,1.121668,-0.000040480,-0.000000119,3.140374184,1
226.229789,226.229430,-2795.320312,-5.980268,1.121668,-0.000040480,-0.000000119,3.140246391,1
226.278918,226.279430,-2795.745605,-5.979690,1.121668,-0.000040480,-0.000000119,3.140232086,1
226.329994,226.329430,-2796.593750,-5.978641,1.121668,-0.000040480,-0.000000119,3.140369415,1
226.380124,226.379430,-2797.017334,-5.978167,1.121668,-0.000040480,-0.000000119,3.140470982,1
226.430218,226.429430,-2797.865479,-5.977326,1.121668,-0.000040480,-0.000000119,3.140596151,1
226.480822,226.479430,-2798.290527,-5.976975,1.121668,-0.000040480,-0.000000119,3.140768766,1
226.529933,226.529430,-2799.141846,-5.976506,1.121668,-0.000040480,-0.000000119,3.141088963,1
226.580058,226.579430,-2799.566895,-5.976426,1.121668,-0.000040480,-0.000000119,3.141402483,1
226.629152,226.629430,-2800.417236,-5.976347,1.121669,-0.000040480,-0.000000119,3.141538382,1
226.680207,226.679430,-2800.842773,-5.976441,1.121669,-0.000040480,-0.000000119,-3.141370058,1
226.729796,226.729430,-2801.694336,-5.977492,1.121669,-0.000040480,-0.000000119,-3.140058994,1
226.778874,226.779430,-2802.120850,-5.978323,1.121669,-0.000040480,-0.000000119,-3.139645100,1
226.829956,226.829430,-2802.974365,-5.979907,1.121675,-0.000030360,-0.000145912,-3.139818192,1
226.879059,226.879430,-2803.401611,-5.980513,1.121675,-0.000030360,-0.000194073,-3.140177250,1
226.930201,226.929430,-2804.256836,-5.981093,1.121676,-0.000029827,-0.000290155,-3.141152620,1
226.979829,226.979430,-2804.685303,-5.981068,1.121677,-0.000029827,-0.000338435,3.141533852,1
227.029924,227.029430,-2805.542236,-5.980591,1.122053,0.000000056,-0.000293970,3.140941858,1
227.079831,227.079430,-2805.971191,-5.980239,1.122179,0.000000145,-0.000292063,3.140775681,1
227.130894,227.129430,-2806.829834,-5.979554,1.122429,0.000000125,-0.000292063,3.140843153,1
227.180345,227.179430,-2807.259521,-5.979242,1.122555,0.000000117,-0.000292063,3.140871525,1
227.230122,227.229430,-2808.119385,-5.978741,1.122806,0.000000075,-0.000292063,3.141013861,1
227.280254,227.279430,-2808.549316,-5.978503,1.122932,0.000000069,-0.000292063,3.141037703,1
227.328856,227.329430,-2809.408936,-5.978418,1.123183,0.000000000,-0.000292063,-3.141560078,1
227.380952,227.379430,-2809.839111,-5.978549,1.123308,0.000000000,-0.000292063,-3.141288519,1
227.430186,227.429430,-2810.698975,-5.978930,1.123559,0.000000000,-0.000292063,-3.141080618,1
227.479841,227.479430,-2811.129395,-5.979250,1.123685,0.000000000,-0.000292063,-3.140847445,1
227.530895,227.529430,-2811.987793,-5.979781,1.123937,0.000000036,-0.000292063,-3.140971661,1
227.580110,227.579430,-2812.415771,-5.979990,1.124062,0.000000075,-0.000292063,-3.141104937,1
227.630162,227.629430,-2813.271729,-5.980353,1.124312,0.000000099,-0.000292063,-3.141186953,1
227.680259,227.679430,-2813.699951,-5.980419,1.124437,0.000000173,-0.000292063,-3.141439676,1
227.729847,227.729430,-2814.556885,-5.980317,1.124780,-0.000099602,0.002876282,3.141514301,1
227.778989,227.779430,-2814.985352,-5.980231,1.124767,-0.000013316,-0.000044584,3.141387224,1
227.831035,227.829430,-2815.842773,-5.979961,1.125062,0.000000807,0.000018120,3.141253948,1
227.879194,227.879430,-2816.271729,-5.979769,1.125187,0.000001106,0.000113964,3.141147137,1
227.930264,227.929430,-2817.130371,-5.979411,1.117116,-0.000349407,-0.002876282,3.141232491,1
227.978912,227.979430,-2817.560059,-5.979362,1.124974,-0.000071373,0.000167251,3.141506910,1
228.030969,228.029430,-2818.418457,-5.979296,1.125017,0.000001102,0.000290751,3.141467810,1
228.080122,228.079430,-2818.848145,-5.979247,1.124892,0.000001105,0.000290751,3.141479254,1
228.130218,228.129430,-2819.707764,-5.979087,1.124642,0.000001072,0.000290751,3.141365290,1
228.179824,228.179430,-2820.137695,-5.979028,1.124517,0.000001098,0.000290751,3.141453028,1
228.229908,228.229430,-2820.997070,-5.978833,1.124267,0.000001081,0.000290751,3.141396284,1
228.280216,228.279430,-2821.426758,-5.978750,1.124142,0.000001082,0.000290751,3.141398668,1
228.329814,228.329430,-2822.286133,-5.978885,1.123891,0.000001207,0.000290751,-3.141356230,1
228.378967,228.379430,-2822.716309,-5.979038,1.123766,0.000001242,0.000290751,-3.141236544,1
228.430036,228.429430,-2823.575684,-5.979789,1.123516,0.000001426,0.000290751,-3.140601397,1
228.480246,228.479430,-2824.005615,-5.980293,1.123391,0.000001479,0.000290751,-3.140419483,1
228.529869,228.529430,-2824.865479,-5.981298,1.123140,0.000001463,0.000290751,-3.140475512,1
228.580020,228.579430,-2825.295654,-5.981619,1.123015,0.000001355,0.000290751,-3.140845537,1
228.630072,228.629430,-2826.155273,-5.981954,1.122765,0.000001202,0.000290751,-3.141371965,1
228.680180,228.679430,-2826.585205,-5.981927,1.122662,0.000001991,0.002532601,3.141558886,1
228.730262,228.729430,-2827.445557,-5.981729,1.122390,0.000000268,0.000108719,3.141354322,1
228.779878,228.779430,-2827.875977,-5.981650,1.122264,0.000000786,0.000010729,3.141410112,1
228.831121,228.829430,-2828.736816,-5.981617,1.122015,0.000000920,-0.000182986,3.141590834,1
228.879089,228.879430,-2829.167236,-5.981663,1.116796,-0.000001065,-0.002236128,3.141424656,1
228.930152,228.929430,-2830.027344,-5.981704,1.122107,0.000014283,-0.000292420,-3.141349554,1
228.979278,228.979430,-2830.457520,-5.981972,1.122238,-0.000000533,-0.000291109,-3.140969515,1
229.028871,229.029430,-2831.317383,-5.982701,1.122488,-0.000000533,-0.000291109,-3.140692949,1
229.078988,229.079430,-2831.747803,-5.983163,1.122613,-0.000000533,-0.000291109,-3.140517473,1
229.130051,229.129430,-2832.608154,-5.984158,1.122864,-0.000000533,-0.000291109,-3.140357256,1
229.180158,229.179430,-2833.038330,-5.984768,1.122989,-0.000000533,-0.000291109,-3.140175343,1
229.230259,229.229430,-2833.898438,-5.985727,1.123239,-0.000000533,-0.000291109,-3.140625715,1
229.279855,229.279430,-2834.328369,-5.985967,1.123364,-0.000000533,-0.000291109,-3.141036034,1
229.329947,229.329430,-2835.188477,-5.986178,1.123615,-0.000000533,-0.000291109,-3.141414881,1
229.380042,229.379430,-2835.618408,-5.986094,1.123740,-0.000000533,-0.000291109,3.141397238,1
229.430139,229.429430,-2836.478271,-5.985746,1.123990,-0.000000533,-0.000291109,3.141099215,1
229.480236,229.479430,-2836.908447,-5.985502,1.124115,-0.000000533,-0.000291109,3.141024113,1
229.529812,229.529430,-2837.768311,-5.984740,1.124366,-0.000000533,-0.000291109,3.140641928,1
229.579012,229.579430,-2838.198730,-5.984289,1.124491,-0.000000533,-0.000291109,3.140542269,1
229.630061,229.629430,-2839.059326,-5.983140,1.124706,0.000022338,0.001122713,3.140286684,1
229.680176,229.679430,-2839.489258,-5.982716,1.124873,0.000004157,0.001074791,3.140603304,1
229.730247,229.729430,-2840.349365,-5.982248,1.125104,0.000007180,0.001074791,3.141168356,1
229.778866,229.779430,-2840.779541,-5.982096,1.125229,0.000007257,0.001074791,3.141240358,1
229.830907,229.829430,-2841.640137,-5.981805,1.121851,0.000006232,-0.000335097,3.141046524,1
229.879074,229.879430,-2842.069580,-5.981549,1.122071,-0.000009587,-0.000293493,3.140992880,1
229.930150,229.929430,-2842.925781,-5.981331,1.122324,0.000000185,-0.000290513,3.141400576,1
229.980259,229.979430,-2843.353760,-5.981349,1.122448,0.000000117,-0.000290513,-3.141550541,1
230.029831,230.029430,-2844.209717,-5.981811,1.122697,0.000000000,-0.000290513,-3.140872717,1
230.078980,230.079430,-2844.637939,-5.982179,1.122821,-0.000000000,-0.000290513,-3.140734196,1
230.130052,230.129430,-2845.493164,-5.983002,1.123069,0.000000000,-0.000290513,-3.140535116,1
230.180186,230.179430,-2845.919678,-5.983406,1.123193,0.000000032,-0.000290513,-3.140645981,1
230.229774,230.229430,-2846.772461,-5.984038,1.123441,0.000000134,-0.000290513,-3.140997410,1
230.279879,230.279430,-2847.199219,-5.984101,1.123565,0.000000265,-0.000290513,-3.141445398,1
230.329987,230.329430,-2848.053467,-5.983716,1.123813,0.000000468,-0.000290513,3.141037703,1
230.380277,230.379430,-2848.479736,-5.983376,1.123937,0.000000539,-0.000290513,3.140792847,1
230.430213,230.429430,-2849.331543,-5.982267,1.124184,0.000000716,-0.000290513,3.140186787,1
230.479954,230.479430,-2849.758057,-5.981608,1.124307,0.000000756,-0.000290513,3.140048504,1
230.530051,230.529430,-2850.612061,-5.980323,1.124651,0.000101708,0.000749946,3.140105963,1
230.580199,230.579430,-2851.039307,-5.979839,1.124995,-0.000410127,0.003202796,3.140374184,1
230.629766,230.629430,-2851.891602,-5.979305,1.124926,0.000002559,-0.000080109,3.141068220,1
230.679902,230.679430,-2852.317383,-5.979173,1.125050,-0.000000533,0.000007987,3.141280890,1
230.730279,230.729430,-2853.170654,-5.979268,1.123761,0.000068855,-0.000408411,-3.141365528,1
230.780106,230.779430,-2853.598389,-5.979433,1.116365,-0.000001065,-0.003187775,-3.141108274,1
230.830192,230.829430,-2854.453125,-5.980535,1.125142,0.000020752,0.000283360,-3.140077114,1
230.878812,230.879430,-2854.880615,-5.981215,1.125035,0.000004125,0.000289798,-3.139997482,1
230.929875,230.929430,-2855.736572,-5.982827,1.124787,0.000001322,0.000289798,-3.139643669,1
230.979034,230.979430,-2856.164551,-5.983600,1.124663,0.000001281,0.000289798,-3.139788151,1
231.030128,231.029430,-2857.020508,-5.984678,1.124415,0.000001054,0.000289798,-3.140571117,1
231.079296,231.079430,-2857.446533,-5.984910,1.124292,0.000000916,0.000289798,-3.141046762,1
231.129844,231.129430,-2858.293945,-5.984681,1.124046,0.000000593,0.000289798,3.141025305,1
231.179036,231.179430,-2858.716064,-5.984106,1.123924,0.000000363,0.000289798,3.140230417,1
231.230119,231.229430,-2859.560303,-5.982412,1.123680,0.000000135,0.000289798,3.139441252,1
231.279301,231.279430,-2859.982666,-5.981481,1.123558,0.000000119,0.000289798,3.139387608,1
231.329834,231.329430,-2860.826904,-5.979510,1.123313,0.000000103,0.000289798,3.139333010,1
231.379967,231.379430,-2861.248291,-5.978592,1.123191,0.000000127,0.000289798,3.139414787,1
231.430048,231.429430,-2862.092529,-5.977049,1.122948,0.000000265,0.000289798,3.139890671,1
231.480186,231.479430,-2862.515625,-5.976439,1.122825,0.000000340,0.000289798,3.140150309,1
231.529833,231.529430,-2863.363037,-5.975765,1.122579,0.000000580,0.000289798,3.140980482,1
231.579923,231.579430,-2863.786377,-5.975658,1.122456,-0.000000533,0.000162363,3.141340256,1
231.629015,231.629430,-2864.633057,-5.975880,1.122213,-0.000000533,-0.000028253,-3.141191006,1
231.680096,231.679430,-2865.057129,-5.976176,1.122091,-0.000001065,-0.000122547,-3.140895367,1
231.730176,231.729430,-2865.907471,-5.977073,1.121851,-0.000012251,-0.000309825,-3.140466452,1
231.780247,231.779430,-2866.333252,-5.977695,1.122030,-0.000000533,-0.000290155,-3.140131950,1
231.829834,231.829430,-2867.186279,-5.979022,1.122278,-0.000000533,-0.000290155,-3.140094757,1
231.878939,231.879430,-2867.613037,-5.979540,1.122402,-0.000000533,-0.000290155,-3.140378475,1
231.930017,231.929430,-2868.468262,-5.980454,1.122649,-0.000000533,-0.000290155,-3.140550852,1
231.979731,231.979430,-2868.896484,-5.980771,1.122773,-0.000000533,-0.000290155,-3.140854359,1
232.029781,232.029430,-2869.752686,-5.980794,1.123021,-0.000000533,-0.000290155,3.141447783,1
232.079898,232.079430,-2870.181152,-5.980711,1.123145,-0.000000533,-0.000290155,3.141397238,1
232.130004,232.129430,-2871.037354,-5.980124,1.123392,-0.000000533,-0.000290155,3.140771389,1
232.180150,232.179430,-2871.465820,-5.979665,1.123517,-0.000000533,-0.000290155,3.140521288,1
232.230211,232.229430,-2872.322998,-5.978868,1.123764,-0.000000533,-0.000290155,3.140853643,1
232.279837,232.279430,-2872.751465,-5.978741,1.123888,-0.000000533,-0.000290155,3.141297102,1
232.329950,232.329430,-2873.608887,-5.978652,1.124136,-0.000000533,-0.000290155,3.141483545,1
232.380054,232.379430,-2874.038086,-5.978662,1.124260,-0.000000533,-0.000290155,-3.141569138,1
232.430140,232.429430,-2874.896484,-5.978674,1.124508,-0.000000533,-0.000290155,3.141572237,1
232.480280,232.479430,-2875.325928,-5.978699,1.124661,-0.000017577,0.002568364,-3.141479254,1
232.528862,232.529430,-2876.185547,-5.978768,1.124869,0.000000000,0.001078129,3.141577005,1
232.579027,232.579430,-2876.615234,-5.978753,1.124994,0.000001195,0.001075983,3.141556501,1
232.630076,232.629430,-2877.474609,-5.978599,1.125243,0.000001024,0.001075983,3.141397238,1
232.680239,232.679430,-2877.904297,-5.978394,1.118038,0.000166092,-0.001751542,3.141377449,1
232.729848,232.729430,-2878.762939,-5.978436,1.122081,-0.000013848,-0.000289440,-3.141525984,1
232.778984,232.779430,-2879.190674,-5.978465,1.122209,0.000000092,-0.000288844,-3.141522884,1
232.830056,232.829430,-2880.043701,-5.978751,1.122455,0.000000000,-0.000288844,-3.141109467,1
232.880163,232.879430,-2880.469971,-5.979042,1.122578,-0.000000000,-0.000288844,-3.140908957,1
232.930269,232.929430,-2881.323730,-5.979895,1.122825,-0.000000000,-0.000288844,-3.140463829,1
232.978886,232.979430,-2881.750488,-5.980389,1.122948,0.000000000,-0.000288844,-3.140434742,1
233.029952,233.029430,-2882.602783,-5.981496,1.123194,0.000000000,-0.000288844,-3.140261650,1
233.080081,233.079430,-2883.029053,-5.982021,1.123317,0.000000029,-0.000288844,-3.140362024,1
233.130176,233.129430,-2883.882324,-5.982777,1.123564,0.000000149,-0.000288844,-3.140777111,1
233.179295,233.179430,-2884.309814,-5.983052,1.123687,0.000000199,-0.000288844,-3.140949249,1
233.228885,233.229430,-2885.163330,-5.983325,1.123934,0.000000300,-0.000288844,-3.141299725,1
233.278999,233.279430,-2885.589355,-5.983281,1.124057,0.000000414,-0.000288844,3.141489506,1
233.330086,233.329430,-2886.441406,-5.982691,1.124302,0.000000642,-0.000288844,3.140699148,1
233.380191,233.379430,-2886.868408,-5.982172,1.124425,0.000000736,-0.000288844,3.140375376,1
233.429788,233.429430,-2887.723389,-5.980924,1.124834,0.000108204,0.002900839,3.139934540,1
233.479897,233.479430,-2888.150146,-5.980215,1.124791,-0.000021838,0.001090884,3.139930487,1
233.530987,233.529430,-2889.002686,-5.978728,1.125049,-0.000003196,0.001076460,3.139843702,1
233.580164,233.579430,-2889.429199,-5.977996,1.125153,-0.000006392,0.001077056,3.139873028,1
233.630215,233.629430,-2890.284424,-5.976410,1.115821,0.000109241,-0.002585649,3.140060425,1
233.679829,233.679430,-2890.712158,-5.975917,1.121783,-0.000011718,-0.000379562,3.140450478,1
233.729927,233.729430,-2891.567627,-5.975517,1.122241,0.000000321,-0.000288248,3.141351700,1
233.780058,233.779430,-2891.996094,-5.975575,1.122364,0.000000213,-0.000288248,-3.141458750,1
233.830155,233.829430,-2892.853760,-5.975973,1.122611,0.000000069,-0.000288248,-3.140961647,1
233.878776,233.879430,-2893.282715,-5.976343,1.122735,0.000000003,-0.000288248,-3.140730381,1
233.929877,233.929430,-2894.140869,-5.977551,1.122983,0.000000000,-0.000288248,-3.140081882,1
233.979997,233.979430,-2894.569824,-5.978346,1.123106,0.000000000,-0.000288248,-3.139738083,1
234.030114,234.029430,-2895.428467,-5.980055,1.123354,0.000000060,-0.000288248,-3.139706612,1
234.079259,234.079430,-2895.857178,-5.980803,1.123477,0.000000101,-0.000288248,-3.139846563,1
234.129856,234.129430,-2896.714844,-5.981904,1.123724,0.000000282,-0.000288248,-3.140474319,1
234.179938,234.179430,-2897.144287,-5.982264,1.123848,0.000000363,-0.000288248,-3.140754461,1
234.230047,234.229430,-2898.002686,-5.982268,1.124096,0.000000717,-0.000288248,3.141202211,1
234.280159,234.279430,-2898.431885,-5.981824,1.124219,0.000000902,-0.000288248,3.140558243,1
234.330247,234.329430,-2899.290527,-5.980489,1.124467,0.000001079,-0.000288248,3.139943600,1
234.379855,234.379430,-2899.719971,-5.979730,1.124846,0.000279934,0.001678347,3.139638186,1
234.430923,234.429430,-2900.578613,-5.978184,1.124824,-0.000009055,0.001078129,3.139919043,1
234.480093,234.479430,-2901.008057,-5.977589,1.124948,-0.000008522,0.001078129,3.140203476,1
234.530179,234.529430,-2901.867432,-5.976574,1.125196,-0.000008522,0.001078129,3.140511751,1
234.579822,234.579430,-2902.297119,-5.976097,1.120577,0.000322959,-0.000758648,3.140910149,1
234.629892,234.629430,-2903.156494,-5.975821,1.122039,-0.000003196,-0.000287414,3.141342640,1
234.679052,234.679430,-2903.585205,-5.975876,1.122163,-0.000003196,-0.000287414,-3.141463280,1
234.730122,234.729430,-2904.441406,-5.976592,1.122409,-0.000003196,-0.000287414,-3.140530109,1
234.780224,234.779430,-2904.869873,-5.977205,1.122532,-0.000003196,-0.000287414,-3.140162230,1
234.829850,234.829430,-2905.727783,-5.978786,1.122779,-0.000003196,-0.000287414,-3.139563799,1
234.878968,234.879430,-2906.156494,-5.979661,1.122902,-0.000003196,-0.000287414,-3.139553785,1
234.930040,234.929430,-2907.014404,-5.981265,1.123148,-0.000003196,-0.000287414,-3.139829874,1
234.980178,234.979430,-2907.443359,-5.981983,1.123272,-0.000003196,-0.000287414,-3.139919043,1
235.030268,235.029430,-2908.302002,-5.983159,1.123519,-0.000003196,-0.000287414,-3.140313864,1
235.079872,235.079430,-2908.731689,-5.983650,1.123642,-0.000003196,-0.000287414,-3.140448570,1
235.129983,235.129430,-2909.591064,-5.984048,1.123890,-0.000000533,-0.000287414,-3.141379118,1
235.180096,235.179430,-2910.020752,-5.983884,1.124014,-0.000000533,-0.000287414,3.141210556,1
235.230172,235.229430,-2910.880127,-5.982714,1.124261,-0.000000533,-0.000287414,3.139864683,1
235.278804,235.279430,-2911.309814,-5.981745,1.124384,-0.000000533,-0.000287414,3.139337540,1
235.330858,235.329430,-2912.169678,-5.979486,1.124659,0.000015996,0.002474069,3.138923407,1
235.379056,235.379430,-2912.598389,-5.978392,1.124716,-0.000004261,0.001130342,3.139043808,1
235.430129,235.429430,-2913.451172,-5.976274,1.124989,-0.000000533,0.001077056,3.139139175,1
235.480247,235.479430,-2913.876709,-5.975353,1.125111,-0.000000000,0.001077056,3.139426231,1
235.529820,235.529430,-2914.727783,-5.974251,1.118931,-0.000001065,-0.001388788,3.140359402,1
235.580121,235.579430,-2915.154053,-5.973979,1.121848,0.000000115,-0.000333428,3.140950203,1
235.629774,235.629430,-2916.006836,-5.974233,1.122195,0.000000042,-0.000286818,-3.140878916,1
235.678925,235.679430,-2916.433350,-5.974814,1.122317,0.000000000,-0.000286818,-3.140232086,1
235.730019,235.729430,-2917.288086,-5.976419,1.122562,0.000000000,-0.000286818,-3.139608383,1
235.780132,235.779430,-2917.715820,-5.977319,1.122685,0.000000000,-0.000286818,-3.139490128,1
235.830211,235.829430,-2918.572998,-5.979235,1.122931,0.000000000,-0.000286818,-3.139340639,1
235.878830,235.879430,-2919.001709,-5.980089,1.123054,0.000000074,-0.000286818,-3.139600039,1
235.929903,235.929430,-2919.859375,-5.981188,1.123299,0.000000337,-0.000286818,-3.140516758,1
235.980082,235.979430,-2920.288330,-5.981452,1.123423,0.000000470,-0.000286818,-3.140979290,1
